账户ID,钱包余额,SN,操作类型,操作金额,备注,操作时间,操作人员
olAFl62kLrs3SC756f7hB-8eNQ2c,0.00,67002447026582	,用户提现,49.00,用户提现-退费单RF2026072115191127461,2026-07-21 15:19:30,用户提现,
olAFl62kLrs3SC756f7hB-8eNQ2c,49.00,67002447026582	,订单退费转入,49.00,工单系统流量套餐退款,2026-07-21 15:19:11,SYS,
olAFl64y3OUtqMdUNivP4bi5vu6c,0.00,35682233049456	,用户提现,121.00,用户提现-退费单RF2026072115020456438,2026-07-21 15:03:05,用户提现,
olAFl64y3OUtqMdUNivP4bi5vu6c,121.00,35682233049456	,订单退费转入,121.00,系统处理工单时转移用户余额，订单号=WS2026050822524033234,2026-07-21 15:02:05,SYS,
olAFl61hljT1O7chXDaPlmANe3go,0.00,68772612329276	,用户提现,167.00,用户提现-退费单RF2026051020423776,2026-07-21 14:56:20,用户提现,
ojb7F2OycXEsluLV2R4s9a9lHza4,0.00,69212606156758	,用户提现,29.00,用户提现-退费单RF2026072114442168490,2026-07-21 14:46:59,用户提现,
ojb7F2OycXEsluLV2R4s9a9lHza4,29.00,69212606156758	,订单退费转入,29.00,工单系统流量套餐退款,2026-07-21 14:44:22,SYS,
olAFl6xCuQtNPnrcGyHbE2cmE1cQ,0.00,69212537029764	,用户提现,166.60,用户提现-退费单RF2026072114380498848,2026-07-21 14:38:37,用户提现,
olAFl6xCuQtNPnrcGyHbE2cmE1cQ,166.60,69212537029764	,订单退费转入,166.60,系统处理工单时转移用户余额，订单号=WS2026062000251900345,2026-07-21 14:38:05,SYS,
olAFl6--_G0roVWRgOVzKBb4fZeY,0.00,60912414082760	,用户提现,69.00,用户提现-退费单RF2026072114185896092,2026-07-21 14:25:58,用户提现,
ojb7F2LN4ddwHXkMp9zRgLHjkpF0,0.00,68772522027843	,用户提现,100.00,用户提现-退费单RF2026072114200177697,2026-07-21 14:21:52,用户提现,
ojb7F2LN4ddwHXkMp9zRgLHjkpF0,100.00,68772522027843	,订单退费转入,100.00,系统处理工单时转移用户余额，订单号=WN2026072112525149040,2026-07-21 14:20:02,SYS,
olAFl6--_G0roVWRgOVzKBb4fZeY,69.00,60912414082760	,订单退费转入,69.00,工单系统流量套餐退款,2026-07-21 14:18:59,SYS,
o2uAP69Y5tNTS0leDgrxQj_lhIkA,0.00,90462832	,用户提现,85.00,用户提现-退费单RF2026072114052266970,2026-07-21 14:09:56,用户提现,
o2uAP69Y5tNTS0leDgrxQj_lhIkA,85.00,90462832	,订单退费转入,85.00,工单系统流量套餐退款,2026-07-21 14:05:23,SYS,
ojb7F2L77s_Qtgrk4qgGzTtVXZbs,0.00,69212621217850	,用户提现,320.00,用户提现-退费单RF2026072009204898885,2026-07-21 14:03:18,用户提现,
olAFl62xC6r2kPolK24ST0pMkeUo,0.00,70032617029570	,用户提现,109.00,用户提现-退费单RF2026072113404109881,2026-07-21 13:43:50,用户提现,
olAFl62xC6r2kPolK24ST0pMkeUo,109.00,70032617029570	,订单退费转入,109.00,工单系统流量套餐退款,2026-07-21 13:40:41,SYS,
olAFl658u9gwRAsh8VQwZQuio-bI,0.00,68772543149826	,用户提现,102.40,用户提现-退费单RF2026071914535657073,2026-07-21 13:40:01,用户提现,
olAFl6-jB-B95QUcz4tp0iuz_eQQ,0.00,69212602144143	,用户提现,89.90,用户提现-退费单RF2026072113360510475,2026-07-21 13:36:52,用户提现,
olAFl6-jB-B95QUcz4tp0iuz_eQQ,89.90,69212602144143	,订单退费转入,89.90,系统处理工单时转移用户余额，订单号=WS2026032022340235759,2026-07-21 13:36:05,SYS,
olAFl64D4HwfUjEGFNrhhx6s33qw,0.00,67512535272817	,用户提现,66.60,用户提现-退费单RF2026072113334958260,2026-07-21 13:34:49,用户提现,
olAFl64D4HwfUjEGFNrhhx6s33qw,66.60,67512535272817	,订单退费转入,66.60,系统处理工单时转移用户余额，订单号=WS2025120312145490024,2026-07-21 13:33:50,SYS,
o2uAP6zx_z0-fz2QaW6Rr2QJnjCE,0.00,86350254	,用户提现,199.00,用户提现-退费单RF2026072113311961774,2026-07-21 13:32:32,用户提现,
o2uAP6zx_z0-fz2QaW6Rr2QJnjCE,199.00,86350254	,订单退费转入,199.00,工单系统流量套餐退款,2026-07-21 13:31:20,SYS,
olAFl696IeQQwlu_k2uQPxpHKvHs,0.00,67002535359002	,用户提现,102.80,用户提现-退费单RF2026072113240874582,2026-07-21 13:25:09,用户提现,
olAFl696IeQQwlu_k2uQPxpHKvHs,102.80,67002535359002	,订单退费转入,102.80,系统处理工单时转移用户余额，订单号=WS2025111209225513899,2026-07-21 13:24:09,SYS,
olAFl62029gu44Toi6H6s6uT9YwQ,0.00,69212606159487	,用户提现,40.00,用户提现-退费单RF2026072113161249925,2026-07-21 13:16:49,用户提现,
olAFl62029gu44Toi6H6s6uT9YwQ,40.00,69212606159487	,订单退费转入,40.00,系统处理工单时转移用户余额，订单号=WN2026031514400089531,2026-07-21 13:16:13,SYS,
olAFl67GAy1Vgs8pgqE3fmdKjcbs,0.00,68772537090862	,用户提现,1.20,用户提现-退费单RF2026072113081635344,2026-07-21 13:10:02,用户提现,
olAFl67GAy1Vgs8pgqE3fmdKjcbs,1.20,68772537090862	,订单退费转入,1.20,系统处理工单时转移用户余额，订单号=WS2025100207153462275,2026-07-21 13:08:16,SYS,
o2uAP659Z5UoyDOkpK7aSQ0FYk_8,0.00,328813559	,用户提现,219.00,用户提现-退费单RF2026072103150325114,2026-07-21 12:36:35,用户提现,
olAFl62-2G8W8PxEQJSnOF5diHGA,0.00,69212621220708	,用户提现,179.00,用户提现-退费单RF2026072003150387247,2026-07-21 12:35:53,用户提现,
ojb7F2J6yDJCA4P6hxuh4GCtjO9U,0.00,70032627110271	,用户提现,29.00,用户提现-退费单RF2026072112283237495,2026-07-21 12:35:11,用户提现,
olAFl69-4t4wTWojK_WMjvKrXMhM,0.00,864665060528416	,用户提现,479.00,用户提现-退费单RF2026072112305088484,2026-07-21 12:32:58,用户提现,
olAFl69-4t4wTWojK_WMjvKrXMhM,479.00,864665060528416	,订单退费转入,479.00,工单系统流量套餐退款 本单会员价格20.00元，不能退款,2026-07-21 12:30:51,SYS,
ojb7F2J6yDJCA4P6hxuh4GCtjO9U,29.00,70032627110271	,订单退费转入,29.00,工单系统流量套餐退款,2026-07-21 12:28:32,SYS,
olAFl60n0V8BdIkaykPBZs47vOgA,0.00,63272414006119	,用户提现,23.30,用户提现-退费单RF2026071703150772898,2026-07-21 12:20:36,用户提现,
olAFl63BFXrMGkHdxuhkHFkLTfwg,0.00,67482503245613	,用户提现,140.40,用户提现-退费单RF2026072112183628928,2026-07-21 12:19:31,用户提现,
olAFl63BFXrMGkHdxuhkHFkLTfwg,140.40,67482503245613	,订单退费转入,140.40,系统处理工单时转移用户余额，订单号=WS2026071613005043458,2026-07-21 12:18:36,SYS,
olAFl6_r4PVtGgBGkq1suAVUuC8s,0.00,69142529004376	,用户提现,2.00,用户提现-退费单RF2026072111362710976,2026-07-21 12:08:24,用户提现,
olAFl633LXyGiX6IouvSkXgdFpHM,0.00,69212612175064	,用户提现,8.40,用户提现-退费单RF2026071403150242725,2026-07-21 11:56:26,用户提现,
olAFl66OjRHTqNNvrwiHdN9T-KGY,27.60,67002509220257	,订单退费转入,27.60,工单系统流量套餐退款 本单会员价格20.00元，不能退款,2026-07-21 11:44:26,SYS,
olAFl6_r4PVtGgBGkq1suAVUuC8s,2.00,69142529004376	,订单退费转入,2.00,系统处理工单时转移用户余额，订单号=WS2025120216512899429,2026-07-21 11:36:27,SYS,
olAFl693KnEorUSF3DjDTH9C0dRY,0.00,69212621221407	,用户提现,172.20,用户提现-退费单RF2026072111331307046,2026-07-21 11:34:49,用户提现,
olAFl693KnEorUSF3DjDTH9C0dRY,172.20,69212621221407	,订单退费转入,172.20,系统处理工单时转移用户余额，订单号=WS2026062200244694049,2026-07-21 11:33:13,SYS,
ojb7F2G698u6tfyOCrTO2sF2p2iM,0.00,70032617031789	,用户提现,168.00,用户提现-退费单RF2026072111293528998,2026-07-21 11:29:58,用户提现,
ojb7F2G698u6tfyOCrTO2sF2p2iM,168.00,70032617031789	,订单退费转入,168.00,工单系统流量套餐退款,2026-07-21 11:29:35,SYS,
olAFl6_EJbeA2O9ZrlcCirEj-vEo,0.00,67512445099522	,用户提现,100.00,用户提现-退费单RF2026072111133232867,2026-07-21 11:15:19,用户提现,
olAFl6_EJbeA2O9ZrlcCirEj-vEo,100.00,67512445099522	,订单退费转入,100.00,系统处理工单时转移用户余额，订单号=WN2026072111063501413,2026-07-21 11:13:32,SYS,
ojb7F2Ek9gOhoXuJIWckvClH4YnQ,0.00,69142620027172	,用户提现,100.00,用户提现-退费单RF2026072110470367924,2026-07-21 10:47:26,用户提现,
ojb7F2Ek9gOhoXuJIWckvClH4YnQ,100.00,69142620027172	,订单退费转入,100.00,系统处理工单时转移用户余额，订单号=WN2026071914382084473,2026-07-21 10:47:04,SYS,
ojb7F2LkQUnq1xRUK57guDRNKtdA,0.00,69212544103774	,用户提现,109.00,用户提现-退费单RF2026071916260439166,2026-07-21 10:22:26,用户提现,
ojb7F2BkgwfsMje0oAhIUKExWjmw,0.00,69212538043238	,用户提现,121.20,用户提现-退费单RF2026072109571334022,2026-07-21 10:16:51,用户提现,
odELQ6hjVVwJoTk6JIi7zNGVxhPw,0.00,67872502006543	,用户提现,12.00,用户提现-退费单RF2026072110074703778,2026-07-21 10:11:16,用户提现,
odELQ6hjVVwJoTk6JIi7zNGVxhPw,12.00,67872502006543	,订单退费转入,12.00,工单系统流量套餐退款 组合支付：微信退费 12.00,2026-07-21 10:07:47,SYS,
olAFl6_Xg0zF8bIQ_XNxXG6pUU4c,0.00,67492602588763	,用户提现,142.10,用户提现-退费单RF2026071003155135967,2026-07-21 10:02:32,用户提现,
ojb7F2BkgwfsMje0oAhIUKExWjmw,121.20,69212538043238	,订单退费转入,121.20,系统处理工单时转移用户余额，订单号=WS2026070514212714475,2026-07-21 09:57:13,SYS,
ojb7F2CMHW3UNRE_mRbNPeOACT2c,0.00,69212621226387	,用户提现,141.20,用户提现-退费单RF2026072109552035176,2026-07-21 09:56:01,用户提现,
ojb7F2CMHW3UNRE_mRbNPeOACT2c,141.20,69212621226387	,订单退费转入,141.20,系统处理工单时转移用户余额，订单号=WS2026071116252142467,2026-07-21 09:55:20,SYS,
olAFl65dOYEjUPQH8iDVPvCTqlI8,0.00,864665063278936	,用户提现,134.20,用户提现-退费单RF2026071409392671811,2026-07-21 09:49:27,用户提现,
olAFl6xCzdLZKyoHJAAn0DeO4Z8U,0.00,67002447035854	,用户提现,271.90,用户提现-退费单RF2026072109345761983,2026-07-21 09:35:35,用户提现,
olAFl6xCzdLZKyoHJAAn0DeO4Z8U,271.90,67002447035854	,订单退费转入,271.90,系统处理工单时转移用户余额，订单号=WS2026052207452484867,2026-07-21 09:34:58,SYS,
odELQ6ojf7R-0A7_30Fkim9iR_sE,59.00,67682451004132	,订单退费转入,59.00,工单系统流量套餐退款,2026-07-21 09:34:04,SYS,
o2uAP6_0oK2hr4Iy_Xervas9hf70,0.00,328804861	,用户提现,49.00,用户提现-退费单RF2026072109220078683,2026-07-21 09:30:26,用户提现,
o2uAP6_0oK2hr4Iy_Xervas9hf70,49.00,328804861	,订单退费转入,49.00,工单系统审核退费单-套餐已作废/钱包已清零,2026-07-21 09:29:07,SYS,
olAFl6wi_nSWNKcanmVMCjILSyMk,0.00,69212602144298	,用户提现,26.20,用户提现-退费单RF2026072109110949873,2026-07-21 09:26:43,用户提现,
olAFl6wi_nSWNKcanmVMCjILSyMk,26.20,69212602144298	,订单退费转入,26.20,系统处理工单时转移用户余额，订单号=WS2026062212473537947,2026-07-21 09:11:10,SYS,
olAFl68_RIiuZpYq2lZDHnbFjPmw,0.00,67492445342004	,用户提现,106.00,用户提现-退费单RF2026072103150330059,2026-07-21 09:07:41,用户提现,
ojb7F2K52rGZu-5EjWiCsuZRlOK0,138.00,69142621045030	,订单退费转入,138.00,工单系统流量套餐退款,2026-07-21 08:57:51,SYS,
ojb7F2Bxabyqu4iMY3fkRh3fxCGM,0.00,67492602581339	,用户提现,39.00,用户提现-退费单RF2026071922341161773,2026-07-21 08:36:45,用户提现,
ojb7F2MpvkLKKvx_UUbB1jCF-FOE,0.00,68772550177681	,用户提现,199.00,用户提现-退费单RF2026070303152575118,2026-07-21 07:53:58,用户提现,
olAFl66_F1_tGtNtB3EWWrJTszTs,0.00,67492552543309	,用户提现,54.00,用户提现-退费单RF2026072107151051383,2026-07-21 07:15:46,用户提现,
olAFl66_F1_tGtNtB3EWWrJTszTs,54.00,67492552543309	,订单退费转入,54.00,系统处理工单时转移用户余额，订单号=WS2026021815534683573,2026-07-21 07:15:11,SYS,
olAFl6_PGjyQ7Uk4SrdOt9IpxRf0,0.00,68932532018848	,用户提现,29.90,用户提现-退费单RF2026072107102587192,2026-07-21 07:11:05,用户提现,
olAFl6_PGjyQ7Uk4SrdOt9IpxRf0,29.90,68932532018848	,订单退费转入,29.90,工单系统流量套餐退款,2026-07-21 07:10:26,SYS,
olAFl60voJ31DivzhWB7L2gWMAdw,19.80,67512440018382	,订单退费转入,19.80,工单系统流量套餐退款 组合支付：微信退费 19.80,2026-07-21 06:54:26,SYS,
ojb7F2EriPAUHEcj8ozahas4ruhQ,0.00,70032621092191	,用户提现,186.00,用户提现-退费单RF2026072103443988080,2026-07-21 03:45:15,用户提现,
ojb7F2EriPAUHEcj8ozahas4ruhQ,186.00,70032621092191	,订单退费转入,186.00,工单系统流量套餐退款,2026-07-21 03:44:40,SYS,
olAFl608Eb4_D1I4JWxIpnSlpGN8,46.40,63272421037681	,订单退费转入,46.40,系统处理工单时转移用户余额，订单号=WS2026022820350623032,2026-07-21 03:15:06,SYS,
olAFl62zqWHPTB9tM7BnUo0TBjQI,49.00,864665070653196	,订单退费转入,49.00,工单系统审核退费单-套餐已作废/钱包已清零,2026-07-21 03:15:06,SYS,
olAFl67EB9A0aWaXCwBUuhKG3OVw,63.90,67492445317710	,订单退费转入,63.90,系统处理工单时转移用户余额，订单号=WN2025100119230099814,2026-07-21 03:15:06,SYS,
olAFl6y2D0PgzD_Hd-DwVxVLYewQ,103.60,67482610424739	,订单退费转入,103.60,系统处理工单时转移用户余额，订单号=WS2026051520394196535,2026-07-21 03:15:06,SYS,
olAFl6_b_1w41kSYVklsajsFKzNw,179.00,70032621087823	,订单退费转入,179.00,工单系统流量套餐退款,2026-07-21 03:15:06,SYS,
olAFl605aeGHSfRtkb7osq3yQDJQ,143.80,60992438020615	,订单退费转入,143.80,系统处理工单时转移用户余额，订单号=WS2026040121575697430,2026-07-21 03:15:05,SYS,
olAFl69GTdIMNs7e-GzDaqhBn4bg,3.90,67512443057287	,订单退费转入,3.90,系统处理工单时转移用户余额，订单号=WS2025081913035398963,2026-07-21 03:15:05,SYS,
olAFl69GYJ_Kg6vf5rGxOV5jk8Ns,80.80,68772520017773	,订单退费转入,80.80,系统处理工单时转移用户余额，订单号=WS2025111207171790534,2026-07-21 03:15:05,SYS,
ojb7F2Kynl2qprE5tvyye6jC8ins,61.20,69212621221531	,订单退费转入,61.20,系统处理工单时转移用户余额，订单号=WN2026062811092880177,2026-07-21 03:15:05,SYS,
olAFl67qYlsU2NTUR27742VFog9g,105.40,68772550175801	,订单退费转入,105.40,系统处理工单时转移用户余额，订单号=WS2026010817250042263,2026-07-21 03:15:05,SYS,
o2uAP6xqyZrmG3p0r_TQU8_S0gCc,29.90,328813694	,订单退费转入,29.90,工单系统流量套餐退款,2026-07-21 03:15:05,SYS,
olAFl6-xbpq80pp1g-KMEOjWJ3j4,37.00,67002509218394	,订单退费转入,37.00,系统处理工单时转移用户余额，订单号=WS2026021411241985836,2026-07-21 03:15:05,SYS,
olAFl65PIh1VemTMPC6jHh21tywM,122.00,67002535365273	,订单退费转入,122.00,系统处理工单时转移用户余额，订单号=WS2026063011480748855 本单会员价格20.00元，不能退款,2026-07-21 03:15:05,SYS,
olAFl67XY4KqbfFIKR1Yuw357IkY,15.50,67512534238035	,订单退费转入,15.50,系统处理工单时转移用户余额，订单号=WS2026032721375042858,2026-07-21 03:15:05,SYS,
olAFl62wXEBpV4faEaoO71m85370,70.30,867061073696357	,订单退费转入,70.30,系统处理工单时转移用户余额，订单号=WS2026051519311844344,2026-07-21 03:15:04,SYS,
olAFl66E2j8C0e96ENVm4i6uO_p0,52.40,69212612170746	,订单退费转入,52.40,系统处理工单时转移用户余额，订单号=WN2026041414512745639,2026-07-21 03:15:04,SYS,
olAFl627aibYWnODJEpU28o5ezW4,24.40,69212612184185	,订单退费转入,24.40,系统处理工单时转移用户余额，订单号=WN2026041821194538250,2026-07-21 03:15:04,SYS,
olAFl6wiMPUxfCkqbRFyN6Pve8DU,12.90,60912436206297	,订单退费转入,12.90,系统处理工单时转移用户余额，订单号=WS2025101214214312610,2026-07-21 03:15:04,SYS,
ojb7F2OQbLk9JaC2eDoeutRkRDGs,199.00,69212621222966	,订单退费转入,199.00,工单系统流量套餐退款,2026-07-21 03:15:04,SYS,
olAFl6yVS-bJQevYV5pB1ETMabCw,85.30,67482513399606	,订单退费转入,85.30,系统处理工单时转移用户余额，订单号=WS2026040619085236165,2026-07-21 03:15:04,SYS,
olAFl6_x7Rn8IfOaE2MmuGP4bisw,34.00,69142529006173	,订单退费转入,34.00,系统处理工单时转移用户余额，订单号=WS2025082909225361198,2026-07-21 03:15:04,SYS,
olAFl64_ou-i2blDUaMRbQ2LcRZg,141.20,67002535358163	,订单退费转入,141.20,系统处理工单时转移用户余额，订单号=WS2026063015082113529,2026-07-21 03:15:04,SYS,
olAFl60RiNyE0bXfD23PTpGIji7o,19.00,69212621215155	,订单退费转入,19.00,工单系统流量套餐退款,2026-07-21 03:15:04,SYS,
olAFl62icKAwSUKyyyJPCRW-P2Eo,87.30,67002535386281	,订单退费转入,87.30,系统处理工单时转移用户余额，订单号=WS2026011700332595816,2026-07-21 03:15:03,SYS,
ojb7F2KYxhTnXh2jpUVhNPeKo2W4,79.00,69212621218363	,订单退费转入,79.00,工单系统流量套餐退款,2026-07-21 03:15:03,SYS,
olAFl63x3lugaCKj3481toD_11eg,106.00,67512525220308	,订单退费转入,106.00,工单系统流量套餐退款 本单会员价格20.00元，不能退款,2026-07-21 03:15:03,SYS,
olAFl6znYwy6B-6wOkZF3n8UZxs0,20.00,67482449093512	,订单退费转入,20.00,系统处理工单时转移用户余额，订单号=WS2025103017200194768,2026-07-21 03:15:03,SYS,
o2uAP659Z5UoyDOkpK7aSQ0FYk_8,219.00,328813559	,订单退费转入,219.00,工单系统流量套餐退款,2026-07-21 03:15:03,SYS,
olAFl68_RIiuZpYq2lZDHnbFjPmw,106.00,67492445342004	,订单退费转入,106.00,工单系统流量套餐退款 本单会员价格20.00元，不能退款,2026-07-21 03:15:03,SYS,
olAFl6_4EmQQ8aK5SAS4djLN3jFg,160.10,67482454163669	,订单退费转入,160.10,系统处理工单时转移用户余额，订单号=WS2026063002461919951,2026-07-21 03:15:03,SYS,
olAFl6yhO_R3_EynRGnN_V3x5UpE,92.40,67492509452458	,订单退费转入,92.40,系统处理工单时转移用户余额，订单号=WS2026032808030205810,2026-07-21 03:15:02,SYS,
olAFl69QsB0NhaOGpYAdtcYweQ7Q,44.30,864665068151278	,订单退费转入,44.30,系统处理工单时转移用户余额，订单号=WS2025121909333058616,2026-07-21 03:15:02,SYS,
olAFl6_folcZxle9uXLYQ1omdvAk,43.00,69212606155360	,订单退费转入,43.00,系统处理工单时转移用户余额，订单号=WS2026040800244519252,2026-07-21 03:15:02,SYS,
olAFl6zOBK7wjkm9otdiWIyQLhk4,202.00,864665067758586	,订单退费转入,202.00,工单系统流量套餐退款 本单会员价格20.00元，不能退款,2026-07-21 03:15:02,SYS,
olAFl67euEiOz6Ik-xaivrJLD2G0,0.00,70032621091501	,用户提现,171.20,用户提现-退费单RF2026072103095025086,2026-07-21 03:10:17,用户提现,
olAFl67euEiOz6Ik-xaivrJLD2G0,171.20,70032621091501	,订单退费转入,171.20,系统处理工单时转移用户余额，订单号=WS2026062208142553894,2026-07-21 03:09:50,SYS,
odELQ6rqiEaaPSwV3Mnsq9V-DDBg,0.00,67492610674801	,用户提现,41.00,用户提现-退费单RF2026071918423583769,2026-07-21 02:51:51,用户提现,
ojb7F2Ad07rXynR7eGcWSubY8J28,0.00,70032617028668	,用户提现,109.00,用户提现-退费单RF2026071915425463383,2026-07-21 02:27:50,用户提现,
olAFl67Ig_NGHV4gAG3bITuHNJ54,0.00,69212544096987	,用户提现,82.50,用户提现-退费单RF2026072100425628975,2026-07-21 00:43:16,用户提现,
olAFl67Ig_NGHV4gAG3bITuHNJ54,82.50,69212544096987	,订单退费转入,82.50,系统处理工单时转移用户余额，订单号=WN2026062119372458195,2026-07-21 00:42:56,SYS,
olAFl6wb56gW--T3mKQQlDUme5eM,0.00,69212612173507	,用户提现,163.10,用户提现-退费单RF2026072100092988027,2026-07-21 00:09:45,用户提现,
olAFl6wb56gW--T3mKQQlDUme5eM,163.10,69212612173507	,订单退费转入,163.10,系统处理工单时转移用户余额，订单号=WS2026070708410699795,2026-07-21 00:09:30,SYS,
ojb7F2B7mFWLFBdsQl3pJv248Kxc,21.00,69212621217638	,订单退费转入,21.00,系统处理工单时转移用户余额，订单号=WS2026070314502508620,2026-07-21 00:01:56,SYS,
olAFl6xGlnyxn9Fk-lnMNTJr_yTM,0.00,68772522030817	,用户提现,52.60,用户提现-退费单RF2026072023391699294,2026-07-20 23:39:39,用户提现,
olAFl6xGlnyxn9Fk-lnMNTJr_yTM,52.60,68772522030817	,订单退费转入,52.60,系统处理工单时转移用户余额，订单号=WS2026011817484354098,2026-07-20 23:39:17,SYS,
olAFl64IDZvCqldRcE01J2uaHAWI,0.00,67492603601668	,用户提现,47.30,用户提现-退费单RF2026071808500570596,2026-07-20 23:26:33,用户提现,
olAFl676sFAInptMvvmoOYVJKtH0,0.00,70032621091374	,用户提现,92.20,用户提现-退费单RF2026072023081130527,2026-07-20 23:08:36,用户提现,
olAFl676sFAInptMvvmoOYVJKtH0,92.20,70032621091374	,订单退费转入,92.20,系统处理工单时转移用户余额，订单号=WN2026062310270936997,2026-07-20 23:08:11,SYS,
ojb7F2B42I-iVeabD6F_bwk00SsQ,0.00,67482610414678	,用户提现,95.00,用户提现-退费单RF2026072023035816249,2026-07-20 23:05:00,用户提现,
ojb7F2B42I-iVeabD6F_bwk00SsQ,95.00,67482610414678	,订单退费转入,95.00,工单系统流量套餐退款 本单会员价格20.00元，不能退款,2026-07-20 23:03:58,SYS,
olAFl67ggOAsPo8vp7wIkMArEK_Q,0.00,864665068123541	,用户提现,5.20,用户提现-退费单RF2026072022572818688,2026-07-20 22:58:04,用户提现,
olAFl67ggOAsPo8vp7wIkMArEK_Q,5.20,864665068123541	,订单退费转入,5.20,系统处理工单时转移用户余额，订单号=WS2026022615431817233,2026-07-20 22:57:28,SYS,
olAFl69-wUdaXrpwpDRB4WFMRDSk,0.00,67002509213423	,用户提现,180.00,用户提现-退费单RF2026072014295465879,2026-07-20 22:46:22,用户提现,
olAFl60K9eSTZgEGkcRmkYYUy2xQ,0.00,67492538503523	,用户提现,88.40,用户提现-退费单RF2026072021425319511,2026-07-20 22:10:58,用户提现,
ojb7F2L-uGmidzp4nFiiOAg1MAEE,179.00,69212612185263	,订单退费转入,179.00,工单系统流量套餐退款,2026-07-20 22:00:18,SYS,
olAFl60dZBzKwlwSIQpmYn-Lr404,59.70,69142529011304	,订单退费转入,59.70,系统处理工单时转移用户余额，订单号=WS2025090513405323927,2026-07-20 21:50:39,SYS,
olAFl60K9eSTZgEGkcRmkYYUy2xQ,88.40,67492538503523	,订单退费转入,88.40,系统处理工单时转移用户余额，订单号=WS2026022007395031576,2026-07-20 21:42:53,SYS,
olAFl66_IRP4Wi4Ghpq7VlER70xk,46.00,68772602249001	,订单退费转入,46.00,系统处理工单时转移用户余额，订单号=WS2026021217092419799,2026-07-20 21:31:55,SYS,
olAFl69u4mLk_M9rCBmzyqvt64c8,0.00,864665070600668	,用户提现,71.80,用户提现-退费单RF2026072003150317790,2026-07-20 21:25:20,用户提现,
ojb7F2GrYqAoY2XBK-AMVPCDAZZU,19.00,67492602580307	,订单退费转入,19.00,工单系统流量套餐退款,2026-07-20 21:24:22,SYS,
ojb7F2OQVX_w35ZnEmtm3lNHyJpM,0.00,69212612172782	,用户提现,121.20,用户提现-退费单RF2026072021064282266,2026-07-20 21:13:19,用户提现,
ojb7F2DCqzt2QF246RYr87B2HomA,0.00,68932612067065	,用户提现,440.00,用户提现-退费单RF2026071815385378366,2026-07-20 21:12:27,用户提现,
olAFl6yE4alB8JzPM3VjqjIb6DQE,2.20,67002453141492	,订单退费转入,2.20,工单系统流量套餐退款 组合支付：微信退费 2.20,2026-07-20 21:08:18,SYS,
ojb7F2OQVX_w35ZnEmtm3lNHyJpM,121.20,69212612172782	,订单退费转入,121.20,系统处理工单时转移用户余额，订单号=WS2026071712210490895,2026-07-20 21:06:43,SYS,
olAFl68pTlSVaXkgFYja_AGZnWr4,0.00,68772610297646	,用户提现,1.80,用户提现-退费单RF2026072021060765752,2026-07-20 21:06:23,用户提现,
olAFl68pTlSVaXkgFYja_AGZnWr4,1.80,68772610297646	,订单退费转入,1.80,工单系统流量套餐退款 组合支付：微信退费 1.80,2026-07-20 21:06:08,SYS,
olAFl6xoQC4HnhbhCpU0DULFpUGA,0.00,67492610674470	,用户提现,79.00,用户提现-退费单RF2026072018345382335,2026-07-20 21:02:17,用户提现,
ojb7F2PLHU6HlDfGbpeOWbbegKG8,420.00,67492538511579	,订单退费转入,420.00,工单系统流量套餐退款,2026-07-20 20:32:00,SYS,
olAFl66e0DOc1hCJll18rLBLEUhA,0.00,67492507391460	,用户提现,106.00,用户提现-退费单RF2026071520315657898,2026-07-20 20:29:00,用户提现,
ojb7F2EqkTHa2v9ipqNBfUI2-BfY,0.00,67492603607135	,用户提现,179.00,用户提现-退费单RF2026071519112206793,2026-07-20 20:26:52,用户提现,
ojb7F2EqkTHa2v9ipqNBfUI2-BfY,179.00,67492603607135	,订单退费转入,179.00,工单系统审核退费单-套餐已作废/钱包已清零,2026-07-20 20:26:41,SYS,
olAFl6xVzZdh2UCJtosXusa_zDAw,55.00,67862539050642	,订单退费转入,55.00,系统处理工单时转移用户余额，订单号=WN2026022117145665927,2026-07-20 20:22:02,SYS,
olAFl6_3vWxmnRyj7VTjylxHOTzM,0.00,67002523281948	,用户提现,99.00,用户提现-退费单RF2026071922362549761,2026-07-20 20:16:45,用户提现,
ojb7F2Kci8ikL6b66dEnilNEYQvU,0.00,69212621222638	,用户提现,87.20,用户提现-退费单RF2026071823532333248,2026-07-20 20:10:15,用户提现,
ojb7F2Kci8ikL6b66dEnilNEYQvU,87.20,69212621222638	,订单退费转入,87.20,工单系统审核退费单-套餐已作废/钱包已清零,2026-07-20 20:07:48,SYS,
olAFl68klBRUvjpxVaVOmYc0kDOc,0.00,70132627000397	,用户提现,179.00,用户提现-退费单RF2026072019044262198,2026-07-20 20:03:55,用户提现,
olAFl66-UM-bnKppc2U1zoDdc8ms,0.00,68772610297387	,用户提现,8.00,用户提现-退费单RF2026072017374913350,2026-07-20 19:54:51,用户提现,
ojb7F2A_9k-4aop5sSb7lCNXXsFM,0.00,69212621216166	,用户提现,95.00,用户提现-退费单RF2026072019382974283,2026-07-20 19:39:42,用户提现,
ojb7F2A_9k-4aop5sSb7lCNXXsFM,95.00,69212621216166	,订单退费转入,95.00,工单系统流量套餐退款,2026-07-20 19:38:30,SYS,
olAFl64Os08E56VjRReao512Awjk,0.00,68772602221889	,用户提现,72.60,用户提现-退费单RF2026072019335506469,2026-07-20 19:34:32,用户提现,
olAFl64Os08E56VjRReao512Awjk,72.60,68772602221889	,订单退费转入,72.60,系统处理工单时转移用户余额，订单号=WS2026031323271452782,2026-07-20 19:33:55,SYS,
olAFl63QKXv7drfHzyq6DiC4J6_s,0.00,60992437004539	,用户提现,52.80,用户提现-退费单RF2026071003151573958 微信退款失败：超期订单不允许退款,2026-07-20 19:28:25,用户提现,
ojb7F2OR2_EUec1XUMJbaXLsMvj0,0.00,69212612177869	,用户提现,179.00,用户提现-退费单RF2026072019214670081,2026-07-20 19:24:51,用户提现,
ojb7F2OR2_EUec1XUMJbaXLsMvj0,179.00,69212612177869	,订单退费转入,179.00,工单系统流量套餐退款,2026-07-20 19:21:47,SYS,
ojb7F2Dxtil0o74XwNmchnzuK1fU,0.00,70032627107691	,用户提现,549.00,用户提现-退费单RF2026072019174014792,2026-07-20 19:19:57,用户提现,
ojb7F2GmaTo3WTQs35u5ibtmocDY,0.00,69212621227510	,用户提现,141.20,用户提现-退费单RF2026072019134232839,2026-07-20 19:18:50,用户提现,
olAFl60SXQDnAor2vZe6GrTeiYGk,0.00,68772612324834	,用户提现,159.00,用户提现-退费单RF2026071909530947951,2026-07-20 19:18:38,用户提现,
ojb7F2Dxtil0o74XwNmchnzuK1fU,549.00,70032627107691	,订单退费转入,549.00,工单系统流量套餐退款,2026-07-20 19:17:40,SYS,
ojb7F2GmaTo3WTQs35u5ibtmocDY,141.20,69212621227510	,订单退费转入,141.20,系统处理工单时转移用户余额，订单号=WS2026062910591213054,2026-07-20 19:13:42,SYS,
olAFl68klBRUvjpxVaVOmYc0kDOc,179.00,70132627000397	,订单退费转入,179.00,工单系统流量套餐退款,2026-07-20 19:04:43,SYS,
olAFl6wUyzEeyImSbc09daQXH8zM,0.00,67482504313199	,用户提现,47.70,用户提现-退费单RF2026072005560283968 微信退款失败：当前商户号暂不能进行“资金付款类”相关业务操作，可前往“微信支付商家助手”小程序 >“业务受限处理”了解原因,2026-07-20 19:03:41,用户提现,
olAFl6xoQC4HnhbhCpU0DULFpUGA,79.00,67492610674470	,订单退费转入,79.00,工单系统流量套餐退款,2026-07-20 18:34:54,SYS,
olAFl6_qACS5tqKG7rgcII5tq-0I,0.00,67482610424116	,用户提现,117.50,用户提现-退费单RF2026072017510481540,2026-07-20 17:52:48,用户提现,
olAFl6_qACS5tqKG7rgcII5tq-0I,117.50,67482610424116	,订单退费转入,117.50,系统处理工单时转移用户余额，订单号=WS2026060810294688188,2026-07-20 17:51:05,SYS,
olAFl66-UM-bnKppc2U1zoDdc8ms,8.00,68772610297387	,订单退费转入,8.00,系统处理工单时转移用户余额，订单号=WS2026032618175451778,2026-07-20 17:37:49,SYS,
olAFl6xogXo36I3Cc0zm8-YMiUck,0.00,864665067786868	,用户提现,72.60,用户提现-退费单RF2026072003150312945,2026-07-20 17:25:51,用户提现,
olAFl66mQgVQ9n_NdmQdmGv1AhVU,0.00,68772602218686	,用户提现,199.00,用户提现-退费单RF2026071603151047387,2026-07-20 17:22:01,用户提现,
ojb7F2DDBzl262K9I6E_vxWpNPZw,0.00,70032621090118	,用户提现,199.00,用户提现-退费单RF2026072017024643918,2026-07-20 17:10:01,用户提现,
ojb7F2DDBzl262K9I6E_vxWpNPZw,199.00,70032621090118	,订单退费转入,199.00,工单系统流量套餐退款 本单会员价格20.00元，不能退款,2026-07-20 17:02:46,SYS,
ojb7F2KinG6hOu91athd14towlBk,0.00,69212621219339	,用户提现,69.00,用户提现-退费单RE2026062609410265648,2026-07-20 16:57:49,用户提现,
olAFl64tjPwD9mcQNjenQ9dE9-OM,0.00,67492602586167	,用户提现,36.40,用户提现-退费单RF2026072016114600647,2026-07-20 16:56:19,用户提现,
ojb7F2Mvx5SJqND70H26cUhVcv9Q,0.00,70032611007594	,用户提现,549.00,用户提现-退费单RF2026071619275095447,2026-07-20 16:55:47,用户提现,
ojb7F2EkkLuQuog8lzDB1Wvz98Jk,0.00,69212536008184	,用户提现,199.00,用户提现-退费单RF2026072016284674119,2026-07-20 16:40:32,用户提现,
olAFl6z0YzZVmUrylZzW_TDgy8Wo,0.00,70032617032078	,用户提现,120.00,用户提现-退费单RF2026072016292254312,2026-07-20 16:33:57,用户提现,
olAFl60oW-2i8W0Hy7PjXLRkCIGU,0.00,69212536003143	,用户提现,94.00,用户提现-退费单RF2026052803152501296,2026-07-20 16:33:37,用户提现,
olAFl6z0YzZVmUrylZzW_TDgy8Wo,120.00,70032617032078	,订单退费转入,120.00,工单系统流量套餐退款,2026-07-20 16:29:23,SYS,
olAFl622KNOwIaE8-iMuUIjg5A2s,0.00,67482448040699	,用户提现,162.10,用户提现-退费单RF2026072016253419095,2026-07-20 16:29:04,用户提现,
ojb7F2EkkLuQuog8lzDB1Wvz98Jk,199.00,69212536008184	,订单退费转入,199.00,工单系统流量套餐退款,2026-07-20 16:28:47,SYS,
olAFl622KNOwIaE8-iMuUIjg5A2s,162.10,67482448040699	,订单退费转入,162.10,系统处理工单时转移用户余额，订单号=WS2026072015350667711,2026-07-20 16:25:34,SYS,
olAFl65RmmXZACI4NJGdSIS83LpQ,29.60,68772522032700	,订单退费转入,29.60,系统处理工单时转移用户余额，订单号=WS2025121009315916697,2026-07-20 16:24:55,SYS,
ojb7F2OK08x_w3LrzP6AHpekY2Sk,0.00,69212612188289	,用户提现,62.20,用户提现-退费单RF2026072016200538519,2026-07-20 16:22:34,用户提现,
ojb7F2OK08x_w3LrzP6AHpekY2Sk,62.20,69212612188289	,订单退费转入,62.20,系统处理工单时转移用户余额，订单号=WN2026071921015832816,2026-07-20 16:20:05,SYS,
olAFl67sdmlCFuCH5Dt8JZzl9Ftw,0.00,60912431167063	,用户提现,73.40,用户提现-退费单RF2026072016183337985,2026-07-20 16:19:20,用户提现,
olAFl67sdmlCFuCH5Dt8JZzl9Ftw,73.40,60912431167063	,订单退费转入,73.40,系统处理工单时转移用户余额，订单号=WN2025092820052792653,2026-07-20 16:18:33,SYS,
o4p3p648mbNJ7FKw5vI8bEiguTNM,0.00,865405075538152	,用户提现,39.00,用户提现-退费单RF2026072000010146731,2026-07-20 16:11:51,用户提现,
olAFl64tjPwD9mcQNjenQ9dE9-OM,36.40,67492602586167	,订单退费转入,36.40,系统处理工单时转移用户余额，订单号=WS2026022722172067249,2026-07-20 16:11:46,SYS,
olAFl6wKkskGnH8IEe3tk7cyJ370,0.00,67492445305176	,用户提现,83.10,用户提现-退费单RF2026071603151578385,2026-07-20 16:02:33,用户提现,
olAFl6yOne3kodlzJQbAgXjaks30,0.00,86132335070038	,用户提现,135.40,用户提现-退费单RF2026072003150486616,2026-07-20 15:53:06,用户提现,
olAFl6wQVH9wRx6HL5SwaFSIMSi4,0.00,67002509209051	,用户提现,34.00,用户提现-退费单RF2026070803150682689,2026-07-20 15:40:28,用户提现,
olAFl6wF0x5PmDwkjWp9wKmoCj58,0.00,67482512332362	,用户提现,49.00,用户提现-退费单RF2026072015263180999,2026-07-20 15:27:20,用户提现,
olAFl6wF0x5PmDwkjWp9wKmoCj58,49.00,67482512332362	,订单退费转入,49.00,工单系统流量套餐退款,2026-07-20 15:26:32,SYS,
olAFl6yM9AG-8JZuIhwtPaqMo6ss,0.00,69212612176554	,用户提现,62.20,用户提现-退费单RF2026071920485717549,2026-07-20 15:01:34,用户提现,
olAFl6zZX88S1qEYVzAHF8LtJu0E,180.00,69212544104217	,订单退费转入,180.00,系统处理工单时转移用户余额，订单号=WS2026071612573557230,2026-07-20 14:45:49,SYS,
olAFl69-wUdaXrpwpDRB4WFMRDSk,180.00,67002509213423	,订单退费转入,180.00,系统处理工单时转移用户余额，订单号=WS2026071617470402315 本单会员价格20.00元，不能退款,2026-07-20 14:29:55,SYS,
ojb7F2MY4gR4BOsoZfdZRz2Zb534,199.00,69142620033312	,订单退费转入,199.00,工单系统流量套餐退款,2026-07-20 14:23:36,SYS,
olAFl6xVRhuTx4N-Ul0Sj6jOqIL0,0.00,69142620033990	,用户提现,94.50,用户提现-退费单RF2026072014092419327,2026-07-20 14:10:17,用户提现,
olAFl6xVRhuTx4N-Ul0Sj6jOqIL0,94.50,69142620033990	,订单退费转入,94.50,系统处理工单时转移用户余额，订单号=WS2026051708314185091,2026-07-20 14:09:24,SYS,
olAFl624bIOSOXe1oocOBeoSF9Pg,0.00,68772612323008	,用户提现,39.90,用户提现-退费单RF2026072013324697979,2026-07-20 13:33:11,用户提现,
olAFl624bIOSOXe1oocOBeoSF9Pg,39.90,68772612323008	,订单退费转入,39.90,工单系统流量套餐退款,2026-07-20 13:32:47,SYS,
odELQ6gbNJ2oieYg0068qnFfl2Kk,0.00,67492609650314	,用户提现,79.00,用户提现-退费单RF2026072013010605321,2026-07-20 13:06:51,用户提现,
odELQ6gbNJ2oieYg0068qnFfl2Kk,79.00,67492609650314	,订单退费转入,79.00,工单系统流量套餐退款,2026-07-20 13:01:06,SYS,
olAFl6wEGxRxDPl5T2ZKlfKfyulU,0.00,67512535268037	,用户提现,48.50,用户提现-退费单RF2026072012434608735,2026-07-20 12:44:09,用户提现,
olAFl6wEGxRxDPl5T2ZKlfKfyulU,48.50,67512535268037	,订单退费转入,48.50,系统处理工单时转移用户余额，订单号=WS2025102613401555089,2026-07-20 12:43:46,SYS,
olAFl6_7ZKmPP_EGOSX48rOuTLpY,0.00,60912411002548	,用户提现,108.60,用户提现-退费单RF2026071623230904763,2026-07-20 12:41:47,用户提现,
ojb7F2ASkAVtkYH0xEcbxapVlJ10,0.00,69212602144302	,用户提现,172.20,用户提现-退费单RF2026071919073691517,2026-07-20 12:23:59,用户提现,
olAFl66dlUSf5wF5SKKCmyA9cIR4,0.00,67002523288395	,用户提现,52.20,用户提现-退费单RF2026062911024891216,2026-07-20 12:23:34,用户提现,
olAFl66l2vAMKVLokUUxcbZyXMNo,123.70,69212602146955	,订单退费转入,123.70,系统处理工单时转移用户余额，订单号=WS2026030915362703269,2026-07-20 12:19:24,SYS,
ojb7F2EmDX5zi2Wif91DFmVsKQvw,0.00,69212621222528	,用户提现,179.00,用户提现-退费单RF2026071907131494770,2026-07-20 12:15:03,用户提现,
olAFl66Rp9n4N0TDu161i8dEeVtM,0.00,69212606160065	,用户提现,225.20,用户提现-退费单RF2026071723033834612,2026-07-20 12:03:51,用户提现,
olAFl66lpBL0PXYZ2V5KYhbY8cvk,143.80,67492509448209	,订单退费转入,143.80,系统处理工单时转移用户余额，订单号=WS2026061106493870444,2026-07-20 12:01:03,SYS,
olAFl61Z6TCLme9We7yrBPwrnz0c,0.00,67512517177586	,用户提现,49.00,用户提现-退费单RF2026072011463538227,2026-07-20 11:47:18,用户提现,
olAFl61Z6TCLme9We7yrBPwrnz0c,49.00,67512517177586	,订单退费转入,49.00,系统处理工单时转移用户余额，订单号=WS2026040222501302166,2026-07-20 11:46:35,SYS,
odELQ6lL9VY9hQ1cdozJUo6G4014,0.00,68772612335159	,用户提现,60.30,用户提现-退费单RF2026072011334969221,2026-07-20 11:36:39,用户提现,
odELQ6lL9VY9hQ1cdozJUo6G4014,60.30,68772612335159	,订单退费转入,60.30,系统处理工单时转移用户余额，订单号=WS2026042219584926655,2026-07-20 11:33:50,SYS,
ojb7F2OIlfmj2XP-TvJZuoICaT4w,0.00,70032617028070	,用户提现,82.40,用户提现-退费单RF2026071708184873070,2026-07-20 11:29:42,用户提现,
ojb7F2Jdtz0CMsY6c5MMxEPcZiys,0.00,69212612172711	,用户提现,81.00,用户提现-退费单RF2026071822160206489,2026-07-20 11:01:34,用户提现,
ojb7F2Npbu_FnUfTf9lFrcWSaB8w,0.00,69142620030709	,用户提现,479.00,用户提现-退费单RF2026072010593331990,2026-07-20 11:01:20,用户提现,
ojb7F2Npbu_FnUfTf9lFrcWSaB8w,479.00,69142620030709	,订单退费转入,479.00,工单系统流量套餐退款 本单会员价格20.00元，不能退款,2026-07-20 10:59:33,SYS,
olAFl64In0weqXypVfE3d1OmKwYo,0.00,68932612064780	,用户提现,179.00,用户提现-退费单RF2026072010492372039,2026-07-20 10:50:04,用户提现,
olAFl64In0weqXypVfE3d1OmKwYo,179.00,68932612064780	,订单退费转入,179.00,工单系统流量套餐退款,2026-07-20 10:49:24,SYS,
olAFl62i7XlgOxuf7D6U60Fw-U6s,0.00,68772547166543	,用户提现,160.10,用户提现-退费单RF2026072009370739034,2026-07-20 10:43:47,用户提现,
olAFl63dhd8EBr5k6Y81s93pMkKk,0.00,67512525205058	,用户提现,89.60,用户提现-退费单RF2026072010341627776,2026-07-20 10:37:11,用户提现,
ojb7F2JxKo9fSg0NcgGxoQ-IQFCY,0.00,70132627000624	,用户提现,180.00,用户提现-退费单RF2026071923014488696,2026-07-20 10:34:58,用户提现,
olAFl63dhd8EBr5k6Y81s93pMkKk,89.60,67512525205058	,订单退费转入,89.60,系统处理工单时转移用户余额，订单号=WS2025121415082550071,2026-07-20 10:34:16,SYS,
olAFl64pWbOMwpIW7UEa1rJDBuKs,0.00,67482448036742	,用户提现,129.00,用户提现-退费单RF2026072010310796050,2026-07-20 10:32:18,用户提现,
olAFl64pWbOMwpIW7UEa1rJDBuKs,129.00,67482448036742	,订单退费转入,129.00,工单系统流量套餐退款 本单会员价格20.00元，不能退款,2026-07-20 10:31:08,SYS,
olAFl668D1N_ZFZHQH6UiOZoBJ0I,0.00,68772610299018	,用户提现,29.00,用户提现-退费单RF2026072010282295261,2026-07-20 10:29:14,用户提现,
olAFl668D1N_ZFZHQH6UiOZoBJ0I,29.00,68772610299018	,订单退费转入,29.00,工单系统流量套餐退款,2026-07-20 10:28:23,SYS,
ojb7F2BdNysesVu3UYV1-VwsJxNM,0.00,69212621225674	,用户提现,99.00,用户提现-退费单RF2026072010213267688,2026-07-20 10:23:24,用户提现,
olAFl67YK2HsjJQ5B2ulajJpXQHI,0.00,67482445016720	,用户提现,30.50,用户提现-退费单RF2026070603151499779,2026-07-20 10:22:57,用户提现,
ojb7F2BdNysesVu3UYV1-VwsJxNM,99.00,69212621225674	,订单退费转入,99.00,工单系统流量套餐退款,2026-07-20 10:21:33,SYS,
olAFl64MWz8g5oAerH2GPYoqAKyo,0.00,68772543147169	,用户提现,134.00,用户提现-退费单RF2026071603152089772,2026-07-20 10:19:44,用户提现,
olAFl6zAzGXqG1gGA3VSU090_DCw,0.00,86132410226282	,用户提现,64.20,用户提现-退费单RF2026071916075009580,2026-07-20 10:15:03,用户提现,
olAFl631H4biZ8zgtJNfDF0Yj6EM,0.00,69142620028974	,用户提现,58.00,用户提现-退费单RF2026072010140482173,2026-07-20 10:14:14,用户提现,
olAFl631H4biZ8zgtJNfDF0Yj6EM,58.00,69142620028974	,订单退费转入,58.00,工单系统流量套餐退款,2026-07-20 10:14:05,SYS,
ojb7F2CzdLrj1EHEm5L10nEZAnEw,0.00,69212621226206	,用户提现,99.00,用户提现-退费单RF2026072010044766522,2026-07-20 10:10:47,用户提现,
olAFl69Wj-rNkDxXiqjwHwYhrhrY,0.00,864665069481864	,用户提现,70.70,用户提现-退费单RF2026072009544707994,2026-07-20 10:04:50,用户提现,
ojb7F2CzdLrj1EHEm5L10nEZAnEw,99.00,69212621226206	,订单退费转入,99.00,工单系统流量套餐退款,2026-07-20 10:04:48,SYS,
ojb7F2N6PsNIrizHA6TXzxwk3NbU,0.00,69212612175368	,用户提现,163.00,用户提现-退费单RF2026062603154128355,2026-07-20 10:01:12,用户提现,
olAFl69Wj-rNkDxXiqjwHwYhrhrY,70.70,864665069481864	,订单退费转入,70.70,系统处理工单时转移用户余额，订单号=WS2026022407523603151,2026-07-20 09:54:47,SYS,
olAFl62i7XlgOxuf7D6U60Fw-U6s,160.10,68772547166543	,订单退费转入,160.10,系统处理工单时转移用户余额，订单号=WS2026062009574787061,2026-07-20 09:37:07,SYS,
ojb7F2L77s_Qtgrk4qgGzTtVXZbs,320.00,69212621217850	,订单退费转入,320.00,工单系统流量套餐退款,2026-07-20 09:20:49,SYS,
ojb7F2JG9bwnYvEwGljCuc4DJnYI,150.10,69212621224328	,订单退费转入,150.10,系统处理工单时转移用户余额，订单号=WS2026071115454587239,2026-07-20 09:09:22,SYS,
olAFl64_6dffJsJ0Mi4RJ169iJfs,64.80,67492445346134	,订单退费转入,64.80,系统处理工单时转移用户余额，订单号=WS2026020121400518068,2026-07-20 08:58:13,SYS,
ojb7F2OMJIf8HvVnqjqD3H0BnngE,0.00,69142620033281	,用户提现,50.00,用户提现-退费单RF2026071603150217677,2026-07-20 08:33:58,用户提现,
ojb7F2I5sD1d8RZew71IGRcHXEZE,0.00,69142620028070	,用户提现,399.00,用户提现-退费单RF2026072007382485420,2026-07-20 07:38:43,用户提现,
ojb7F2I5sD1d8RZew71IGRcHXEZE,399.00,69142620028070	,订单退费转入,399.00,工单系统流量套餐退款,2026-07-20 07:38:25,SYS,
olAFl6zflwsPt7DeKW5AiRjpPnVc,0.00,69212544096564	,用户提现,126.40,用户提现-退费单RF2026071814252086367,2026-07-20 06:50:13,用户提现,
olAFl6wUyzEeyImSbc09daQXH8zM,47.70,67482504313199	,订单退费转入,47.70,系统处理工单时转移用户余额，订单号=WS2026010408380330320,2026-07-20 05:56:03,SYS,
olAFl62d-Q76dSEIrG-NEqYcKSwk,54.00,67492609650613	,订单退费转入,54.00,系统处理工单时转移用户余额，订单号=WS2026041710525023382,2026-07-20 03:15:06,SYS,
olAFl69FgXOShWEbU07q7L6rPNjs,9.90,68772602246239	,订单退费转入,9.90,工单系统审核退费单-套餐已作废/钱包已清零,2026-07-20 03:15:06,SYS,
olAFl6z3HhjC2HOnsBdMq2r54srM,14.70,864665068075154	,订单退费转入,14.70,系统处理工单时转移用户余额，订单号=WS2025120416285069872,2026-07-20 03:15:06,SYS,
olAFl648oVpPCDDaoXRkfk3x9rZ4,184.00,69212552121763	,订单退费转入,184.00,工单系统流量套餐退款 本单会员价格20.00元，不能退款,2026-07-20 03:15:05,SYS,
olAFl69FL72uiLYnu4_4LBgexAd8,260.00,67862443002311	,订单退费转入,260.00,系统处理工单时转移用户余额，订单号=WS2026052521240594296,2026-07-20 03:15:05,SYS,
olAFl6yOne3kodlzJQbAgXjaks30,135.40,86132335070038	,订单退费转入,135.40,系统处理工单时转移用户余额，订单号=WS2025112420051405634,2026-07-20 03:15:05,SYS,
olAFl63gpARXmVsu6mtkRE1AT-fc,91.60,68032504011490	,订单退费转入,91.60,系统处理工单时转移用户余额，订单号=WS2026041020081167154,2026-07-20 03:15:05,SYS,
olAFl66ODmemHEJ15ZhKCnxA4etU,18.00,67512535262232	,订单退费转入,18.00,系统处理工单时转移用户余额，订单号=WS2025102315550047664,2026-07-20 03:15:05,SYS,
olAFl69TNKQOYsQ6b_NziGPO3U_Q,14.00,68772539116036	,订单退费转入,14.00,系统处理工单时转移用户余额，订单号=WS2025120501123495948,2026-07-20 03:15:05,SYS,
olAFl6_vIIuK3nhkSPtGTaQAFPT4,78.00,68772552214134	,订单退费转入,78.00,工单系统流量套餐退款,2026-07-20 03:15:05,SYS,
olAFl68ry-48lgG9oBkkJAKDsZWU,49.00,864665071504141	,订单退费转入,49.00,工单系统流量套餐退款,2026-07-20 03:15:05,SYS,
ojb7F2CWnDUl2D8XMpEW4-BklXWM,122.20,70032617036739	,订单退费转入,122.20,系统处理工单时转移用户余额，订单号=WS2026062812011894413,2026-07-20 03:15:05,SYS,
olAFl6zEzJYIzHtVXcSBrGKAkKc8,17.30,67512525195027	,订单退费转入,17.30,系统处理工单时转移用户余额，订单号=WN2025121312093445999,2026-07-20 03:15:04,SYS,
odELQ6rj79tbRuW-HlJofYItFS_k,79.00,68712517000716	,订单退费转入,79.00,工单系统审核退费单-套餐已作废/钱包已清零,2026-07-20 03:15:04,SYS,
olAFl62-2G8W8PxEQJSnOF5diHGA,179.00,69212621220708	,订单退费转入,179.00,工单系统流量套餐退款,2026-07-20 03:15:04,SYS,
ojb7F2PIxYIbINl6VmABF78KiHSE,199.00,69212612168564	,订单退费转入,199.00,工单系统流量套餐退款,2026-07-20 03:15:04,SYS,
odELQ6tQNuApZNLoZWlSxxgN-CkA,48.00,67682451003475	,订单退费转入,48.00,工单系统流量套餐退款,2026-07-20 03:15:04,SYS,
olAFl63XDsdo9lA2mArm7-WP6UhM,106.30,67492609655108	,订单退费转入,106.30,系统处理工单时转移用户余额，订单号=WS2026042511515355559,2026-07-20 03:15:04,SYS,
olAFl6-GbcQZOclIryNQRj6Ivu7g,29.00,67492538515579	,订单退费转入,29.00,工单系统流量套餐退款,2026-07-20 03:15:04,SYS,
olAFl6_yRzAijR8r9QPqbv6HSBl8,136.70,67492445312632	,订单退费转入,136.70,系统处理工单时转移用户余额，订单号=WS2026041708281018652,2026-07-20 03:15:04,SYS,
odELQ6utN4AZGDlXpztcEBLCkxl4,79.00,69302604000350	,订单退费转入,79.00,工单系统流量套餐退款,2026-07-20 03:15:03,SYS,
olAFl60WRVyZqwPTTtDMgzgw3OEI,199.00,69212544100480	,订单退费转入,199.00,工单系统审核退费单-套餐已作废/钱包已清零,2026-07-20 03:15:03,SYS,
ojb7F2P1QkuYEVlvcCnG6MpYAy4k,8.00,68772621358691	,订单退费转入,8.00,工单系统流量套餐退款 本单会员价格20.00元，不能退款,2026-07-20 03:15:03,SYS,
olAFl6xogXo36I3Cc0zm8-YMiUck,72.60,864665067786868	,订单退费转入,72.60,系统处理工单时转移用户余额，订单号=WS2025082915044683169,2026-07-20 03:15:03,SYS,
olAFl69u4mLk_M9rCBmzyqvt64c8,71.80,864665070600668	,订单退费转入,71.80,系统处理工单时转移用户余额，订单号=WN2026040509261446045,2026-07-20 03:15:03,SYS,
olAFl62n_n4vjmX2gU9g4PiVONFU,125.60,69212552122053	,订单退费转入,125.60,系统处理工单时转移用户余额，订单号=WS2026011913505273543,2026-07-20 03:15:03,SYS,
olAFl6yL1nzSPZojobqBwk1ralT0,45.10,58482343098430	,订单退费转入,45.10,系统处理工单时转移用户余额，订单号=WS2026010701040056183,2026-07-20 03:15:03,SYS,
olAFl6w4fNrajFISBEqMJKUkTJG0,0.00,67482449100952	,用户提现,162.10,用户提现-退费单RF2026072001312107747,2026-07-20 01:32:35,用户提现,
olAFl6w4fNrajFISBEqMJKUkTJG0,162.10,67482449100952	,订单退费转入,162.10,系统处理工单时转移用户余额，订单号=WS2026071915213764032,2026-07-20 01:31:21,SYS,
odELQ6qmdjMT-9SDnayi5hth0z20,0.00,67872535009118	,用户提现,110.00,用户提现-退费单RF2026071503150601416,2026-07-20 01:06:28,用户提现,
o4p3p648mbNJ7FKw5vI8bEiguTNM,39.00,865405075538152	,订单退费转入,39.00,工单系统流量套餐退款,2026-07-20 00:01:01,SYS,
ojb7F2AtpuL0RQlWv69-F35OgJCw,0.00,69212621226393	,用户提现,239.00,用户提现-退费单RF2026071923595597732,2026-07-20 00:00:45,用户提现,
ojb7F2AtpuL0RQlWv69-F35OgJCw,239.00,69212621226393	,订单退费转入,239.00,工单系统流量套餐退款,2026-07-19 23:59:56,SYS,
olAFl63I9NAuYdmNP-8wyD59dtJQ,0.00,70032627108351	,用户提现,94.00,用户提现-退费单RF2026071923174699728,2026-07-19 23:54:41,用户提现,
ojb7F2JE9m-KNHi8kQ-GZs_pudRk,0.00,69212621225369	,用户提现,122.20,用户提现-退费单RF2026071911263597188,2026-07-19 23:52:12,用户提现,
olAFl63I9NAuYdmNP-8wyD59dtJQ,94.00,70032627108351	,订单退费转入,94.00,工单系统审核退费单-套餐已作废/钱包已清零,2026-07-19 23:45:41,SYS,
olAFl6wb0yuuZ4D-Ch-f8mgVDjuo,0.00,67512445094098	,用户提现,47.40,用户提现-退费单RF2026071820334758625,2026-07-19 23:27:17,用户提现,
olAFl67avEIpKZB5_JhO9XQqKSnw,0.00,69212602148451	,用户提现,69.00,用户提现-退费单RF2026071923204718154,2026-07-19 23:21:55,用户提现,
olAFl67avEIpKZB5_JhO9XQqKSnw,69.00,69212602148451	,订单退费转入,69.00,工单系统流量套餐退款,2026-07-19 23:20:47,SYS,
o2uAP6z_L9xu0zWBO5d6WO_iH7ZI,0.00,328814343	,用户提现,39.90,用户提现-退费单RF2026071923172536514,2026-07-19 23:19:01,用户提现,
o2uAP6z_L9xu0zWBO5d6WO_iH7ZI,39.90,328814343	,订单退费转入,39.90,工单系统流量套餐退款,2026-07-19 23:17:25,SYS,
olAFl685trm5wlINRJL9A_wCWwoE,0.00,67492603601463	,用户提现,180.00,用户提现-退费单RF2026071923030008763,2026-07-19 23:03:39,用户提现,
olAFl685trm5wlINRJL9A_wCWwoE,180.00,67492603601463	,订单退费转入,180.00,系统处理工单时转移用户余额，订单号=WS2026071911152048224,2026-07-19 23:03:00,SYS,
ojb7F2JxKo9fSg0NcgGxoQ-IQFCY,180.00,70132627000624	,订单退费转入,180.00,系统处理工单时转移用户余额，订单号=WS2026071519232243327,2026-07-19 23:01:45,SYS,
ojb7F2CCv9R7CetofYoYiCfB6IrM,0.00,69142620032746	,用户提现,109.00,用户提现-退费单RF2026071922494506125,2026-07-19 22:55:05,用户提现,
ojb7F2CCv9R7CetofYoYiCfB6IrM,109.00,69142620032746	,订单退费转入,109.00,工单系统流量套餐退款,2026-07-19 22:49:45,SYS,
ojb7F2PGouzBd-amzsvYYqh34hTQ,0.00,	,系统扣费,92.20,用户无可退退费单，钱包清零,2026-07-19 22:40:09,SYS,
olAFl6_3vWxmnRyj7VTjylxHOTzM,99.00,67002523281948	,订单退费转入,99.00,系统处理工单时转移用户余额，订单号=WN2026071819213328989,2026-07-19 22:36:25,SYS,
ojb7F2Bxabyqu4iMY3fkRh3fxCGM,39.00,67492602581339	,订单退费转入,39.00,工单系统流量套餐退款,2026-07-19 22:34:12,SYS,
odELQ6mfqa6eLHiJ_t6SynruoS-U,0.00,67682509015288	,用户提现,100.00,用户提现-退费单RF2026071703151217168,2026-07-19 22:33:14,用户提现,
olAFl66GX3mCy-vT0oQGHkrfELSQ,0.00,69212536007981	,用户提现,54.00,用户提现-退费单RF2026071823591757472,2026-07-19 22:19:56,用户提现,
olAFl674Sw-2bRKjKK41xq6-NJk8,0.00,67512525225176	,用户提现,88.00,用户提现-退费单RF2026071922051681390,2026-07-19 22:05:41,用户提现,
olAFl674Sw-2bRKjKK41xq6-NJk8,88.00,67512525225176	,订单退费转入,88.00,系统处理工单时转移用户余额，订单号=WS2026051014041172873,2026-07-19 22:05:17,SYS,
olAFl64Nl3def40xPZrSqSJ4Cs-k,0.00,70032611012366	,用户提现,29.90,用户提现-退费单RF2026071703150468573,2026-07-19 21:52:58,用户提现,
olAFl6-S9IbeHP93SZDXb5cE99K8,0.00,70032621091547	,用户提现,104.40,用户提现-退费单RF2026071703151301584,2026-07-19 21:45:21,用户提现,
ojb7F2ClDJG_v-tv82kq6zMNj3hc,55.00,69212621222311	,订单退费转入,55.00,工单系统流量套餐退款,2026-07-19 21:43:34,SYS,
olAFl63H30zmj0SXw5XsvRFH1r8o,0.00,67492518498424	,用户提现,68.10,用户提现-退费单RF2026071921400868979,2026-07-19 21:40:51,用户提现,
olAFl63H30zmj0SXw5XsvRFH1r8o,68.10,67492518498424	,订单退费转入,68.10,系统处理工单时转移用户余额，订单号=WS2025113017333645694,2026-07-19 21:40:09,SYS,
olAFl66N9735UjVq-ArG-Tr6nalM,0.00,69212544103600	,用户提现,50.20,用户提现-退费单RF2026071921341857237,2026-07-19 21:35:16,用户提现,
olAFl66N9735UjVq-ArG-Tr6nalM,50.20,69212544103600	,订单退费转入,50.20,系统处理工单时转移用户余额，订单号=WS2026022517025990274,2026-07-19 21:34:19,SYS,
ojb7F2KXQq-U_AkIF0VAlutwqf4g,0.00,67492603605515	,用户提现,155.30,用户提现-退费单RF2026071921141810620,2026-07-19 21:14:47,用户提现,
ojb7F2KXQq-U_AkIF0VAlutwqf4g,155.30,67492603605515	,订单退费转入,155.30,系统处理工单时转移用户余额，订单号=WS2026060915003126128,2026-07-19 21:14:18,SYS,
ojb7F2MeHz8E47oHm5k0Udfx2s8A,0.00,70032621088770	,用户提现,183.00,用户提现-退费单RF2026071921021856234,2026-07-19 21:02:52,用户提现,
ojb7F2MeHz8E47oHm5k0Udfx2s8A,183.00,70032621088770	,订单退费转入,183.00,工单系统流量套餐退款,2026-07-19 21:02:19,SYS,
olAFl6wrRIQChz4AmNTd07rg-3XI,0.00,67512525225027	,用户提现,99.00,用户提现-退费单RF2026071921005682745,2026-07-19 21:01:50,用户提现,
olAFl6wrRIQChz4AmNTd07rg-3XI,99.00,67512525225027	,订单退费转入,99.00,工单系统流量套餐退款 本单会员价格20.00元，不能退款,2026-07-19 21:00:57,SYS,
olAFl68ClItB8EqTMuI1nJTokKPg,0.00,68772604275816	,用户提现,72.40,用户提现-退费单RF2026071920495791278,2026-07-19 20:51:45,用户提现,
olAFl68ClItB8EqTMuI1nJTokKPg,72.40,68772604275816	,订单退费转入,72.40,系统处理工单时转移用户余额，订单号=WS2026032320213587846,2026-07-19 20:49:58,SYS,
olAFl6yM9AG-8JZuIhwtPaqMo6ss,62.20,69212612176554	,订单退费转入,62.20,系统处理工单时转移用户余额，订单号=WN2026052209495248294,2026-07-19 20:48:57,SYS,
olAFl62bWDZk4kCLQf3d4F3nGYnQ,0.00,68032536034952	,用户提现,90.00,用户提现-退费单RF2026071920431408588,2026-07-19 20:44:01,用户提现,
olAFl62bWDZk4kCLQf3d4F3nGYnQ,90.00,68032536034952	,订单退费转入,90.00,工单系统流量套餐退款,2026-07-19 20:43:14,SYS,
olAFl60p8uubG4qaW50J3PBNVqMA,0.00,67912450003594	,用户提现,116.30,用户提现-退费单RF2026071920380151127,2026-07-19 20:42:46,用户提现,
olAFl60p8uubG4qaW50J3PBNVqMA,116.30,67912450003594	,订单退费转入,116.30,系统处理工单时转移用户余额，订单号=WS2026071919592474296,2026-07-19 20:38:02,SYS,
olAFl6z6Iz2ckt6Zm0EFxa4r9vYM,0.00,68772604280394	,用户提现,22.00,用户提现-退费单RF2026070113574945968,2026-07-19 20:21:35,用户提现,
ojb7F2HKFkOqah9wCmOUgtwjTF6U,0.00,69212602147636	,用户提现,180.00,用户提现-退费单RF2026071920102142475,2026-07-19 20:11:59,用户提现,
ojb7F2HKFkOqah9wCmOUgtwjTF6U,180.00,69212602147636	,订单退费转入,180.00,系统处理工单时转移用户余额，订单号=WS2026071918573228647,2026-07-19 20:10:21,SYS,
olAFl6-ZHhGyI81lOdv5gZGcePwM,0.00,864665070555409	,用户提现,379.00,用户提现-退费单RF2026071919215293021,2026-07-19 19:30:50,用户提现,
olAFl68sFVa3YkWjR3nwq21zpHI0,0.00,67492602580087	,用户提现,30.10,用户提现-退费单RF2026071919301368428,2026-07-19 19:30:40,用户提现,
olAFl68sFVa3YkWjR3nwq21zpHI0,30.10,67492602580087	,订单退费转入,30.10,系统处理工单时转移用户余额，订单号=WS2026012519262390525,2026-07-19 19:30:14,SYS,
olAFl6xwU2qtKpTLH0j8rRdjpcoQ,0.00,864665067753801	,用户提现,87.50,用户提现-退费单RF2026071703150374748,2026-07-19 19:27:41,用户提现,
olAFl67wOJNV1NomZg3IE9UdRmz4,0.00,67512535267882	,用户提现,114.40,用户提现-退费单RF2026071919262366785,2026-07-19 19:26:46,用户提现,
olAFl67wOJNV1NomZg3IE9UdRmz4,114.40,67512535267882	,订单退费转入,114.40,系统处理工单时转移用户余额，订单号=WN2025120616341840827,2026-07-19 19:26:24,SYS,
olAFl6-m4gfqKMlFHsn429RXMiqY,0.00,69212606158827	,用户提现,39.00,用户提现-退费单RF2026071918554108319,2026-07-19 19:25:18,用户提现,
olAFl6-ZHhGyI81lOdv5gZGcePwM,379.00,864665070555409	,订单退费转入,379.00,工单系统流量套餐退款,2026-07-19 19:21:53,SYS,
olAFl6y6FJEvbe98134lj7fpaa4w,0.00,68772543145300	,用户提现,18.20,用户提现-退费单RF2026071919191899528,2026-07-19 19:20:36,用户提现,
olAFl6y6FJEvbe98134lj7fpaa4w,18.20,68772543145300	,订单退费转入,18.20,系统处理工单时转移用户余额，订单号=WS2025123119371054114,2026-07-19 19:19:19,SYS,
olAFl62FFzzXjReojTNiqv6oZGz4,0.00,864665069398431	,用户提现,155.30,用户提现-退费单RF2026071919013212496,2026-07-19 19:09:40,用户提现,
ojb7F2ASkAVtkYH0xEcbxapVlJ10,172.20,69212602144302	,订单退费转入,172.20,系统处理工单时转移用户余额，订单号=WS2026070521032915326,2026-07-19 19:07:37,SYS,
olAFl62FFzzXjReojTNiqv6oZGz4,155.30,864665069398431	,订单退费转入,155.30,系统处理工单时转移用户余额，订单号=WS2026070521533476340,2026-07-19 19:01:32,SYS,
olAFl6-m4gfqKMlFHsn429RXMiqY,39.00,69212606158827	,订单退费转入,39.00,工单系统流量套餐退款,2026-07-19 18:55:41,SYS,
olAFl60LOti-wmx7dLYQIVZy-eFQ,0.00,67492609641171	,用户提现,94.50,用户提现-退费单RF2026071918424849357,2026-07-19 18:43:52,用户提现,
olAFl60LOti-wmx7dLYQIVZy-eFQ,94.50,67492609641171	,订单退费转入,94.50,系统处理工单时转移用户余额，订单号=WS2026070113480106448,2026-07-19 18:42:48,SYS,
odELQ6rqiEaaPSwV3Mnsq9V-DDBg,41.00,67492610674801	,订单退费转入,41.00,工单系统流量套餐退款,2026-07-19 18:42:36,SYS,
olAFl687uNf1SQL1NSGAJU_t0Mds,0.00,67492602581593	,用户提现,340.00,用户提现-退费单RF2026071918203894039,2026-07-19 18:27:05,用户提现,
olAFl687uNf1SQL1NSGAJU_t0Mds,340.00,67492602581593	,订单退费转入,340.00,工单系统流量套餐退款,2026-07-19 18:20:39,SYS,
ojb7F2AydhoELTe8RfvnBkCTiC80,0.00,69212621225870	,用户提现,15.20,用户提现-退费单RF2026071809540776957,2026-07-19 18:18:29,用户提现,
olAFl62QI_bvBYpXfHYU45DNgfyU,0.00,60912411001634	,用户提现,99.00,用户提现-退费单RF2026071918073448197,2026-07-19 18:07:58,用户提现,
olAFl62QI_bvBYpXfHYU45DNgfyU,99.00,60912411001634	,订单退费转入,99.00,工单系统流量套餐退款 本单会员价格20.00元，不能退款 组合支付：微信退费 99.00,2026-07-19 18:07:34,SYS,
olAFl6-wUKHtmTOb9z0f_2Rew__4,0.00,68772610297790	,用户提现,112.40,用户提现-退费单RF2026051503160679,2026-07-19 18:05:50,用户提现,
olAFl6xSzri81-unbjRhPQ2fuKpI,0.00,67492509461686	,用户提现,142.20,用户提现-退费单RF2026071918003290214,2026-07-19 18:01:19,用户提现,
olAFl6xSzri81-unbjRhPQ2fuKpI,142.20,67492509461686	,订单退费转入,142.20,系统处理工单时转移用户余额，订单号=WS2026062706383113531,2026-07-19 18:00:33,SYS,
olAFl68sFVa3YkWjR3nwq21zpHI0,0.00,67492602580087	,用户提现,59.70,用户提现-退费单RF2026071917554695764,2026-07-19 17:58:29,用户提现,
olAFl68sFVa3YkWjR3nwq21zpHI0,59.70,67492602580087	,订单退费转入,59.70,系统处理工单时转移用户余额，订单号=WS2026012519262390525,2026-07-19 17:55:47,SYS,
olAFl6-AWK1DJ-S1qMz3d8y103ug,0.00,67492509482820	,用户提现,179.00,用户提现-退费单RF2026071917393525214,2026-07-19 17:41:56,用户提现,
olAFl6-AWK1DJ-S1qMz3d8y103ug,179.00,67492509482820	,订单退费转入,179.00,工单系统流量套餐退款 本单会员价格20.00元，不能退款,2026-07-19 17:39:35,SYS,
olAFl69uCdPO_EEBoGcnn5WmwrwA,0.00,67482503250500	,用户提现,145.00,用户提现-退费单RF2026071917053733056,2026-07-19 17:06:01,用户提现,
olAFl69uCdPO_EEBoGcnn5WmwrwA,145.00,67482503250500	,订单退费转入,145.00,系统处理工单时转移用户余额，订单号=WS2026060313471491586,2026-07-19 17:05:37,SYS,
ojb7F2CMZfHSecYwhvyVsnUHe410,0.00,69212621217525	,用户提现,167.00,用户提现-退费单RF2026071811594989119,2026-07-19 16:59:09,用户提现,
ojb7F2LkQUnq1xRUK57guDRNKtdA,109.00,69212544103774	,订单退费转入,109.00,工单系统流量套餐退款,2026-07-19 16:26:04,SYS,
ojb7F2AH842LamImS5r_aNv_Wu2I,0.00,69212538044210	,用户提现,142.20,用户提现-退费单RF2026071916251096650,2026-07-19 16:25:56,用户提现,
ojb7F2AH842LamImS5r_aNv_Wu2I,142.20,69212538044210	,订单退费转入,142.20,系统处理工单时转移用户余额，订单号=WS2026071417454282957,2026-07-19 16:25:11,SYS,
ojb7F2BHPedi-PkNpXfyspQoIZqo,120.00,67492609647663	,订单退费转入,120.00,工单系统流量套餐退款 本单会员价格20.00元，不能退款,2026-07-19 16:19:30,SYS,
olAFl62e5prM7vJ6IjIAfZK9zMsk,182.00,69212612175774	,订单退费转入,182.00,工单系统流量套餐退款,2026-07-19 16:09:33,SYS,
olAFl6zAzGXqG1gGA3VSU090_DCw,64.20,86132410226282	,订单退费转入,64.20,系统处理工单时转移用户余额，订单号=WS2026030419225790251,2026-07-19 16:07:50,SYS,
olAFl66QxDO0BhQ9TURQlU1bVFrs,0.00,67002447037430	,用户提现,94.00,用户提现-退费单RF2026071915571706042,2026-07-19 15:58:51,用户提现,
olAFl66QxDO0BhQ9TURQlU1bVFrs,94.00,67002447037430	,订单退费转入,94.00,工单系统流量套餐退款,2026-07-19 15:57:17,SYS,
ojb7F2Ad07rXynR7eGcWSubY8J28,109.00,70032617028668	,订单退费转入,109.00,工单系统流量套餐退款,2026-07-19 15:42:55,SYS,
olAFl60BDStLMoQuZyRZqJusCwWs,0.00,864665070186940	,用户提现,155.30,用户提现-退费单RF2026071915302140999,2026-07-19 15:30:33,用户提现,
olAFl60BDStLMoQuZyRZqJusCwWs,155.30,864665070186940	,订单退费转入,155.30,系统处理工单时转移用户余额，订单号=WS2026070112481569324,2026-07-19 15:30:21,SYS,
olAFl63Ml5R6Lqzr46_qi_jPip7w,0.00,63272426054668	,用户提现,54.70,用户提现-退费单RF2026070203152913635,2026-07-19 15:18:10,用户提现,
olAFl658u9gwRAsh8VQwZQuio-bI,102.40,68772543149826	,订单退费转入,102.40,系统处理工单时转移用户余额，订单号=WS2026011114592773250,2026-07-19 14:53:57,SYS,
olAFl62BAZPuQozF9BD3RscL7f7U,0.00,68772602221366	,用户提现,27.30,用户提现-退费单RF2026071914192815588,2026-07-19 14:28:36,用户提现,
olAFl62BAZPuQozF9BD3RscL7f7U,27.30,68772602221366	,订单退费转入,27.30,系统处理工单时转移用户余额，订单号=WS2026012416153944135,2026-07-19 14:19:28,SYS,
ojb7F2Iz4g5GjGdDThIcOFWkT69c,0.00,69212621225734	,用户提现,340.00,用户提现-退费单RF2026071914133853593,2026-07-19 14:13:49,用户提现,
ojb7F2Iz4g5GjGdDThIcOFWkT69c,340.00,69212621225734	,订单退费转入,340.00,工单系统流量套餐退款,2026-07-19 14:13:39,SYS,
ojb7F2CUapjPntS3_3EdOL_KVJmE,179.00,69142620026411	,订单退费转入,179.00,工单系统流量套餐退款,2026-07-19 14:11:06,SYS,
olAFl6wrdMienxAJCdEdC3KGLO_c,0.00,67002453138669	,用户提现,105.60,用户提现-退费单RF2026071913543423781,2026-07-19 13:55:03,用户提现,
olAFl6wrdMienxAJCdEdC3KGLO_c,105.60,67002453138669	,订单退费转入,105.60,系统处理工单时转移用户余额，订单号=WS2026052917113930093,2026-07-19 13:54:34,SYS,
olAFl6xftXuvcnbM6mJAgSipE5BI,56.00,69212612190190	,订单退费转入,56.00,工单系统流量套餐退款,2026-07-19 13:45:57,SYS,
ojb7F2C9iUf1F4fmS8NLHqsEIUFg,0.00,69212602143922	,用户提现,19.00,用户提现-退费单RF2026071403150247442,2026-07-19 13:15:30,用户提现,
olAFl6y7EqoIRXAurzYtapYJHkvk,0.00,68772543131765	,用户提现,43.30,用户提现-退费单RF2026071912343659861,2026-07-19 12:38:08,用户提现,
olAFl6y7EqoIRXAurzYtapYJHkvk,43.30,68772543131765	,订单退费转入,43.30,系统处理工单时转移用户余额，订单号=WN2026052013482478274,2026-07-19 12:34:37,SYS,
ojb7F2E2tv4N_AGby-5i946Q-zqk,0.00,69142620030176	,用户提现,180.00,用户提现-退费单RF2026071912104457339,2026-07-19 12:13:13,用户提现,
ojb7F2E2tv4N_AGby-5i946Q-zqk,180.00,69142620030176	,订单退费转入,180.00,系统处理工单时转移用户余额，订单号=WS2026071811075799750,2026-07-19 12:10:45,SYS,
olAFl65QC3mQXkV4ETOJW3mHfk8s,0.00,69212621216736	,用户提现,172.20,用户提现-退费单RF2026071703150299729,2026-07-19 12:07:17,用户提现,
olAFl63zgPo3qQfpibOi31pf4izY,0.00,68032536034296	,用户提现,39.00,用户提现-退费单RF2026071912031020538 微信退款失败：工单系统流量套餐退款,2026-07-19 12:03:45,用户提现,
olAFl61GZnAIvNf6fhuamgPu08Mw,0.00,67492442201352	,用户提现,60.00,用户提现-退费单RF2026071912021631994,2026-07-19 12:03:18,用户提现,
olAFl63zgPo3qQfpibOi31pf4izY,39.00,68032536034296	,订单退费转入,39.00,工单系统流量套餐退款,2026-07-19 12:03:10,SYS,
olAFl61GZnAIvNf6fhuamgPu08Mw,60.00,67492442201352	,订单退费转入,60.00,系统处理工单时转移用户余额，订单号=WS2026021007385362184,2026-07-19 12:02:16,SYS,
olAFl64ZrPVuom6jvRgXHsR8Myow,0.00,67492602587407	,用户提现,399.00,用户提现-退费单RF2026071911474697623,2026-07-19 11:57:52,用户提现,
olAFl607jh1qKnO7gD-kcZUDfiRk,0.00,69212536007769	,用户提现,61.00,用户提现-退费单RF2026071911471125493,2026-07-19 11:54:15,用户提现,
olAFl607jh1qKnO7gD-kcZUDfiRk,61.00,69212536007769	,用户提现,320.00,用户提现-退费单RF2026071911471124932,2026-07-19 11:54:13,用户提现,
olAFl64ZrPVuom6jvRgXHsR8Myow,399.00,67492602587407	,订单退费转入,399.00,工单系统流量套餐退款,2026-07-19 11:47:47,SYS,
olAFl607jh1qKnO7gD-kcZUDfiRk,320.00,69212536007769	,订单退费转入,320.00,系统处理工单时转移用户余额，订单号=WS2026071813581263112,2026-07-19 11:47:11,SYS,
olAFl607jh1qKnO7gD-kcZUDfiRk,381.00,69212536007769	,订单退费转入,61.00,系统处理工单时转移用户余额，订单号=WS2025092814052429162,2026-07-19 11:47:11,SYS,
o2uAP66BbbSwA_sio9HIXi9LugM4,146.00,32877313	,订单退费转入,146.00,工单系统流量套餐退款 本单会员价格20.00元，不能退款,2026-07-19 11:43:13,SYS,
olAFl68vF9JF7nvMBN0uAoRnjlqo,0.00,69142620032231	,用户提现,124.50,用户提现-退费单RF2026071911364135155,2026-07-19 11:37:15,用户提现,
olAFl68vF9JF7nvMBN0uAoRnjlqo,124.50,69142620032231	,订单退费转入,124.50,系统处理工单时转移用户余额，订单号=WS2026052413141449951,2026-07-19 11:36:41,SYS,
ojb7F2JE9m-KNHi8kQ-GZs_pudRk,122.20,69212621225369	,订单退费转入,122.20,系统处理工单时转移用户余额，订单号=WS2026071323573964672,2026-07-19 11:26:36,SYS,
o2uAP6_wUStte4azGa7C_R22FKQo,0.00,328814113	,用户提现,146.00,用户提现-退费单RF2026071821415793914,2026-07-19 11:26:33,用户提现,
olAFl6-E2mDfBOzNdpppCKk59_DI,0.00,864665069558570	,用户提现,93.70,用户提现-退费单RF2026071911183691525,2026-07-19 11:19:05,用户提现,
olAFl6-E2mDfBOzNdpppCKk59_DI,93.70,864665069558570	,订单退费转入,93.70,系统处理工单时转移用户余额，订单号=WS2026012919105431515,2026-07-19 11:18:37,SYS,
olAFl6-08yGJLtcsXqFoWbGhuNek,0.00,67482445017388	,用户提现,109.80,用户提现-退费单RF2026062603154333237,2026-07-19 11:14:14,用户提现,
olAFl67KlZET2oq8I4ayouTkbxUw,0.00,68772604275581	,用户提现,60.70,用户提现-退费单RF2026071910453677648,2026-07-19 10:53:28,用户提现,
olAFl67KlZET2oq8I4ayouTkbxUw,60.70,68772604275581	,订单退费转入,60.70,工单系统流量套餐退款,2026-07-19 10:45:37,SYS,
ojb7F2Gh0XHHKkMJ_H_rDM252YmY,0.00,69212544102560	,用户提现,168.00,用户提现-退费单RF2026071910151903558,2026-07-19 10:18:50,用户提现,
ojb7F2Gh0XHHKkMJ_H_rDM252YmY,168.00,69212544102560	,订单退费转入,168.00,工单系统流量套餐退款,2026-07-19 10:15:19,SYS,
olAFl6wrVWnrAYzy1dhozzuhZJCw,0.00,68772602219988	,用户提现,144.40,用户提现-退费单RF2026071910103103931,2026-07-19 10:11:34,用户提现,
olAFl6wrVWnrAYzy1dhozzuhZJCw,144.40,68772602219988	,订单退费转入,144.40,系统处理工单时转移用户余额，订单号=WS2026052209572176357,2026-07-19 10:10:31,SYS,
olAFl60SXQDnAor2vZe6GrTeiYGk,159.00,68772612324834	,订单退费转入,159.00,工单系统流量套餐退款,2026-07-19 09:53:09,SYS,
olAFl67UiQ_dndAEMUz9J4VxsJiY,0.00,63272416023362	,用户提现,138.00,用户提现-退费单RF2026071909432719953,2026-07-19 09:44:12,用户提现,
olAFl67UiQ_dndAEMUz9J4VxsJiY,138.00,63272416023362	,订单退费转入,138.00,工单系统流量套餐退款,2026-07-19 09:43:27,SYS,
olAFl673fsblEThPWtXbWzW6pkNY,0.00,67492442203146	,用户提现,35.60,用户提现-退费单RF2026071909394494872,2026-07-19 09:40:16,用户提现,
olAFl673fsblEThPWtXbWzW6pkNY,35.60,67492442203146	,订单退费转入,35.60,系统处理工单时转移用户余额，订单号=WN2025080917181963229,2026-07-19 09:39:45,SYS,
olAFl65ZO93-5bxa6Nn9XBLCAHog,0.00,67512517178764	,用户提现,62.60,用户提现-退费单RF2026071808295148069,2026-07-19 09:33:02,用户提现,
olAFl61dNLmILzR5_Wkqzye_BaXw,0.00,864665070190561	,用户提现,109.00,用户提现-退费单RF2026071909231922886,2026-07-19 09:24:58,用户提现,
olAFl61dNLmILzR5_Wkqzye_BaXw,109.00,864665070190561	,订单退费转入,109.00,工单系统流量套餐退款,2026-07-19 09:23:19,SYS,
ojb7F2G5PReFh22qI_52pUJor06s,0.00,69212552121535	,用户提现,74.00,用户提现-退费单RF2026071909200520180,2026-07-19 09:21:53,用户提现,
ojb7F2G5PReFh22qI_52pUJor06s,74.00,69212552121535	,订单退费转入,74.00,系统处理工单时转移用户余额，订单号=WS2026071409153788729,2026-07-19 09:20:05,SYS,
olAFl6x2opoOIKJHShb76EdydVz0,0.00,68772610297241	,用户提现,199.00,用户提现-退费单RF2026071909041289597,2026-07-19 09:04:42,用户提现,
olAFl6x2opoOIKJHShb76EdydVz0,199.00,68772610297241	,订单退费转入,199.00,工单系统流量套餐退款,2026-07-19 09:04:13,SYS,
ojb7F2CAHtKDoSqUpGNHHbH1Fk7s,0.00,67492603606857	,用户提现,142.20,用户提现-退费单RF2026071908373065187,2026-07-19 08:39:05,用户提现,
ojb7F2CAHtKDoSqUpGNHHbH1Fk7s,142.20,67492603606857	,订单退费转入,142.20,系统处理工单时转移用户余额，订单号=WS2026071518231422639,2026-07-19 08:37:31,SYS,
ojb7F2JBzLoR1AL9Z6rC7Lf6u53U,0.00,70032621093074	,用户提现,396.00,用户提现-退费单RF2026071521392543179,2026-07-19 08:24:36,用户提现,
olAFl627ncBqJeGLwzpfNZyE3esg,0.00,70032611014708	,用户提现,60.70,用户提现-退费单RF2026071907541433016,2026-07-19 07:56:20,用户提现,
olAFl627ncBqJeGLwzpfNZyE3esg,60.70,70032611014708	,订单退费转入,60.70,工单系统流量套餐退款,2026-07-19 07:54:14,SYS,
olAFl60JepYwpoGjsGiM1dVmP14U,0.00,69212612185742	,用户提现,35.50,用户提现-退费单RF2026071907514718064,2026-07-19 07:52:08,用户提现,
olAFl60JepYwpoGjsGiM1dVmP14U,35.50,69212612185742	,订单退费转入,35.50,系统处理工单时转移用户余额，订单号=WS2026042500095963068,2026-07-19 07:51:47,SYS,
olAFl68n9fSyUcVICRRfdXWUEP3s,0.00,67912450006053	,用户提现,64.50,用户提现-退费单RF2026071703150880963,2026-07-19 07:50:36,用户提现,
olAFl63EA29sCWc092wCJ8HySAoE,0.00,69212621226045	,用户提现,168.00,用户提现-退费单RF2026071907274747299,2026-07-19 07:28:22,用户提现,
olAFl63EA29sCWc092wCJ8HySAoE,168.00,69212621226045	,订单退费转入,168.00,工单系统流量套餐退款,2026-07-19 07:27:47,SYS,
olAFl67LD-teyLAiao6O3q7hlN0o,0.00,67002523281978	,用户提现,27.10,用户提现-退费单RF2026071907162425317,2026-07-19 07:16:55,用户提现,
olAFl67LD-teyLAiao6O3q7hlN0o,27.10,67002523281978	,订单退费转入,27.10,系统处理工单时转移用户余额，订单号=WS2025091613234766091,2026-07-19 07:16:24,SYS,
ojb7F2EmDX5zi2Wif91DFmVsKQvw,179.00,69212621222528	,订单退费转入,179.00,工单系统流量套餐退款,2026-07-19 07:13:15,SYS,
olAFl6_DOIHhmtmhsTLb7-gPCIkQ,0.00,67002523285144	,用户提现,41.00,用户提现-退费单RF2026071801105471535,2026-07-19 05:27:48,用户提现,
ojb7F2DL0DdZQpMan1v1qOpcI22E,0.00,69212621224997	,用户提现,19.00,用户提现-退费单RF2026071904404350621,2026-07-19 04:41:00,用户提现,
ojb7F2DL0DdZQpMan1v1qOpcI22E,19.00,69212621224997	,订单退费转入,19.00,工单系统流量套餐退款,2026-07-19 04:40:44,SYS,
olAFl66_8LwnGKPwa8mqUcE7dbkk,0.00,68772528057801	,用户提现,49.00,用户提现-退费单RF2026071904332853240,2026-07-19 04:33:58,用户提现,
olAFl66_8LwnGKPwa8mqUcE7dbkk,49.00,68772528057801	,订单退费转入,49.00,工单系统流量套餐退款,2026-07-19 04:33:29,SYS,
ojb7F2F3rZ6WRjhEfKsMhgFA1rxs,39.00,67492602584458	,订单退费转入,39.00,工单系统流量套餐退款,2026-07-19 02:18:50,SYS,
odELQ6nknmiKRUx3YSvOsNqz8now,0.00,67682522025352	,用户提现,150.10,用户提现-退费单RF2026071901372057134,2026-07-19 01:37:43,用户提现,
odELQ6nknmiKRUx3YSvOsNqz8now,150.10,67682522025352	,订单退费转入,150.10,系统处理工单时转移用户余额，订单号=WS2026071417041470110,2026-07-19 01:37:21,SYS,
olAFl6yVC5A1H3xoUW8UQZyy-jUs,0.00,69212622241855	,用户提现,62.20,用户提现-退费单RF2026071901090599158,2026-07-19 01:26:02,用户提现,
olAFl6yVC5A1H3xoUW8UQZyy-jUs,62.20,69212622241855	,订单退费转入,62.20,系统处理工单时转移用户余额，订单号=WN2026071314480608782,2026-07-19 01:09:06,SYS,
olAFl644zJ6m3X1RXSvoDCMB7ke4,0.00,68772543141418	,用户提现,159.00,用户提现-退费单RF2026071900363214326,2026-07-19 00:37:16,用户提现,
olAFl644zJ6m3X1RXSvoDCMB7ke4,159.00,68772543141418	,订单退费转入,159.00,工单系统流量套餐退款,2026-07-19 00:36:32,SYS,
ojb7F2CigxlQ7gvsFNnw1dFAlwx4,0.00,69212552124758	,用户提现,540.00,用户提现-退费单RF2026071800121771313,2026-07-19 00:06:50,用户提现,
olAFl66GX3mCy-vT0oQGHkrfELSQ,54.00,69212536007981	,订单退费转入,54.00,系统处理工单时转移用户余额，订单号=WS2026051320115041112,2026-07-18 23:59:18,SYS,
ojb7F2I0d-k89UiL1pucFty75sUk,0.00,	,系统扣费,179.00,用户无可退退费单，钱包清零,2026-07-18 23:42:44,SYS,
olAFl68vlP0jIRT-4V8zaUsiU3LQ,0.00,69212602146663	,用户提现,25.80,用户提现-退费单RF2026071722334655893,2026-07-18 23:32:49,用户提现,
olAFl6yOkYQtDF7evcnE0BPEjnSk,0.00,67492445316125	,用户提现,59.00,用户提现-退费单RF2026071721342156589,2026-07-18 23:06:57,用户提现,
olAFl6xHLJSdlDX3JRoaZdCU1q9A,0.00,67492610678047	,用户提现,19.00,用户提现-退费单RF2026071822190869637,2026-07-18 22:53:40,用户提现,
olAFl6yWsUlCao3XGl5-W8xXnqag,0.00,67492609641871	,用户提现,19.00,用户提现-退费单RF2026071822401944526,2026-07-18 22:45:07,用户提现,
ojb7F2Li2ULhzU0mX7P7u_SFSFZA,141.20,69142620033138	,订单退费转入,141.20,系统处理工单时转移用户余额，订单号=WS2026071817352598175,2026-07-18 22:43:50,SYS,
olAFl6yWsUlCao3XGl5-W8xXnqag,19.00,67492609641871	,订单退费转入,19.00,工单系统流量套餐退款,2026-07-18 22:40:19,SYS,
ojb7F2GvO1aSTyPe0ZQCdFDgTdVs,0.00,69212621226219	,用户提现,19.00,用户提现-退费单RF2026071822385477868,2026-07-18 22:39:10,用户提现,
ojb7F2GvO1aSTyPe0ZQCdFDgTdVs,19.00,69212621226219	,订单退费转入,19.00,工单系统流量套餐退款,2026-07-18 22:38:55,SYS,
ojb7F2Ae39KQXtap1XyXYi3YIQpk,0.00,69212621223370	,用户提现,490.00,用户提现-退费单RF2026071806155659819,2026-07-18 22:28:55,用户提现,
ojb7F2IDr9_mHFNKoaau7cioIDRE,0.00,70032606001178	,用户提现,133.30,用户提现-退费单RF2026071822191140339,2026-07-18 22:19:44,用户提现,
ojb7F2IDr9_mHFNKoaau7cioIDRE,133.30,70032606001178	,订单退费转入,133.30,系统处理工单时转移用户余额，订单号=WS2026062122022891594,2026-07-18 22:19:11,SYS,
olAFl6xHLJSdlDX3JRoaZdCU1q9A,19.00,67492610678047	,订单退费转入,19.00,工单系统流量套餐退款,2026-07-18 22:19:09,SYS,
ojb7F2Jdtz0CMsY6c5MMxEPcZiys,81.00,69212612172711	,订单退费转入,81.00,工单系统流量套餐退款 本单会员价格20.00元，不能退款,2026-07-18 22:16:02,SYS,
olAFl65uF-jwGBd6fOo0K9PT5grY,0.00,67002509246359	,用户提现,49.60,用户提现-退费单RF2026070903151481534,2026-07-18 22:05:27,用户提现,
olAFl637Si9a8HniLrY24YGlXTU8,0.00,35682239061233	,用户提现,63.00,用户提现-退费单RF2026071603150747381,2026-07-18 22:01:12,用户提现,
olAFl6y_ZqKM9RodpC7ZHYG_pNV0,0.00,69142620030279	,用户提现,19.00,用户提现-退费单RF2026071821562581627,2026-07-18 21:57:58,用户提现,
olAFl64KQG1KFnFJ4wLJ1Le9lAxo,0.00,67482610418239	,用户提现,192.00,用户提现-退费单RF2026071821563470997,2026-07-18 21:57:16,用户提现,
olAFl64KQG1KFnFJ4wLJ1Le9lAxo,192.00,67482610418239	,订单退费转入,192.00,工单系统流量套餐退款 本单会员价格20.00元，不能退款,2026-07-18 21:56:35,SYS,
olAFl6y_ZqKM9RodpC7ZHYG_pNV0,19.00,69142620030279	,订单退费转入,19.00,工单系统流量套餐退款,2026-07-18 21:56:26,SYS,
olAFl6y7S7xrwZkhyh9TnDfF5bWo,0.00,67482513396813	,用户提现,50.20,用户提现-退费单RF2026071821514494825,2026-07-18 21:52:19,用户提现,
olAFl6y7S7xrwZkhyh9TnDfF5bWo,50.20,67482513396813	,订单退费转入,50.20,系统处理工单时转移用户余额，订单号=WS2026040812082590689,2026-07-18 21:51:45,SYS,
o2uAP6_wUStte4azGa7C_R22FKQo,146.00,328814113	,订单退费转入,146.00,工单系统流量套餐退款,2026-07-18 21:41:58,SYS,
olAFl633tNkbbvLczBb_UIQ8x9b8,0.00,69212621227792	,用户提现,549.00,用户提现-退费单RF2026071821254447884,2026-07-18 21:26:35,用户提现,
olAFl633tNkbbvLczBb_UIQ8x9b8,549.00,69212621227792	,订单退费转入,549.00,工单系统流量套餐退款,2026-07-18 21:25:44,SYS,
olAFl60QuwDyXW9J6vFjXS0FY-YQ,0.00,63272426052839	,用户提现,120.00,用户提现-退费单RF2026071810331425954,2026-07-18 21:14:14,用户提现,
olAFl6-E9uFMbOF6z5LOvlEjMpME,0.00,86132410222688	,用户提现,13.80,用户提现-退费单RF2026071817594674651,2026-07-18 21:13:29,用户提现,
olAFl68X3hlbVwDjxrfXZ5wHIjZk,0.00,68772604276091	,用户提现,479.00,用户提现-退费单RF2026071800065536932,2026-07-18 21:12:33,用户提现,
ojb7F2Ah35A5UHx1_1trz2pq2osk,0.00,70032621089618	,用户提现,138.00,用户提现-退费单RF2026071722585618842,2026-07-18 21:07:24,用户提现,
ojb7F2L0YcheQ6bqP68axflDJfXA,0.00,69212552126528	,用户提现,180.00,用户提现-退费单RF2026071817020924188,2026-07-18 21:02:39,用户提现,
olAFl6wBDMxWWM1aw0cDrp-LUIAg,0.00,60912436204967	,用户提现,45.00,用户提现-退费单RF2026071814243680430,2026-07-18 21:01:43,用户提现,
ojb7F2Cu_uSkeKQcOu9BPi6BTnE0,0.00,67492538515773	,用户提现,45.30,用户提现-退费单RF2026071820031182929,2026-07-18 20:50:28,用户提现,
ojb7F2Od4I_ToGKOqjL-1JG3qPTU,19.00,69142620033426	,订单退费转入,19.00,工单系统流量套餐退款,2026-07-18 20:45:40,SYS,
olAFl6wb0yuuZ4D-Ch-f8mgVDjuo,47.40,67512445094098	,订单退费转入,47.40,系统处理工单时转移用户余额，订单号=WS2026011308294677280,2026-07-18 20:33:48,SYS,
olAFl614l1NPCgVSCFNq0Grs_TEk,43.60,69212612182898	,订单退费转入,43.60,系统处理工单时转移用户余额，订单号=WN2026051911403175090,2026-07-18 20:20:37,SYS,
odELQ6mU7NJTwwaqJiW3xSWYvpxo,0.00,67682453006672	,用户提现,270.00,用户提现-退费单RF2026071819493139174,2026-07-18 20:16:45,用户提现,
ojb7F2BEBmHUxAyVZWUhMP3L9IhM,0.00,70032617028422	,用户提现,46.00,用户提现-退费单RF2026071820054974298,2026-07-18 20:06:22,用户提现,
ojb7F2BEBmHUxAyVZWUhMP3L9IhM,46.00,70032617028422	,订单退费转入,46.00,工单系统流量套餐退款,2026-07-18 20:05:50,SYS,
ojb7F2Cu_uSkeKQcOu9BPi6BTnE0,45.30,67492538515773	,订单退费转入,45.30,系统处理工单时转移用户余额，订单号=WN2026062616175883247,2026-07-18 20:03:12,SYS,
odELQ6mU7NJTwwaqJiW3xSWYvpxo,270.00,67682453006672	,订单退费转入,270.00,工单系统流量套餐退款 本单会员价格20.00元，不能退款,2026-07-18 19:49:31,SYS,
o2uAP61UJTElLrEczJnqPpJrm-Xo,0.00,86343683	,用户提现,69.00,用户提现-退费单RF2026071519453065896,2026-07-18 19:48:36,用户提现,
olAFl67oZFiZjveh1QGrl_dijoCI,0.00,67482503245719	,用户提现,54.00,用户提现-退费单RF2026071721143773621,2026-07-18 19:37:40,用户提现,
olAFl65VNntoziyDamen8rvmKOvA,0.00,67512442042100	,用户提现,88.40,用户提现-退费单RF2026071819295947577,2026-07-18 19:31:23,用户提现,
olAFl65VNntoziyDamen8rvmKOvA,88.40,67512442042100	,订单退费转入,88.40,系统处理工单时转移用户余额，订单号=WS2026040717572213895,2026-07-18 19:29:59,SYS,
olAFl60_L4ephmtZLojgUGaJY1JQ,0.00,	,系统扣费,180.00,用户无可退退费单，钱包清零,2026-07-18 19:29:27,SYS,
ojb7F2CrsXRMi1WhUsOsbUV0s9Ls,0.00,69212623243737	,用户提现,180.00,用户提现-退费单RF2026071517471547462,2026-07-18 19:22:19,用户提现,
olAFl6xOZYvV9U_mYduV02xIXdto,0.00,68032504010105	,用户提现,302.00,用户提现-退费单RF2026071712240584875,2026-07-18 19:12:22,用户提现,
olAFl66fdFDDjcE021F8T7JUJPow,0.00,67002452073206	,用户提现,80.80,用户提现-退费单RF2026071818573323713,2026-07-18 18:58:06,用户提现,
olAFl66fdFDDjcE021F8T7JUJPow,80.80,67002452073206	,订单退费转入,80.80,系统处理工单时转移用户余额，订单号=WS2026033114190856045 本单会员价格20.00元，不能退款,2026-07-18 18:57:33,SYS,
ojb7F2MH9A0D3fjwpdhyUXFLEnBE,0.00,69142620033529	,用户提现,59.00,用户提现-退费单RF2026071818283970689,2026-07-18 18:30:49,用户提现,
ojb7F2MH9A0D3fjwpdhyUXFLEnBE,59.00,69142620033529	,订单退费转入,59.00,工单系统流量套餐退款,2026-07-18 18:28:40,SYS,
ojb7F2AX2CC0DlX43LSxqeEp9rEE,0.00,69212612186737	,用户提现,140.20,用户提现-退费单RF2026071818051888118,2026-07-18 18:07:06,用户提现,
ojb7F2AX2CC0DlX43LSxqeEp9rEE,140.20,69212612186737	,订单退费转入,140.20,系统处理工单时转移用户余额，订单号=WS2026060209252867025,2026-07-18 18:05:19,SYS,
olAFl6-E9uFMbOF6z5LOvlEjMpME,13.80,86132410222688	,订单退费转入,13.80,系统处理工单时转移用户余额，订单号=WS2025122009242564451,2026-07-18 17:59:47,SYS,
olAFl60GTPr7elNlrsMWBNGCuxV4,0.00,864665068938021	,用户提现,49.20,用户提现-退费单RF2026071817513951231,2026-07-18 17:53:14,用户提现,
olAFl60GTPr7elNlrsMWBNGCuxV4,49.20,864665068938021	,订单退费转入,49.20,工单系统流量套餐退款 组合支付：微信退费 49.20,2026-07-18 17:51:40,SYS,
olAFl68KNspu7aAsJ0v8d-HyHueg,76.10,68772539109309	,订单退费转入,76.10,系统处理工单时转移用户余额，订单号=WS2025112312555402027,2026-07-18 17:49:18,SYS,
olAFl646XDF_tcq0_C_0MDJw2C6I,95.00,69212621225957	,订单退费转入,95.00,工单系统流量套餐退款,2026-07-18 17:29:03,SYS,
ojb7F2JhFDbyW92R9I9cTt35S0LI,0.00,70032621093170	,用户提现,479.00,用户提现-退费单RF2026071816334204847,2026-07-18 17:09:10,用户提现,
ojb7F2F8zVq_Ymvl4xDNgtHngeIU,0.00,69212621226650	,用户提现,62.20,用户提现-退费单RF2026071817020768471,2026-07-18 17:02:23,用户提现,
ojb7F2L0YcheQ6bqP68axflDJfXA,180.00,69212552126528	,订单退费转入,180.00,系统处理工单时转移用户余额，订单号=WS2026071622290786773,2026-07-18 17:02:09,SYS,
ojb7F2F8zVq_Ymvl4xDNgtHngeIU,62.20,69212621226650	,订单退费转入,62.20,系统处理工单时转移用户余额，订单号=WN2026070118012272463,2026-07-18 17:02:08,SYS,
ojb7F2GvwI-HGX_XS6EqDA2qzAf8,0.00,69212621219453	,用户提现,29.00,用户提现-退费单RF2026071817000939046,2026-07-18 17:00:23,用户提现,
ojb7F2GvwI-HGX_XS6EqDA2qzAf8,29.00,69212621219453	,订单退费转入,29.00,工单系统流量套餐退款,2026-07-18 17:00:09,SYS,
olAFl663HMBDhUc40Gass5jkmX8Y,0.00,63272428080338	,用户提现,89.80,用户提现-退费单RF2026071816153334116,2026-07-18 16:40:01,用户提现,
olAFl67f3zuyhfWZWd1DbyufYEEQ,0.00,70032621088952	,用户提现,86.00,用户提现-退费单RF2026071816311517397,2026-07-18 16:37:58,用户提现,
ojb7F2JhFDbyW92R9I9cTt35S0LI,479.00,70032621093170	,订单退费转入,479.00,工单系统流量套餐退款,2026-07-18 16:33:42,SYS,
olAFl67f3zuyhfWZWd1DbyufYEEQ,86.00,70032621088952	,订单退费转入,86.00,系统处理工单时转移用户余额，订单号=WS2026062219250843314,2026-07-18 16:31:15,SYS,
olAFl6zSWsH648rLy0yxE4v-c6V8,0.00,67002452070328	,用户提现,132.40,用户提现-退费单RF2026071816263773638,2026-07-18 16:28:22,用户提现,
olAFl6zSWsH648rLy0yxE4v-c6V8,132.40,67002452070328	,订单退费转入,132.40,系统处理工单时转移用户余额，订单号=WS2026060515474112957,2026-07-18 16:26:38,SYS,
olAFl633nbHjJpbU1Kbjw0pkiNRU,0.00,69212621225786	,用户提现,141.20,用户提现-退费单RF2026071816242753086,2026-07-18 16:25:36,用户提现,
olAFl633nbHjJpbU1Kbjw0pkiNRU,141.20,69212621225786	,订单退费转入,141.20,系统处理工单时转移用户余额，订单号=WS2026071509220323025,2026-07-18 16:24:28,SYS,
olAFl663HMBDhUc40Gass5jkmX8Y,89.80,63272428080338	,订单退费转入,89.80,系统处理工单时转移用户余额，订单号=WS2025072321472827826,2026-07-18 16:15:33,SYS,
olAFl654TQ9AZn6BsoXkvVSvA-gA,0.00,68772602222385	,用户提现,123.00,用户提现-退费单RF2026071816020986863,2026-07-18 16:03:10,用户提现,
olAFl654TQ9AZn6BsoXkvVSvA-gA,123.00,68772602222385	,订单退费转入,123.00,系统处理工单时转移用户余额，订单号=WS2026030220502510718,2026-07-18 16:02:10,SYS,
olAFl66og9et3jSCLrdh9oOv8Hgs,0.00,69212621216626	,用户提现,142.10,用户提现-退费单RF2026071815403543073,2026-07-18 15:43:29,用户提现,
olAFl66og9et3jSCLrdh9oOv8Hgs,142.10,69212621216626	,订单退费转入,142.10,系统处理工单时转移用户余额，订单号=WS2026070713414904844,2026-07-18 15:40:35,SYS,
ojb7F2DCqzt2QF246RYr87B2HomA,440.00,68932612067065	,订单退费转入,440.00,工单系统流量套餐退款,2026-07-18 15:38:54,SYS,
olAFl61Da2Ger_eQ3Fhjsgtww-d8,0.00,67482610419898	,用户提现,19.00,用户提现-退费单RF2026071810540193722,2026-07-18 15:32:56,用户提现,
olAFl60pW039ro-DYcQQigOBxlfg,35.20,67002523279944	,订单退费转入,35.20,工单系统流量套餐退款,2026-07-18 15:28:40,SYS,
olAFl61VqhWJ9ZLypNxrn-dGDnhA,0.00,60912426137479	,用户提现,79.00,用户提现-退费单RF2026071814215805654,2026-07-18 15:04:03,用户提现,
olAFl608C2ZAfdyhJPmYjcQhEhlQ,0.00,60992437013910	,用户提现,70.50,用户提现-退费单RF2026071815033346699,2026-07-18 15:04:03,用户提现,
olAFl608C2ZAfdyhJPmYjcQhEhlQ,70.50,60992437013910	,订单退费转入,70.50,系统处理工单时转移用户余额，订单号=WS2026040107201596354,2026-07-18 15:03:33,SYS,
ojb7F2JbJWouV-C04WO5_6a5AR_E,0.00,69212612187108	,用户提现,399.00,用户提现-退费单RF2026071814403968641,2026-07-18 14:42:54,用户提现,
ojb7F2JbJWouV-C04WO5_6a5AR_E,399.00,69212612187108	,订单退费转入,399.00,工单系统流量套餐退款,2026-07-18 14:40:40,SYS,
olAFl60nHGvtiMRxXA7VKVujiC4E,0.00,68932546038846	,用户提现,38.90,用户提现-退费单RF2026071619304325437,2026-07-18 14:37:00,用户提现,
olAFl6zflwsPt7DeKW5AiRjpPnVc,126.40,69212544096564	,订单退费转入,126.40,系统处理工单时转移用户余额，订单号=WS2026012616014860789,2026-07-18 14:25:21,SYS,
olAFl6wBDMxWWM1aw0cDrp-LUIAg,45.00,60912436204967	,订单退费转入,45.00,工单系统流量套餐退款,2026-07-18 14:24:37,SYS,
olAFl61VqhWJ9ZLypNxrn-dGDnhA,79.00,60912426137479	,订单退费转入,79.00,工单系统流量套餐退款 本单会员价格20.00元，不能退款,2026-07-18 14:21:58,SYS,
ojb7F2OHz2DccDaDtymAbemcluxY,0.00,67492609648018	,用户提现,141.20,用户提现-退费单RF2026071814133115856,2026-07-18 14:17:21,用户提现,
ojb7F2OHz2DccDaDtymAbemcluxY,141.20,67492609648018	,订单退费转入,141.20,系统处理工单时转移用户余额，订单号=WS2026070412191541171,2026-07-18 14:13:31,SYS,
olAFl617YITqNr1hJrjDsatOqk50,0.00,864665068056055	,用户提现,179.00,用户提现-退费单RF2026071814001842377,2026-07-18 14:01:14,用户提现,
olAFl617YITqNr1hJrjDsatOqk50,179.00,864665068056055	,订单退费转入,179.00,工单系统流量套餐退款,2026-07-18 14:00:18,SYS,
olAFl6wfENnVqhkfjqIn8N1Z0r5I,0.00,69212621224768	,用户提现,171.20,用户提现-退费单RF2026071813574241158,2026-07-18 13:59:54,用户提现,
olAFl6wfENnVqhkfjqIn8N1Z0r5I,171.20,69212621224768	,订单退费转入,171.20,系统处理工单时转移用户余额，订单号=WS2026061216584590541,2026-07-18 13:57:42,SYS,
ojb7F2AINO3h0odHgH72kxOWU_Yo,0.00,69212621218727	,用户提现,180.00,用户提现-退费单RF2026071813521502940,2026-07-18 13:52:56,用户提现,
ojb7F2AINO3h0odHgH72kxOWU_Yo,180.00,69212621218727	,订单退费转入,180.00,系统处理工单时转移用户余额，订单号=WS2026071521534782512,2026-07-18 13:52:15,SYS,
olAFl66FRL4X2DJmhKlCdpviWkVw,102.00,69212612191148	,订单退费转入,102.00,系统处理工单时转移用户余额，订单号=WS2026050609163188966,2026-07-18 13:49:57,SYS,
ojb7F2Jx7ylLlZsj5KT4wBQE6ZWc,0.00,70032617032527	,用户提现,49.00,用户提现-退费单RF2026071813454017321,2026-07-18 13:46:26,用户提现,
ojb7F2Jx7ylLlZsj5KT4wBQE6ZWc,49.00,70032617032527	,订单退费转入,49.00,工单系统流量套餐退款,2026-07-18 13:45:40,SYS,
olAFl61QBopkyFscQR3FsFVZfXnw,0.00,67002447033146	,用户提现,24.00,用户提现-退费单RF2026071813310779062,2026-07-18 13:35:54,用户提现,
olAFl61QBopkyFscQR3FsFVZfXnw,24.00,67002447033146	,订单退费转入,24.00,系统处理工单时转移用户余额，订单号=WS2025073100225420237,2026-07-18 13:31:08,SYS,
ojb7F2LWq-2esVBN6-fVAjbghBmM,0.00,67492609645784	,用户提现,129.00,用户提现-退费单RF2026071812011233724,2026-07-18 13:25:17,用户提现,
ojb7F2Oq7DAhl_EBrg0GNPAx6SBM,0.00,70132627002289	,用户提现,142.20,用户提现-退费单RF2026071812381969494,2026-07-18 12:40:18,用户提现,
ojb7F2Oq7DAhl_EBrg0GNPAx6SBM,142.20,70132627002289	,订单退费转入,142.20,系统处理工单时转移用户余额，订单号=WS2026071515100466390,2026-07-18 12:38:20,SYS,
ojb7F2CwDnUMG0nx9047gwnPf4eU,0.00,70032617032720	,用户提现,153.30,用户提现-退费单RF2026071812325165247,2026-07-18 12:37:27,用户提现,
ojb7F2CwDnUMG0nx9047gwnPf4eU,153.30,70032617032720	,订单退费转入,153.30,系统处理工单时转移用户余额，订单号=WS2026061008295879460,2026-07-18 12:32:52,SYS,
ojb7F2MoeFmRvne38r9CyZNJw9HE,0.00,69212612181495	,用户提现,84.00,用户提现-退费单RF2026071810565152040,2026-07-18 12:21:01,用户提现,
ojb7F2Kv8yi8c0_I29qSiFKz3Cfg,0.00,67492609641557	,用户提现,140.00,用户提现-退费单RF2026071812035469913,2026-07-18 12:06:36,用户提现,
ojb7F2Kv8yi8c0_I29qSiFKz3Cfg,140.00,67492609641557	,订单退费转入,140.00,工单系统流量套餐退款,2026-07-18 12:03:55,SYS,
ojb7F2LWq-2esVBN6-fVAjbghBmM,129.00,67492609645784	,订单退费转入,129.00,工单系统流量套餐退款,2026-07-18 12:01:12,SYS,
ojb7F2DUHv4T8GEEQog9409Rhm9E,0.00,69212606158743	,用户提现,89.00,用户提现-退费单RF2026071811594422746,2026-07-18 12:00:58,用户提现,
olAFl6xOYMuSl46z4D5wyc5QWzFA,0.00,86132414260181	,用户提现,16.70,用户提现-退费单RF2026071703150797898,2026-07-18 12:00:31,用户提现,
ojb7F2CMZfHSecYwhvyVsnUHe410,167.00,69212621217525	,订单退费转入,167.00,工单系统流量套餐退款,2026-07-18 11:59:50,SYS,
ojb7F2DUHv4T8GEEQog9409Rhm9E,89.00,69212606158743	,订单退费转入,89.00,工单系统流量套餐退款,2026-07-18 11:59:44,SYS,
olAFl6wydYEVnUUxlhg9GYkARoiw,0.00,68772543148803	,用户提现,126.40,用户提现-退费单RF2026071811324244442,2026-07-18 11:36:47,用户提现,
olAFl6wydYEVnUUxlhg9GYkARoiw,126.40,68772543148803	,订单退费转入,126.40,系统处理工单时转移用户余额，订单号=WS2026020413475030988,2026-07-18 11:32:42,SYS,
olAFl67uk9uOBWS4g60aUCiLFRMk,0.00,86132327025537	,用户提现,49.00,用户提现-退费单RF2026071703151311138,2026-07-18 11:29:51,用户提现,
olAFl61WgSzLNYZIYykhPCEakqV8,0.00,68932534023220	,用户提现,90.50,用户提现-退费单RF2026071521471963257,2026-07-18 11:23:23,用户提现,
olAFl636n6W9ydUWIZUfw4QVnodI,0.00,60912426138135	,用户提现,145.60,用户提现-退费单RF2026071703151276633,2026-07-18 11:22:29,用户提现,
ojb7F2MoeFmRvne38r9CyZNJw9HE,84.00,69212612181495	,订单退费转入,84.00,工单系统流量套餐退款,2026-07-18 10:56:52,SYS,
olAFl61Da2Ger_eQ3Fhjsgtww-d8,19.00,67482610419898	,订单退费转入,19.00,工单系统流量套餐退款,2026-07-18 10:54:02,SYS,
olAFl68gOiRaNCaRrNLA1zk5bSY4,0.00,67482504307148	,用户提现,106.00,用户提现-退费单RF2026071810341174645,2026-07-18 10:47:48,用户提现,
ojb7F2IZ0_tPCL3DGomQwnpw2yKI,19.00,69142529011311	,订单退费转入,19.00,工单系统流量套餐退款,2026-07-18 10:46:08,SYS,
olAFl6_Py8zutpk3ZXCDEQNGUfOw,0.00,67482448043894	,用户提现,136.60,用户提现-退费单RF2026071810353183218,2026-07-18 10:36:49,用户提现,
olAFl6_Py8zutpk3ZXCDEQNGUfOw,136.60,67482448043894	,订单退费转入,136.60,系统处理工单时转移用户余额，订单号=WS2026030810063176166,2026-07-18 10:35:32,SYS,
olAFl68gOiRaNCaRrNLA1zk5bSY4,106.00,67482504307148	,订单退费转入,106.00,工单系统流量套餐退款,2026-07-18 10:34:12,SYS,
olAFl62mElXO53frM0XB7dD7XJ8I,0.00,864665064561173	,用户提现,152.90,用户提现-退费单RF2026071703150802755,2026-07-18 10:33:53,用户提现,
olAFl60QuwDyXW9J6vFjXS0FY-YQ,120.00,63272426052839	,订单退费转入,120.00,工单系统流量套餐退款 本单会员价格20.00元，不能退款,2026-07-18 10:33:14,SYS,
olAFl62bSqIzZ_iwZIUa5gRZrsPY,0.00,67492603601578	,用户提现,36.00,用户提现-退费单RF2026071609262889212,2026-07-18 10:28:03,用户提现,
ojb7F2J96FXLgYU-Nxne2o2rhsdc,0.00,69212544095727	,用户提现,89.00,用户提现-退费单RF2026071613462468510,2026-07-18 10:27:30,用户提现,
ojb7F2NWUI4Cy762mikldOFNd8kM,0.00,69212621220412	,用户提现,94.50,用户提现-退费单RF2026071810143263025,2026-07-18 10:15:28,用户提现,
ojb7F2NWUI4Cy762mikldOFNd8kM,94.50,69212621220412	,订单退费转入,94.50,系统处理工单时转移用户余额，订单号=WS2026061508091830156,2026-07-18 10:14:33,SYS,
olAFl62Y7BTZGz5nJMacoY9sDRJY,0.00,67512534246156	,用户提现,54.00,用户提现-退费单RF2026071303150537553,2026-07-18 10:03:19,用户提现,
ojb7F2AydhoELTe8RfvnBkCTiC80,15.20,69212621225870	,订单退费转入,15.20,系统处理工单时转移用户余额，订单号=WS2026071216403121751,2026-07-18 09:54:08,SYS,
ojb7F2MnTe4mmZJ1zyBxN67QDUYg,0.00,69212602132653	,用户提现,89.00,用户提现-退费单RF2026071808013307267,2026-07-18 09:38:54,用户提现,
olAFl68cbmYtP5nIuCwFUOKk4in0,0.00,68932538031366	,用户提现,90.50,用户提现-退费单RF2026071715253554072,2026-07-18 09:22:41,用户提现,
olAFl64IDZvCqldRcE01J2uaHAWI,47.30,67492603601668	,订单退费转入,47.30,系统处理工单时转移用户余额，订单号=WS2026061121443081929,2026-07-18 08:50:06,SYS,
olAFl65ZO93-5bxa6Nn9XBLCAHog,62.60,67512517178764	,订单退费转入,62.60,系统处理工单时转移用户余额，订单号=WS2026010213001995826,2026-07-18 08:29:51,SYS,
ojb7F2MnTe4mmZJ1zyBxN67QDUYg,89.00,69212602132653	,订单退费转入,89.00,工单系统流量套餐退款 本单会员价格20.00元，不能退款,2026-07-18 08:01:33,SYS,
olAFl62DYDfuYAWoBe-XU73vMiaU,0.00,60912426130499	,用户提现,160.10,用户提现-退费单RF2026071807145494229,2026-07-18 07:16:55,用户提现,
olAFl62DYDfuYAWoBe-XU73vMiaU,160.10,60912426130499	,订单退费转入,160.10,系统处理工单时转移用户余额，订单号=WS2026071619011099183,2026-07-18 07:14:55,SYS,
olAFl63UvKrzWgJn9ys0TMaqnG34,0.00,864665067376728	,用户提现,47.30,用户提现-退费单RF2026071806590815049,2026-07-18 07:11:27,用户提现,
olAFl63UvKrzWgJn9ys0TMaqnG34,47.30,864665067376728	,订单退费转入,47.30,系统处理工单时转移用户余额，订单号=WS2026021312473732635,2026-07-18 06:59:08,SYS,
ojb7F2Du0E5AAM1zywL7mzfyNIrg,0.00,67492603601268	,用户提现,78.00,用户提现-退费单RF2026071806324125017,2026-07-18 06:33:14,用户提现,
ojb7F2Du0E5AAM1zywL7mzfyNIrg,78.00,67492603601268	,订单退费转入,78.00,工单系统流量套餐退款,2026-07-18 06:32:41,SYS,
ojb7F2Ae39KQXtap1XyXYi3YIQpk,490.00,69212621223370	,订单退费转入,490.00,工单系统流量套餐退款,2026-07-18 06:15:57,SYS,
olAFl61T9FML4V32Pxgq0BpynKj4,0.00,69212612190554	,用户提现,199.00,用户提现-退费单RF2026071722512641915,2026-07-18 05:53:06,用户提现,
olAFl61T9FML4V32Pxgq0BpynKj4,199.00,69212612190554	,订单退费转入,199.00,工单系统审核退费单-套餐已作废/钱包已清零,2026-07-18 05:51:58,SYS,
ojb7F2BTM_10kgbKnrl7-2aNhsCg,29.00,67482610421431	,订单退费转入,29.00,工单系统流量套餐退款,2026-07-18 05:46:31,SYS,
olAFl6_DOIHhmtmhsTLb7-gPCIkQ,41.00,67002523285144	,订单退费转入,41.00,工单系统流量套餐退款,2026-07-18 01:10:55,SYS,
ojb7F2CigxlQ7gvsFNnw1dFAlwx4,540.00,69212552124758	,订单退费转入,540.00,工单系统流量套餐退款,2026-07-18 00:12:18,SYS,
olAFl68X3hlbVwDjxrfXZ5wHIjZk,479.00,68772604276091	,订单退费转入,479.00,工单系统流量套餐退款 本单会员价格20.00元，不能退款,2026-07-18 00:06:55,SYS,
olAFl60EhcG4jQ8cBKFRMLaNyy2s,0.00,67492603604448	,用户提现,10.80,用户提现-退费单RF2026070816475500612,2026-07-17 23:18:28,用户提现,
olAFl6z5E2SPSF1AW8T9xnOOB8ZQ,69.00,86132347124163	,订单退费转入,69.00,工单系统流量套餐退款,2026-07-17 23:17:55,SYS,
olAFl66Rp9n4N0TDu161i8dEeVtM,225.20,69212606160065	,订单退费转入,225.20,系统处理工单时转移用户余额，订单号=WS2026031117450189449,2026-07-17 23:03:38,SYS,
olAFl64uFmaKWhrwNAoOLP-2Qtbw,0.00,67482610424793	,用户提现,180.00,用户提现-退费单RF2026071623283321943,2026-07-17 22:59:53,用户提现,
ojb7F2Ah35A5UHx1_1trz2pq2osk,138.00,70032621089618	,订单退费转入,138.00,工单系统流量套餐退款,2026-07-17 22:58:56,SYS,
olAFl68vlP0jIRT-4V8zaUsiU3LQ,25.80,69212602146663	,订单退费转入,25.80,系统处理工单时转移用户余额，订单号=WS2026032700111591483,2026-07-17 22:33:47,SYS,
olAFl64AqKPMraAZuPvE5RdglhcM,0.00,70032617028805	,用户提现,162.40,用户提现-退费单RF2026071703150264678,2026-07-17 22:28:40,用户提现,
olAFl68rOoM4fI8d6sXhbRk95Mnw,0.00,864665069567167	,用户提现,147.00,用户提现-退费单RF2026071023015369729,2026-07-17 22:11:29,用户提现,
olAFl64aoKY_QeX1b8rwR5VQJhgc,0.00,864665063409499	,用户提现,94.20,用户提现-退费单RF2026071507005202393,2026-07-17 21:57:45,用户提现,
olAFl65ptKK5YW9f1bjnydjCZCiE,0.00,60912432187222	,用户提现,58.40,用户提现-退费单RF2026071403150297844,2026-07-17 21:51:39,用户提现,
olAFl60GaW52U-JnzL4vXK26r3cA,0.00,70032611011876	,用户提现,52.20,用户提现-退费单RF2026071721433180810,2026-07-17 21:45:10,用户提现,
olAFl60GaW52U-JnzL4vXK26r3cA,52.20,70032611011876	,用户提现,100.00,用户提现-退费单RF2026071721433180472,2026-07-17 21:45:09,用户提现,
olAFl60GaW52U-JnzL4vXK26r3cA,100.00,70032611011876	,订单退费转入,100.00,系统处理工单时转移用户余额，订单号=WN2026070914390507469,2026-07-17 21:43:32,SYS,
olAFl60GaW52U-JnzL4vXK26r3cA,152.20,70032611011876	,订单退费转入,52.20,系统处理工单时转移用户余额，订单号=WN2026070715431827739,2026-07-17 21:43:32,SYS,
ojb7F2B7dWWxyZtjrKIO1epCZSCw,0.00,67482610420248	,用户提现,180.00,用户提现-退费单RF2026071721375399831,2026-07-17 21:39:58,用户提现,
olAFl66Iu6i4fb0wR5bUrb0icnik,0.00,67482610418803	,用户提现,71.50,用户提现-退费单RF2026071721382498580,2026-07-17 21:38:49,用户提现,
olAFl66Iu6i4fb0wR5bUrb0icnik,71.50,67482610418803	,订单退费转入,71.50,系统处理工单时转移用户余额，订单号=WS2026041518341278429,2026-07-17 21:38:25,SYS,
ojb7F2B7dWWxyZtjrKIO1epCZSCw,180.00,67482610420248	,订单退费转入,180.00,系统处理工单时转移用户余额，订单号=WS2026071621350894951,2026-07-17 21:37:54,SYS,
olAFl68rOoM4fI8d6sXhbRk95Mnw,147.00,864665069567167	,订单退费转入,147.00,工单系统审核退费单-套餐已作废/钱包已清零,2026-07-17 21:35:28,SYS,
olAFl6yOkYQtDF7evcnE0BPEjnSk,59.00,67492445316125	,订单退费转入,59.00,工单系统流量套餐退款,2026-07-17 21:34:22,SYS,
olAFl685yl9m0lVnnZwnn0u_Fkcs,8.00,67482504275408	,订单退费转入,8.00,系统处理工单时转移用户余额，订单号=WS2025080109280397041,2026-07-17 21:30:29,SYS,
olAFl64V9bYh4KtU6vWG9aAPIZ8o,19.00,67482610423063	,订单退费转入,19.00,工单系统流量套餐退款,2026-07-17 21:23:57,SYS,
olAFl67oZFiZjveh1QGrl_dijoCI,54.00,67482503245719	,订单退费转入,54.00,系统处理工单时转移用户余额，订单号=WS2026010612410273816,2026-07-17 21:14:38,SYS,
ojb7F2Hy89NRhl2L_QYyBQ3IS9NU,0.00,70032611008499	,用户提现,94.00,用户提现-退费单RF2026062609361595750,2026-07-17 21:10:31,用户提现,
ojb7F2Fa8XpljqabSqg92Psr10yw,0.00,69212621227428	,用户提现,171.20,用户提现-退费单RF2026071720524735733,2026-07-17 21:03:27,用户提现,
olAFl64B-YQZ5UDkWw7NuFJuu_zs,0.00,69142529009758	,用户提现,39.00,用户提现-退费单RF2026071719451998971,2026-07-17 21:02:02,用户提现,
ojb7F2Fa8XpljqabSqg92Psr10yw,171.20,69212621227428	,订单退费转入,171.20,系统处理工单时转移用户余额，订单号=WS2026062516523526455,2026-07-17 20:52:47,SYS,
olAFl6x0BQG5FRSZDG1MHw_Pkl6M,0.00,67482504306870	,用户提现,2.00,用户提现-退费单RF2026071703151306778,2026-07-17 20:46:15,用户提现,
olAFl62MVx164ugX1TyWN8kHdm4U,0.00,67492602586654	,用户提现,39.00,用户提现-退费单RF2026071720352911969,2026-07-17 20:35:54,用户提现,
olAFl62MVx164ugX1TyWN8kHdm4U,39.00,67492602586654	,订单退费转入,39.00,工单系统流量套餐退款,2026-07-17 20:35:29,SYS,
olAFl6wtPmwme6_K1_p6LMryr07A,0.00,68932532019913	,用户提现,29.90,用户提现-退费单RF2026071719581142674,2026-07-17 20:35:15,用户提现,
olAFl62G7qY1jriAu3-oJpAZAUZ8,0.00,67512525202838	,用户提现,66.50,用户提现-退费单RF2026071720211995885,2026-07-17 20:27:44,用户提现,
olAFl62pK46xwkJa5m1G5baBrW3o,0.00,69212612170734	,用户提现,19.00,用户提现-退费单RF2026071720262070759,2026-07-17 20:27:06,用户提现,
olAFl62pK46xwkJa5m1G5baBrW3o,19.00,69212612170734	,订单退费转入,19.00,工单系统流量套餐退款,2026-07-17 20:26:21,SYS,
olAFl62G7qY1jriAu3-oJpAZAUZ8,66.50,67512525202838	,订单退费转入,66.50,系统处理工单时转移用户余额，订单号=WS2026032707482796078,2026-07-17 20:21:20,SYS,
olAFl6zB4E5tvbJC23S4mgogP4ZU,0.00,69212536018859	,用户提现,92.20,用户提现-退费单RF2026071503150273759,2026-07-17 20:18:48,用户提现,
olAFl6-vvqE3WK0mvwLhBqx2T5II,0.00,67492603600464	,用户提现,320.00,用户提现-退费单RF2026071720104259362,2026-07-17 20:17:48,用户提现,
ojb7F2CQWd40J-jqQA7tKlNf5Uho,0.00,67492552543221	,用户提现,337.00,用户提现-退费单RF2026071720091196913,2026-07-17 20:14:08,用户提现,
olAFl6-vvqE3WK0mvwLhBqx2T5II,320.00,67492603600464	,订单退费转入,320.00,工单系统流量套餐退款,2026-07-17 20:10:43,SYS,
olAFl687Wezw6uJwfWQJdhD1J4Tg,0.00,67482448035650	,用户提现,153.00,用户提现-退费单RF2026071708030007369,2026-07-17 20:10:40,用户提现,
ojb7F2CQWd40J-jqQA7tKlNf5Uho,337.00,67492552543221	,订单退费转入,337.00,工单系统流量套餐退款,2026-07-17 20:09:12,SYS,
olAFl69h9ZUURg9LN5VUdW0mh3Ug,0.00,68772602216243	,用户提现,44.10,用户提现-退费单RF2026071719585697521,2026-07-17 20:00:53,用户提现,
olAFl68J3SJnkHso_rl2hDcwpbzo,31.00,67482610421459	,订单退费转入,31.00,系统处理工单时转移用户余额，订单号=WS2026032219341100172,2026-07-17 19:59:53,SYS,
olAFl6xbWzX_evV8QPj5iWu9zB4Y,0.00,67512443061381	,用户提现,49.00,用户提现-退费单RF2026071719583700479,2026-07-17 19:59:17,用户提现,
olAFl69h9ZUURg9LN5VUdW0mh3Ug,44.10,68772602216243	,订单退费转入,44.10,系统处理工单时转移用户余额，订单号=WS2026020700492332688,2026-07-17 19:58:57,SYS,
olAFl6xbWzX_evV8QPj5iWu9zB4Y,49.00,67512443061381	,订单退费转入,49.00,工单系统流量套餐退款 本单会员价格20.00元，不能退款,2026-07-17 19:58:37,SYS,
olAFl6wtPmwme6_K1_p6LMryr07A,29.90,68932532019913	,订单退费转入,29.90,工单系统流量套餐退款,2026-07-17 19:58:11,SYS,
olAFl65K03RDrKgkKRWcETr3hcU0,0.00,68772543150649	,用户提现,29.00,用户提现-退费单RF2026071719560161092,2026-07-17 19:56:54,用户提现,
olAFl65MpumCAgj1v0G6ddelyNsk,0.00,864665070174367	,用户提现,120.20,用户提现-退费单RF2026071003150616565,2026-07-17 19:56:45,用户提现,
olAFl65K03RDrKgkKRWcETr3hcU0,29.00,68772543150649	,订单退费转入,29.00,工单系统流量套餐退款,2026-07-17 19:56:02,SYS,
ojb7F2CAeM4ESoxbIQzArcJppkFA,0.00,67492609649476	,用户提现,179.00,用户提现-退费单RF2026071719481152184,2026-07-17 19:50:19,用户提现,
ojb7F2CAeM4ESoxbIQzArcJppkFA,179.00,67492609649476	,订单退费转入,179.00,工单系统流量套餐退款 本单会员价格20.00元，不能退款,2026-07-17 19:48:12,SYS,
olAFl64B-YQZ5UDkWw7NuFJuu_zs,39.00,69142529009758	,订单退费转入,39.00,工单系统流量套餐退款,2026-07-17 19:45:20,SYS,
olAFl6-sLV8zvQaY5rcLsM1PxbNE,0.00,67482513395053	,用户提现,54.00,用户提现-退费单RF2026050603150255,2026-07-17 19:43:07,用户提现,
olAFl6zBE7L84Jr1vgPOFBkepcMs,0.00,68772547167551	,用户提现,12.00,用户提现-退费单RF2026071719392335136,2026-07-17 19:39:47,用户提现,
olAFl6zBE7L84Jr1vgPOFBkepcMs,12.00,68772547167551	,订单退费转入,12.00,系统处理工单时转移用户余额，订单号=WS2026010309071432184,2026-07-17 19:39:23,SYS,
olAFl67qlWU-1ZqAHUskuepub3TU,0.00,67482504301383	,用户提现,64.60,用户提现-退费单RF2026071603150541596,2026-07-17 19:37:52,用户提现,
olAFl6-BL30MU8UEJH_FYNcg_M-A,0.00,864665065641602	,用户提现,69.00,用户提现-退费单RF2026071719333231250,2026-07-17 19:34:06,用户提现,
ojb7F2ML4JtYcikqYONRtC3m6DQI,0.00,69212621218714	,用户提现,61.20,用户提现-退费单RF2026071719234214946,2026-07-17 19:34:00,用户提现,
olAFl6-BL30MU8UEJH_FYNcg_M-A,69.00,864665065641602	,订单退费转入,69.00,工单系统流量套餐退款 本单会员价格20.00元，不能退款,2026-07-17 19:33:32,SYS,
olAFl62-s8xwZM1b8fMGS3BvD7jY,0.00,67482503243067	,用户提现,75.90,用户提现-退费单RF2026070603151132781,2026-07-17 19:28:34,用户提现,
olAFl60KViM-NEIs7_-mLSjzYheg,0.00,86132347124867	,用户提现,69.60,用户提现-退费单RF2026071217050852029,2026-07-17 19:28:27,用户提现,
ojb7F2ML4JtYcikqYONRtC3m6DQI,61.20,69212621218714	,订单退费转入,61.20,系统处理工单时转移用户余额，订单号=WN2026062810154443947,2026-07-17 19:23:42,SYS,
olAFl69PZlf5R0TVf9UX_7exDsQM,0.00,67492552545083	,用户提现,89.70,用户提现-退费单RF2026071718491619539,2026-07-17 18:51:10,用户提现,
olAFl69ay2RLAco4LPgydkVuZVag,0.00,67512525225343	,用户提现,154.20,用户提现-退费单RF2026071718491258944,2026-07-17 18:50:05,用户提现,
olAFl69PZlf5R0TVf9UX_7exDsQM,89.70,67492552545083	,订单退费转入,89.70,系统处理工单时转移用户余额，订单号=WS2026060821360205199,2026-07-17 18:49:16,SYS,
olAFl69ay2RLAco4LPgydkVuZVag,154.20,67512525225343	,订单退费转入,154.20,系统处理工单时转移用户余额，订单号=WS2026070321431495628,2026-07-17 18:49:13,SYS,
ojb7F2Aj4idQO7wqwaXZkOrWhjTE,0.00,70132627000316	,用户提现,180.00,用户提现-退费单RF2026071712020996873,2026-07-17 18:37:16,用户提现,
olAFl61trjKl0OdjWmQt884f8tVo,66.00,68772602246275	,订单退费转入,66.00,工单系统流量套餐退款 本单会员价格20.00元，不能退款,2026-07-17 18:16:48,SYS,
olAFl69tfkDGRrp2baTrTieBZuvk,0.00,69212612186025	,用户提现,109.00,用户提现-退费单RF2026071717543572473,2026-07-17 17:55:59,用户提现,
olAFl69tfkDGRrp2baTrTieBZuvk,109.00,69212612186025	,订单退费转入,109.00,工单系统流量套餐退款,2026-07-17 17:54:36,SYS,
ojb7F2GnBSwfsxsMMcotVc0EoLDU,0.00,70032621093820	,用户提现,54.00,用户提现-退费单RF2026071703150718870,2026-07-17 17:43:08,用户提现,
olAFl6yPc53hW3kxKh8c_iJZyMDQ,0.00,60912426140047	,用户提现,60.70,用户提现-退费单RF2026071717222061750,2026-07-17 17:23:02,用户提现,
olAFl6yPc53hW3kxKh8c_iJZyMDQ,60.70,60912426140047	,订单退费转入,60.70,工单系统流量套餐退款,2026-07-17 17:22:21,SYS,
olAFl6ylU7WBIUP_uikv-nb9T0SU,0.00,67002453169888	,用户提现,49.70,用户提现-退费单RF2026071603150541542,2026-07-17 16:51:07,用户提现,
o2uAP64_mmb_TdxIVxIU0Z0ThoTU,0.00,80882199	,用户提现,69.00,用户提现-退费单RF2026071503150263791,2026-07-17 16:48:37,用户提现,
ojb7F2ALmiS-5lvzq62kHol8BMlQ,0.00,69212621217452	,用户提现,69.00,用户提现-退费单RF2026071716421932169,2026-07-17 16:45:56,用户提现,
ojb7F2ALmiS-5lvzq62kHol8BMlQ,69.00,69212621217452	,订单退费转入,69.00,工单系统流量套餐退款,2026-07-17 16:42:19,SYS,
olAFl6zteU0uKbLfoo3hx_GmZdoQ,0.00,70032611011159	,用户提现,76.60,用户提现-退费单RF2026071716291224769,2026-07-17 16:30:11,用户提现,
olAFl6zteU0uKbLfoo3hx_GmZdoQ,76.60,70032611011159	,订单退费转入,76.60,系统处理工单时转移用户余额，订单号=WS2026051812071670918,2026-07-17 16:29:12,SYS,
olAFl6xdqjd500mbjMm07s9lhkMI,0.00,67492602580404	,用户提现,1.00,用户提现-退费单RF2026071711141651292,2026-07-17 16:28:43,用户提现,
olAFl6wEZmL3hpU6gPKPiWkLPub8,0.00,68772547169256	,用户提现,34.00,用户提现-退费单RF2026071703150949149,2026-07-17 16:25:08,用户提现,
o2uAP64NB_FcsZEy_LjnwqQGPh7o,0.00,328814318	,用户提现,19.90,用户提现-退费单RF2026071715005768019,2026-07-17 16:05:57,用户提现,
olAFl6wFWhGjLdhruTn6gKyqlWnM,0.00,70032611007816	,用户提现,74.00,用户提现-退费单RF2026071715512234632,2026-07-17 15:51:42,用户提现,
olAFl6wFWhGjLdhruTn6gKyqlWnM,74.00,70032611007816	,订单退费转入,74.00,系统处理工单时转移用户余额，订单号=WS2026060215450285672,2026-07-17 15:51:22,SYS,
olAFl65Kif6YAZzphLMKjPkM7sac,0.00,67492509455889	,用户提现,58.00,用户提现-退费单RF2026071703150777224,2026-07-17 15:50:43,用户提现,
ojb7F2MKEVf8P5-nPBxRO7oKl4cE,0.00,69212621227037	,用户提现,189.00,用户提现-退费单RF2026071602370833582,2026-07-17 15:49:04,用户提现,
olAFl6-AO5-n9RZyqI3f2daqxgdE,0.00,67002509217470	,用户提现,24.40,用户提现-退费单RF2026071403150327823,2026-07-17 15:46:26,用户提现,
olAFl67dHIyrwExOLyXSzv14UPEw,0.00,68932534025672	,用户提现,149.00,用户提现-退费单RF2026071715281864099,2026-07-17 15:35:51,用户提现,
olAFl68jzoLBe8ug53Rgn7EIQl0M,0.00,69212621216630	,用户提现,172.20,用户提现-退费单RF2026071715285543972,2026-07-17 15:29:26,用户提现,
olAFl68jzoLBe8ug53Rgn7EIQl0M,172.20,69212621216630	,订单退费转入,172.20,系统处理工单时转移用户余额，订单号=WS2026061820472462662,2026-07-17 15:28:55,SYS,
olAFl67dHIyrwExOLyXSzv14UPEw,149.00,68932534025672	,订单退费转入,149.00,工单系统流量套餐退款 本单会员价格20.00元，不能退款,2026-07-17 15:28:19,SYS,
olAFl68cbmYtP5nIuCwFUOKk4in0,90.50,68932538031366	,订单退费转入,90.50,工单系统流量套餐退款,2026-07-17 15:25:36,SYS,
olAFl65S1BpICqXMEA67S9oLQXwk,0.00,67512525195692	,用户提现,179.00,用户提现-退费单RF2026071703151041633,2026-07-17 15:10:31,用户提现,
olAFl69gJ_kQdC1z7VCD_YXlMWEs,0.00,67492538515690	,用户提现,199.00,用户提现-退费单RF2026071711154257557,2026-07-17 15:05:31,用户提现,
olAFl67dHIyrwExOLyXSzv14UPEw,0.00,68932604050329	,用户提现,149.00,用户提现-退费单RF2026071714582979619,2026-07-17 15:04:44,用户提现,
ojb7F2FsdRhq1chwZV6Uw_Z8-A_Q,0.00,69212612172401	,用户提现,172.20,用户提现-退费单RF2026071703150688830,2026-07-17 15:03:18,用户提现,
olAFl6-nxZQrBgksShQufpO_pc1U,0.00,69212621223054	,用户提现,50.00,用户提现-退费单RF2026071703151388590,2026-07-17 15:01:20,用户提现,
olAFl67NWalIRLXAo539ZgUKf1VY,0.00,67002453144407	,用户提现,59.10,用户提现-退费单RF2026071712505575633,2026-07-17 15:00:59,用户提现,
o2uAP64NB_FcsZEy_LjnwqQGPh7o,19.90,328814318	,订单退费转入,19.90,工单系统流量套餐退款,2026-07-17 15:00:58,SYS,
olAFl67dHIyrwExOLyXSzv14UPEw,149.00,68932604050329	,订单退费转入,149.00,工单系统流量套餐退款,2026-07-17 14:58:30,SYS,
olAFl62IOzCoKF8iqfJ6WvnV2McY,0.00,67512448131110	,用户提现,29.00,用户提现-退费单RF2026071714563739618,2026-07-17 14:58:09,用户提现,
olAFl69b68pwKGrzLICOS8mJAJHw,96.80,60912414052615	,订单退费转入,96.80,系统处理工单时转移用户余额，订单号=WS2026040611520841776,2026-07-17 14:57:01,SYS,
olAFl62IOzCoKF8iqfJ6WvnV2McY,29.00,67512448131110	,订单退费转入,29.00,工单系统流量套餐退款,2026-07-17 14:56:37,SYS,
odELQ6rbkyUjvboRJrGfigsr4zbE,151.00,67682451002502	,订单退费转入,151.00,系统处理工单时转移用户余额，订单号=WS2026070222244613737,2026-07-17 14:28:57,SYS,
olAFl61hXvru89Efr5lhoRe2AQ5I,0.00,69212612181132	,用户提现,340.00,用户提现-退费单RF2026071703151021592,2026-07-17 14:27:51,用户提现,
olAFl6ysm2gXduSkLoNLv0EL3pD8,0.00,63272426054688	,用户提现,180.00,用户提现-退费单RF2026071714254658122,2026-07-17 14:26:26,用户提现,
olAFl6_lLpC2PIuyiI6HJOTM_iBI,0.00,68052508001024	,用户提现,88.40,用户提现-退费单RF2026071703150886011,2026-07-17 14:26:06,用户提现,
olAFl6ysm2gXduSkLoNLv0EL3pD8,180.00,63272426054688	,订单退费转入,180.00,系统处理工单时转移用户余额，订单号=WS2026071714020799330,2026-07-17 14:25:47,SYS,
ojb7F2Jr5NmiK0a9daoM8lZL39zc,0.00,70032621089557	,用户提现,62.20,用户提现-退费单RF2026071614131114230,2026-07-17 14:23:54,用户提现,
olAFl68k1_SIqikZgPbAsgvUAIl0,0.00,67482512336828	,用户提现,62.20,用户提现-退费单RF2026071616385294122,2026-07-17 14:20:26,用户提现,
olAFl62fW5JjYa3USvwdEnXCiWmE,0.00,68772522028864	,用户提现,82.10,用户提现-退费单RF2026071714113540093,2026-07-17 14:12:24,用户提现,
olAFl62fW5JjYa3USvwdEnXCiWmE,82.10,68772522028864	,订单退费转入,82.10,系统处理工单时转移用户余额，订单号=WN2026062112500904815,2026-07-17 14:11:35,SYS,
olAFl67an-j3aOgXQaE40sKLyGtk,0.00,69212612181216	,用户提现,14.50,用户提现-退费单RF2026071712201382130,2026-07-17 13:59:34,用户提现,
olAFl6_rP44wo8ueA6kjmt1bTaaY,0.00,70032611016012	,用户提现,162.40,用户提现-退费单RF2026071603151016913,2026-07-17 13:51:56,用户提现,
olAFl62-xa0jOHYr1CC_lf9ny1Vs,0.00,67492538522651	,用户提现,80.40,用户提现-退费单RF2026071621033609232,2026-07-17 13:44:25,用户提现,
olAFl61YtXxpbEmEK-4sojEFMMVc,0.00,69212606156891	,用户提现,180.00,用户提现-退费单RF2026071703151182313,2026-07-17 13:43:56,用户提现,
olAFl6_KSBmyqzcWEQ8PPeHmxxIo,0.00,67512440011071	,用户提现,138.00,用户提现-退费单RF2026071713372993291,2026-07-17 13:37:58,用户提现,
olAFl6_KSBmyqzcWEQ8PPeHmxxIo,138.00,67512440011071	,订单退费转入,138.00,工单系统流量套餐退款,2026-07-17 13:37:30,SYS,
olAFl6xKN4VD3TUSRjF8o2S9jSDE,0.00,67492602581354	,用户提现,131.00,用户提现-退费单RF2026071703150384186,2026-07-17 13:23:55,用户提现,
olAFl61FDZnPkaMcVDmcNHObvSAc,0.00,58812421072412	,用户提现,69.00,用户提现-退费单RF2026071712405900691,2026-07-17 13:17:58,用户提现,
olAFl67SnTNhJO1nnVDeOlGV9q7k,0.00,69212612186972	,用户提现,109.00,用户提现-退费单RF2026071712585837185,2026-07-17 13:00:45,用户提现,
olAFl67SnTNhJO1nnVDeOlGV9q7k,109.00,69212612186972	,订单退费转入,109.00,工单系统流量套餐退款,2026-07-17 12:58:58,SYS,
olAFl60SToRQtgDbJAMVmXlzsjQY,0.00,67512534236724	,用户提现,54.00,用户提现-退费单RF2026071611262416573,2026-07-17 12:53:17,用户提现,
olAFl67NWalIRLXAo539ZgUKf1VY,59.10,67002453144407	,订单退费转入,59.10,系统处理工单时转移用户余额，订单号=WS2026042900090892591,2026-07-17 12:50:56,SYS,
olAFl62ehlQZBfkRCmWH1KJ-6xW0,0.00,86132411246119	,用户提现,175.20,用户提现-退费单RF2026071003154916566,2026-07-17 12:48:38,用户提现,
olAFl61FDZnPkaMcVDmcNHObvSAc,69.00,58812421072412	,订单退费转入,69.00,工单系统流量套餐退款 本单会员价格20.00元，不能退款,2026-07-17 12:40:59,SYS,
olAFl61ZW8frDYKAfh0REHzfkk5A,0.00,68772550195828	,用户提现,106.60,用户提现-退费单RF2026071703150359329,2026-07-17 12:39:23,用户提现,
olAFl68S1z0NGlncKjRuiZ8xORQM,0.00,68772602219388	,用户提现,48.60,用户提现-退费单RF2026071503150462232,2026-07-17 12:32:34,用户提现,
olAFl6-OZo2vy-6WE7VEeEnIV9AQ,0.00,67492609649608	,用户提现,88.40,用户提现-退费单RF2026070803152637443,2026-07-17 12:26:40,用户提现,
olAFl6xOZYvV9U_mYduV02xIXdto,302.00,68032504010105	,订单退费转入,302.00,工单系统流量套餐退款,2026-07-17 12:24:06,SYS,
olAFl67an-j3aOgXQaE40sKLyGtk,14.50,69212612181216	,订单退费转入,14.50,系统处理工单时转移用户余额，订单号=WN2026051921055283294,2026-07-17 12:20:14,SYS,
olAFl62I9kKIvsqgGO4WQlL74Vnk,0.00,864665071527795	,用户提现,143.00,用户提现-退费单RF2026071703150619175,2026-07-17 12:06:25,用户提现,
olAFl64gQNIEkK2nyeSPlb7MJrw4,0.00,70032611006250	,用户提现,420.00,用户提现-退费单RF2026071603151730413,2026-07-17 12:03:59,用户提现,
ojb7F2Aj4idQO7wqwaXZkOrWhjTE,180.00,70132627000316	,订单退费转入,180.00,系统处理工单时转移用户余额，订单号=WS2026071513042466137,2026-07-17 12:02:10,SYS,
olAFl694AjS89B_fYb2UDBI3glkg,0.00,67492602584995	,用户提现,61.00,用户提现-退费单RF2026071623201903887,2026-07-17 11:56:45,用户提现,
olAFl677LR3s2na6mKcB9osyIxAU,0.00,67482453150715	,用户提现,479.00,用户提现-退费单RF2026071711443548551,2026-07-17 11:45:21,用户提现,
ojb7F2GUfP2Twrbn3NX3duHjNp7M,0.00,70032617033013	,用户提现,106.00,用户提现-退费单RF2026071711440741155,2026-07-17 11:44:40,用户提现,
olAFl677LR3s2na6mKcB9osyIxAU,479.00,67482453150715	,订单退费转入,479.00,工单系统流量套餐退款 本单会员价格20.00元，不能退款,2026-07-17 11:44:35,SYS,
ojb7F2GUfP2Twrbn3NX3duHjNp7M,106.00,70032617033013	,订单退费转入,106.00,工单系统流量套餐退款,2026-07-17 11:44:07,SYS,
olAFl60e9STlRBdW5_L2qPNbBD5k,0.00,67482513397229	,用户提现,170.40,用户提现-退费单RF2026071703150219187,2026-07-17 11:43:17,用户提现,
olAFl6-CROHwmzYHb0teRd2JUP_8,0.00,67512445108489	,用户提现,261.00,用户提现-退费单RF2026071711420010569,2026-07-17 11:42:47,用户提现,
olAFl6-CROHwmzYHb0teRd2JUP_8,261.00,67512445108489	,订单退费转入,261.00,工单系统流量套餐退款 本单会员价格20.00元，不能退款,2026-07-17 11:42:00,SYS,
ojb7F2E6S9XSNIZcUsauHKZd5924,0.00,70032617028945	,用户提现,141.20,用户提现-退费单RF2026071608375791775,2026-07-17 11:25:34,用户提现,
olAFl62cMEsm2FFQLKjVg9CXtWkw,0.00,68772528053588	,用户提现,109.00,用户提现-退费单RF2026071710405444960,2026-07-17 11:23:33,用户提现,
olAFl69gJ_kQdC1z7VCD_YXlMWEs,199.00,67492538515690	,订单退费转入,199.00,工单系统流量套餐退款 本单会员价格20.00元，不能退款,2026-07-17 11:15:43,SYS,
olAFl6xdqjd500mbjMm07s9lhkMI,1.00,67492602580404	,订单退费转入,1.00,系统处理工单时转移用户余额，订单号=WS2026020311041056152,2026-07-17 11:14:17,SYS,
olAFl608_ja1GGjpXCQD9WWSNfIA,0.00,67492453369380	,用户提现,66.00,用户提现-退费单RF2026071503150293978,2026-07-17 11:13:24,用户提现,
ojb7F2Db4oirjm7M55O6j8QIJm1c,0.00,67492609646002	,用户提现,172.20,用户提现-退费单RF2026071710413062238,2026-07-17 10:49:31,用户提现,
ojb7F2EtbWC5m6SbrzKNjTdTCm6w,0.00,67492603601861	,用户提现,19.00,用户提现-退费单RF2026071710464934777,2026-07-17 10:47:18,用户提现,
ojb7F2EtbWC5m6SbrzKNjTdTCm6w,19.00,67492603601861	,订单退费转入,19.00,工单系统流量套餐退款,2026-07-17 10:46:49,SYS,
ojb7F2Db4oirjm7M55O6j8QIJm1c,172.20,67492609646002	,订单退费转入,172.20,系统处理工单时转移用户余额，订单号=WS2026071521313629030,2026-07-17 10:41:31,SYS,
olAFl62nWBGrAteBRZJchzCA5XiU,0.00,67492509461228	,用户提现,20.50,用户提现-退费单RF2026071710403869269,2026-07-17 10:41:04,用户提现,
olAFl62cMEsm2FFQLKjVg9CXtWkw,109.00,68772528053588	,订单退费转入,109.00,工单系统流量套餐退款,2026-07-17 10:40:54,SYS,
olAFl62nWBGrAteBRZJchzCA5XiU,20.50,67492509461228	,订单退费转入,20.50,系统处理工单时转移用户余额，订单号=WS2026031701165717372,2026-07-17 10:40:39,SYS,
olAFl69ezguy1YIj5dzm-mDnylVE,0.00,67482610412392	,用户提现,62.00,用户提现-退费单RF2026071003152582257,2026-07-17 10:14:10,用户提现,
olAFl60H0mdQlXXq_1YFzwo6XRb0,0.00,67512525199043	,用户提现,26.10,用户提现-退费单RF2026071703150294955,2026-07-17 10:01:49,用户提现,
olAFl60H0mdQlXXq_1YFzwo6XRb0,26.10,67512525199043	,用户提现,160.00,用户提现-退费单RF2026071703150295594,2026-07-17 10:01:48,用户提现,
ojb7F2J5_FsEomKGSP8ZmMCz3d2I,0.00,67492603603778	,用户提现,89.00,用户提现-退费单RF2026071709495580171,2026-07-17 09:51:25,用户提现,
ojb7F2J5_FsEomKGSP8ZmMCz3d2I,89.00,67492603603778	,订单退费转入,89.00,工单系统流量套餐退款,2026-07-17 09:49:56,SYS,
olAFl6x2RClNbmg2Nsp0AUz6OQQ0,0.00,67002447018690	,用户提现,199.00,用户提现-退费单RF2026060522171114596,2026-07-17 09:47:35,用户提现,
olAFl6zj082EeI_Ek0LAAwhtLLWc,0.00,68772522027917	,用户提现,94.00,用户提现-退费单RF2026071703150453688,2026-07-17 09:40:56,用户提现,
ojb7F2CKf8fn5IIy40rcRBn9mNlQ,0.00,70032617032838	,用户提现,260.00,用户提现-退费单RF2026071709173673763,2026-07-17 09:30:24,用户提现,
olAFl63Yn_EmhhpGa0DEgP8HNwJs,0.00,67482513397571	,用户提现,30.70,用户提现-退费单RF2026071709145111465,2026-07-17 09:27:43,用户提现,
olAFl6wmVbkjRrBnTPlKvvrkhPRs,0.00,69212621226379	,用户提现,58.00,用户提现-退费单RF2026071709231629222,2026-07-17 09:23:52,用户提现,
olAFl6wmVbkjRrBnTPlKvvrkhPRs,58.00,69212621226379	,订单退费转入,58.00,工单系统流量套餐退款,2026-07-17 09:23:16,SYS,
ojb7F2CKf8fn5IIy40rcRBn9mNlQ,260.00,70032617032838	,订单退费转入,260.00,系统处理工单时转移用户余额，订单号=WS2026071116495153025,2026-07-17 09:17:37,SYS,
olAFl63Yn_EmhhpGa0DEgP8HNwJs,30.70,67482513397571	,订单退费转入,30.70,系统处理工单时转移用户余额，订单号=WS2026030412120872475,2026-07-17 09:14:51,SYS,
ojb7F2CQpv9vE8_8UgxeujldpCuA,0.00,70032617035929	,用户提现,54.00,用户提现-退费单RF2026071703150279687,2026-07-17 09:00:28,用户提现,
odELQ6vgyXjoS3aQWcHAOu29YfPo,0.00,63272426063499	,用户提现,454.20,用户提现-退费单RF2026071703150644033,2026-07-17 08:53:27,用户提现,
olAFl6yq4PMJ5ki90M_0riEhJ5kc,0.00,86132437291881	,用户提现,27.30,用户提现-退费单RF2026071708332892797,2026-07-17 08:33:58,用户提现,
olAFl6yq4PMJ5ki90M_0riEhJ5kc,27.30,86132437291881	,订单退费转入,27.30,系统处理工单时转移用户余额，订单号=WN2026030615240064595,2026-07-17 08:33:29,SYS,
olAFl62Sdyp9QxOav4TsJ9pxxAIc,0.00,69212536018520	,用户提现,120.40,用户提现-退费单RF2026071708280783866,2026-07-17 08:31:45,用户提现,
olAFl62Sdyp9QxOav4TsJ9pxxAIc,120.40,69212536018520	,订单退费转入,120.40,系统处理工单时转移用户余额，订单号=WS2026050901014340373,2026-07-17 08:28:08,SYS,
ojb7F2OIlfmj2XP-TvJZuoICaT4w,82.40,70032617028070	,订单退费转入,82.40,系统处理工单时转移用户余额，订单号=WN2026061616495875446,2026-07-17 08:18:49,SYS,
olAFl687Wezw6uJwfWQJdhD1J4Tg,153.00,67482448035650	,订单退费转入,153.00,系统处理工单时转移用户余额，订单号=WS2026071320244287636,2026-07-17 08:03:00,SYS,
olAFl62iNFkfxASvtoJxrz-GV91A,0.00,86132405195190	,用户提现,58.00,用户提现-退费单RF2026071703150208629,2026-07-17 08:01:54,用户提现,
olAFl68MmGjnuNex0R6H-G-7bzmU,0.00,68932532019322	,用户提现,138.00,用户提现-退费单RF2026071003155285964,2026-07-17 07:11:09,用户提现,
olAFl61rnxaboLxeqyq0pS-A_xvY,0.00,63272426060101	,用户提现,134.30,用户提现-退费单RF2026071705320255741,2026-07-17 05:33:43,用户提现,
olAFl61rnxaboLxeqyq0pS-A_xvY,134.30,63272426060101	,订单退费转入,134.30,系统处理工单时转移用户余额，订单号=WS2026042201220232613,2026-07-17 05:32:03,SYS,
olAFl65o2Pov2vZwxvojcGrnKk5E,0.00,67482454183416	,用户提现,420.00,用户提现-退费单RF2026071614175910552,2026-07-17 04:16:16,用户提现,
olAFl6-FlA-wqgqoUzplQv0EheUI,89.00,68772604279431	,订单退费转入,89.00,工单系统审核退费单-套餐已作废/钱包已清零,2026-07-17 03:15:14,SYS,
o2uAP6yQjD0mdlYcmT9P-Go3MOLQ,39.90,328813954	,订单退费转入,39.90,工单系统审核退费单-套餐已作废/钱包已清零,2026-07-17 03:15:14,SYS,
olAFl6_0s_ng8WD_aoj5Ar3FvunA,83.60,864665067737283	,订单退费转入,83.60,系统处理工单时转移用户余额，订单号=WS2026031822154342544,2026-07-17 03:15:14,SYS,
olAFl6-nxZQrBgksShQufpO_pc1U,50.00,69212621223054	,订单退费转入,50.00,工单系统流量套餐退款,2026-07-17 03:15:14,SYS,
ojb7F2NR0xMzrcf9bcKdKTPVJ4IU,32.00,69212621218780	,订单退费转入,32.00,工单系统审核退费单-套餐已作废/钱包已清零,2026-07-17 03:15:13,SYS,
olAFl636n6W9ydUWIZUfw4QVnodI,145.60,60912426138135	,订单退费转入,145.60,系统处理工单时转移用户余额，订单号=WS2026022618362009396,2026-07-17 03:15:13,SYS,
o2uAP6_HRytopYc4lmPk7qrHE3Ic,43.50,8085180	,订单退费转入,43.50,系统处理工单时转移用户余额，订单号=WS2026031722204110824,2026-07-17 03:15:13,SYS,
olAFl62lderh3HD-POXATjBMvoms,54.00,67492603602222	,订单退费转入,54.00,系统处理工单时转移用户余额，订单号=WS2026022719441415212,2026-07-17 03:15:13,SYS,
olAFl6-S9IbeHP93SZDXb5cE99K8,104.40,70032621091547	,订单退费转入,104.40,系统处理工单时转移用户余额，订单号=WS2026062616343385832,2026-07-17 03:15:13,SYS,
olAFl6x0BQG5FRSZDG1MHw_Pkl6M,2.00,67482504306870	,订单退费转入,2.00,系统处理工单时转移用户余额，订单号=WS2026011815264047782,2026-07-17 03:15:13,SYS,
olAFl67uk9uOBWS4g60aUCiLFRMk,49.00,86132327025537	,订单退费转入,49.00,工单系统流量套餐退款,2026-07-17 03:15:13,SYS,
olAFl61YtXxpbEmEK-4sojEFMMVc,180.00,69212606156891	,订单退费转入,180.00,系统处理工单时转移用户余额，订单号=WS2026062707145388820,2026-07-17 03:15:12,SYS,
olAFl6xyfvO6LqiUUypBB8Iek404,76.60,68772535082757	,订单退费转入,76.60,系统处理工单时转移用户余额，订单号=WS2026042319255518114,2026-07-17 03:15:12,SYS,
odELQ6pJs24_wHzPkx7BHv8CFs6I,710.20,867061073948048	,订单退费转入,710.20,工单系统流量套餐退款 本单会员价格20.00元，不能退款,2026-07-17 03:15:12,SYS,
olAFl64TfOQrN2YUicj-lBmPQPFY,180.00,68032504007346	,订单退费转入,180.00,系统处理工单时转移用户余额，订单号=WS2026062811182616538,2026-07-17 03:15:12,SYS,
olAFl64TfOQrN2YUicj-lBmPQPFY,260.40,68032504007346	,订单退费转入,80.40,系统处理工单时转移用户余额，订单号=WS2026062722564659723,2026-07-17 03:15:12,SYS,
olAFl68yfM2LQJt58Y9S9kSaeXF8,162.10,68772550174029	,订单退费转入,162.10,系统处理工单时转移用户余额，订单号=WS2026062816241577263,2026-07-17 03:15:12,SYS,
odELQ6mfqa6eLHiJ_t6SynruoS-U,100.00,67682509015288	,订单退费转入,100.00,工单系统流量套餐退款,2026-07-17 03:15:12,SYS,
olAFl60e1TSHwv5tua6_eJhXOnP0,134.10,864665065443728	,订单退费转入,134.10,系统处理工单时转移用户余额，订单号=WS2026042121324087671,2026-07-17 03:15:11,SYS,
olAFl65H6VIQfI4K2aZphTZLZsfA,6.00,70032611012799	,订单退费转入,6.00,工单系统流量套餐退款,2026-07-17 03:15:11,SYS,
olAFl6xRkTH3FXKVX5-Ye-dreQMM,66.00,68772610299889	,订单退费转入,66.00,系统处理工单时转移用户余额，订单号=WS2026051421420128645,2026-07-17 03:15:11,SYS,
olAFl6wnypdtQKOAvIMSYEpWhGG4,54.00,67492442215515	,订单退费转入,54.00,系统处理工单时转移用户余额，订单号=WN2026031819162298522,2026-07-17 03:15:11,SYS,
olAFl6xTNAy6GF_1mUg3bjSBXh4s,125.70,67002447025830	,订单退费转入,125.70,系统处理工单时转移用户余额，订单号=WS2026051310090092127,2026-07-17 03:15:11,SYS,
ojb7F2Jk__wmiodVyRmFQCZTC8o0,29.00,67492602580456	,订单退费转入,29.00,工单系统流量套餐退款,2026-07-17 03:15:11,SYS,
ojb7F2KinG6hOu91athd14towlBk,69.00,69212621219339	,订单退费转入,69.00,工单系统审核退费单-套餐已作废/钱包已清零,2026-07-17 03:15:11,SYS,
olAFl6y8VxMsYOu4U5Q4A988pXJQ,64.60,67002523282705	,订单退费转入,64.60,系统处理工单时转移用户余额，订单号=WS2025121621593637975,2026-07-17 03:15:11,SYS,
olAFl64Pjn1tDI_02AmcWXmY0guM,180.00,60912426138964	,订单退费转入,180.00,系统处理工单时转移用户余额，订单号=WS2026061021151582831,2026-07-17 03:15:11,SYS,
olAFl64Pjn1tDI_02AmcWXmY0guM,196.50,60912426138964	,订单退费转入,16.50,系统处理工单时转移用户余额，订单号=WS2025092219342722727,2026-07-17 03:15:11,SYS,
olAFl6xZ_NcZCe7rQ1XgUXj2inn8,39.90,68772610305069	,订单退费转入,39.90,工单系统流量套餐退款 本单会员价格20.00元，不能退款,2026-07-17 03:15:11,SYS,
ojb7F2BqHBOTZz3n6KftVIJ4hL6c,50.00,70032617034380	,订单退费转入,50.00,工单系统流量套餐退款 本单会员价格20.00元，不能退款,2026-07-17 03:15:11,SYS,
olAFl6yKN3VZe2j3BjxN5Wf90krQ,87.00,68772612316030	,订单退费转入,87.00,工单系统流量套餐退款,2026-07-17 03:15:10,SYS,
olAFl67irRBZyfVjOMsZJxpx3aBA,124.20,67512445108037	,订单退费转入,124.20,系统处理工单时转移用户余额，订单号=WS2026060801355215749,2026-07-17 03:15:10,SYS,
olAFl64UCcfLfRMDnBYY1kpCXRLE,71.40,67002535361600	,订单退费转入,71.40,系统处理工单时转移用户余额，订单号=WS2025111912210319299,2026-07-17 03:15:10,SYS,
olAFl6-MOs_kkkuaabnS9NRu_FbA,120.10,68772550195121	,订单退费转入,120.10,系统处理工单时转移用户余额，订单号=WS2026013111491637810,2026-07-17 03:15:10,SYS,
olAFl6-s6lP_CXh08vlPd5-0YhQY,23.60,67482449099351	,订单退费转入,23.60,系统处理工单时转移用户余额，订单号=WS2025112519444421417,2026-07-17 03:15:10,SYS,
olAFl61hXvru89Efr5lhoRe2AQ5I,340.00,69212612181132	,订单退费转入,340.00,工单系统流量套餐退款,2026-07-17 03:15:10,SYS,
olAFl6xWa6g0eVyDKwWQjGqeZA7o,64.40,864665071443241	,订单退费转入,64.40,系统处理工单时转移用户余额，订单号=WS2025090318223411165,2026-07-17 03:15:10,SYS,
ojb7F2Gc4rBAMi4PVVLjVfWg44v4,69.00,69212621221646	,订单退费转入,69.00,工单系统流量套餐退款,2026-07-17 03:15:10,SYS,
olAFl65S1BpICqXMEA67S9oLQXwk,179.00,67512525195692	,订单退费转入,179.00,工单系统流量套餐退款 本单会员价格20.00元，不能退款,2026-07-17 03:15:10,SYS,
olAFl6_Ch4LgXs6CMuGjgl4_XmRk,34.00,67512535257702	,订单退费转入,34.00,系统处理工单时转移用户余额，订单号=WS2026042812032871467,2026-07-17 03:15:09,SYS,
ojb7F2PGouzBd-amzsvYYqh34hTQ,92.20,70032617030490	,订单退费转入,92.20,系统处理工单时转移用户余额，订单号=WN2026061210445642358,2026-07-17 03:15:09,SYS,
olAFl68bQhGF_8Y85kD-Eotw4mA4,34.00,67512535263372	,订单退费转入,34.00,系统处理工单时转移用户余额，订单号=WS2025092213353687823,2026-07-17 03:15:09,SYS,
olAFl62PCcFT4B-8c2vf4HwbYurg,180.00,86132345118377	,订单退费转入,180.00,系统处理工单时转移用户余额，订单号=WS2026062809235771328,2026-07-17 03:15:09,SYS,
olAFl68n9fSyUcVICRRfdXWUEP3s,64.50,67912450006053	,订单退费转入,64.50,系统处理工单时转移用户余额，订单号=WS2026030919402195830 本单会员价格20.00元，不能退款,2026-07-17 03:15:09,SYS,
olAFl6_lLpC2PIuyiI6HJOTM_iBI,88.40,68052508001024	,订单退费转入,88.40,系统处理工单时转移用户余额，订单号=WS2026022515051765915,2026-07-17 03:15:09,SYS,
olAFl69PvcoGmF6x8NQhGZc-25K0,58.00,67492602588867	,订单退费转入,58.00,系统处理工单时转移用户余额，订单号=WS2026021011535352162,2026-07-17 03:15:09,SYS,
olAFl60ZmQFJRuFqcSqpyqGsCxKc,97.60,67512534244698	,订单退费转入,97.60,系统处理工单时转移用户余额，订单号=WS2026012009222655623,2026-07-17 03:15:09,SYS,
olAFl65e7sVIOq6r2hR2GePeRUd4,5.20,67512443065414	,订单退费转入,5.20,系统处理工单时转移用户余额，订单号=WS2025122419355598021,2026-07-17 03:15:09,SYS,
olAFl6wEZmL3hpU6gPKPiWkLPub8,34.00,68772547169256	,订单退费转入,34.00,系统处理工单时转移用户余额，订单号=WS2026011409450825384,2026-07-17 03:15:09,SYS,
olAFl63EVkSqBv6xxhAmAl4BMYqM,79.00,864665066189635	,订单退费转入,79.00,工单系统流量套餐退款 组合支付：微信退费 79.00,2026-07-17 03:15:08,SYS,
olAFl60n0V8BdIkaykPBZs47vOgA,23.30,63272414006119	,订单退费转入,23.30,系统处理工单时转移用户余额，订单号=WN2025102610220640077,2026-07-17 03:15:08,SYS,
olAFl65Kif6YAZzphLMKjPkM7sac,58.00,67492509455889	,订单退费转入,58.00,工单系统流量套餐退款,2026-07-17 03:15:08,SYS,
olAFl6zH6uJOmqu6u_nnNbC7vmWw,73.50,67512525205116	,订单退费转入,73.50,系统处理工单时转移用户余额，订单号=WS2026031119481892374,2026-07-17 03:15:08,SYS,
o2uAP60sQhr8j5_Ly8xwtg7Pc7Hg,39.90,328813532	,订单退费转入,39.90,工单系统审核退费单-套餐已作废/钱包已清零,2026-07-17 03:15:08,SYS,
olAFl62bOiTVmlprt8N6qanOtjVA,43.30,864665067345301	,订单退费转入,43.30,系统处理工单时转移用户余额，订单号=WS2025112113294287371,2026-07-17 03:15:08,SYS,
olAFl6xOYMuSl46z4D5wyc5QWzFA,16.70,86132414260181	,订单退费转入,16.70,系统处理工单时转移用户余额，订单号=WN2026022212433902979,2026-07-17 03:15:08,SYS,
olAFl62mElXO53frM0XB7dD7XJ8I,152.90,864665064561173	,订单退费转入,152.90,系统处理工单时转移用户余额，订单号=WS2026013010053808379,2026-07-17 03:15:08,SYS,
olAFl6-vvS1YRtwI760F6323mCuA,82.60,867061070177617	,订单退费转入,82.60,系统处理工单时转移用户余额，订单号=WS2026040600493074951,2026-07-17 03:15:08,SYS,
ojb7F2FsdRhq1chwZV6Uw_Z8-A_Q,172.20,69212612172401	,订单退费转入,172.20,系统处理工单时转移用户余额，订单号=WS2026060821163702754,2026-07-17 03:15:07,SYS,
olAFl66C_GR7--M6x0536rdOdjTI,152.40,867061074932314	,订单退费转入,152.40,系统处理工单时转移用户余额，订单号=WS2026052615580121233,2026-07-17 03:15:07,SYS,
olAFl61zvZiIe7gfa1U4_yJOVjs0,30.20,68772604278616	,订单退费转入,30.20,系统处理工单时转移用户余额，订单号=WS2026022818142681574,2026-07-17 03:15:07,SYS,
olAFl6ylE5-HASkpHkcsR3R5Z-v0,34.00,63272414007758	,订单退费转入,34.00,系统处理工单时转移用户余额，订单号=WS2025091910180074056,2026-07-17 03:15:07,SYS,
olAFl68JI_CKKBp1UsU7x-zjbphU,46.00,69212621221609	,订单退费转入,46.00,工单系统流量套餐退款,2026-07-17 03:15:07,SYS,
ojb7F2GnBSwfsxsMMcotVc0EoLDU,54.00,70032621093820	,订单退费转入,54.00,系统处理工单时转移用户余额，订单号=WS2026062717551359758,2026-07-17 03:15:07,SYS,
odELQ6tF6h7GluDmGV65buvWIBDc,169.00,86706107286413	,订单退费转入,169.00,工单系统审核退费单-套餐已作废/钱包已清零,2026-07-17 03:15:07,SYS,
olAFl60IVNpvbsc8JjLM-4K5zIaU,106.00,67512448133439	,订单退费转入,106.00,工单系统审核退费单-套餐已作废/钱包已清零,2026-07-17 03:15:06,SYS,
olAFl6-657s6lKF4sOCL0TXOSitk,84.20,864665064159994	,订单退费转入,84.20,系统处理工单时转移用户余额，订单号=WN2026062717563884921,2026-07-17 03:15:06,SYS,
o2uAP6zv_wW761pVpiJhakyaCZPo,66.40,80177955	,订单退费转入,66.40,系统处理工单时转移用户余额，订单号=WS2025101107291188226,2026-07-17 03:15:06,SYS,
olAFl69bu0v7MOwq_JGfiv7AtHkY,216.00,68772612331522	,订单退费转入,216.00,工单系统流量套餐退款,2026-07-17 03:15:06,SYS,
olAFl62I9kKIvsqgGO4WQlL74Vnk,143.00,864665071527795	,订单退费转入,143.00,工单系统流量套餐退款 本单会员价格20.00元，不能退款,2026-07-17 03:15:06,SYS,
o2uAP63Sjl26dY8tkiP-nph88LKA,230.00,86328596	,订单退费转入,230.00,工单系统流量套餐退款,2026-07-17 03:15:06,SYS,
odELQ6vgyXjoS3aQWcHAOu29YfPo,454.20,63272426063499	,订单退费转入,454.20,工单系统流量套餐退款 本单会员价格20.00元，不能退款,2026-07-17 03:15:06,SYS,
olAFl6zj082EeI_Ek0LAAwhtLLWc,94.00,68772522027917	,订单退费转入,94.00,工单系统流量套餐退款 本单会员价格20.00元，不能退款,2026-07-17 03:15:05,SYS,
olAFl68V2We7e8edWlWYwJw9Yb9U,50.00,69212606160498	,订单退费转入,50.00,工单系统流量套餐退款,2026-07-17 03:15:05,SYS,
olAFl64Nl3def40xPZrSqSJ4Cs-k,29.90,70032611012366	,订单退费转入,29.90,工单系统流量套餐退款,2026-07-17 03:15:05,SYS,
odELQ6mBpXoBgTlJIIAXuuRbiu-E,199.00,67492609651144	,订单退费转入,199.00,工单系统流量套餐退款 本单会员价格20.00元，不能退款,2026-07-17 03:15:05,SYS,
olAFl626lTi6-xb4k9n2cIVfzwMU,125.30,69142620028544	,订单退费转入,125.30,系统处理工单时转移用户余额，订单号=WS2026062610352422714,2026-07-17 03:15:05,SYS,
olAFl624didZys0kDL4esIiWYX-c,90.10,67002535355797	,订单退费转入,90.10,系统处理工单时转移用户余额，订单号=WS2026032720445278031,2026-07-17 03:15:05,SYS,
olAFl69n6kAJ0q4SMZL5U4e2o_EQ,144.50,69142620026650	,订单退费转入,144.50,系统处理工单时转移用户余额，订单号=WS2026052317571904353,2026-07-17 03:15:05,SYS,
olAFl6xZBhVHp5qCCnyIuiWRNgrU,69.00,864665067797485	,订单退费转入,69.00,工单系统审核退费单-套餐已作废/钱包已清零,2026-07-17 03:15:05,SYS,
olAFl6xn_yhyEcS9Y58Be5bKtqms,110.20,68032504013144	,订单退费转入,110.20,系统处理工单时转移用户余额，订单号=WS2026052112425213920,2026-07-17 03:15:05,SYS,
olAFl60_L4ephmtZLojgUGaJY1JQ,180.00,69212621226414	,订单退费转入,180.00,系统处理工单时转移用户余额，订单号=WS2026062516144285514,2026-07-17 03:15:05,SYS,
olAFl64aEtLEPcXNKp4tLEk4bo8k,109.30,60912411003709	,订单退费转入,109.30,系统处理工单时转移用户余额，订单号=WS2025110611493456812,2026-07-17 03:15:04,SYS,
olAFl61ZW8frDYKAfh0REHzfkk5A,106.60,68772550195828	,订单退费转入,106.60,系统处理工单时转移用户余额，订单号=WS2026051612354994571,2026-07-17 03:15:04,SYS,
olAFl64tXDY6dmkyP4vQYxEslNJ4,46.60,67482449101129	,订单退费转入,46.60,系统处理工单时转移用户余额，订单号=WS2026050315441636063,2026-07-17 03:15:04,SYS,
olAFl63Nzus78eh2k1uZ3YPWmiiE,188.00,70032621088219	,订单退费转入,188.00,工单系统流量套餐退款,2026-07-17 03:15:04,SYS,
olAFl6xwU2qtKpTLH0j8rRdjpcoQ,87.50,864665067753801	,订单退费转入,87.50,系统处理工单时转移用户余额，订单号=WS2026021209145089327,2026-07-17 03:15:04,SYS,
olAFl6xKN4VD3TUSRjF8o2S9jSDE,131.00,67492602581354	,订单退费转入,131.00,工单系统流量套餐退款,2026-07-17 03:15:04,SYS,
olAFl6zHYLIJdnVKaSU7yoSfvvpc,320.00,68772602215191	,订单退费转入,320.00,系统处理工单时转移用户余额，订单号=WS2026062723174170536,2026-07-17 03:15:04,SYS,
olAFl6zHYLIJdnVKaSU7yoSfvvpc,355.40,68772602215191	,订单退费转入,35.40,系统处理工单时转移用户余额，订单号=WS2026021013223214554,2026-07-17 03:15:04,SYS,
olAFl6_0BvoHu_snPH1uoS2tYO94,101.00,67492552542063	,订单退费转入,101.00,系统处理工单时转移用户余额，订单号=WS2026011720091773131,2026-07-17 03:15:04,SYS,
olAFl6wgZpqEupXM9la_Xq09naQo,94.00,864665065659091	,订单退费转入,94.00,工单系统流量套餐退款,2026-07-17 03:15:04,SYS,
olAFl64XrVmXDNMunhd0Rjtrs9Rc,35.90,86132353171416	,订单退费转入,35.90,系统处理工单时转移用户余额，订单号=WS2026030421463588817,2026-07-17 03:15:04,SYS,
olAFl67yJlBCfkrLAAda2zKIz7sc,261.00,67512534245190	,订单退费转入,261.00,工单系统流量套餐退款 本单会员价格20.00元，不能退款,2026-07-17 03:15:03,SYS,
olAFl64AqKPMraAZuPvE5RdglhcM,162.40,70032617028805	,订单退费转入,162.40,系统处理工单时转移用户余额，订单号=WS2026060820445490531,2026-07-17 03:15:03,SYS,
ojb7F2CQpv9vE8_8UgxeujldpCuA,54.00,70032617035929	,订单退费转入,54.00,系统处理工单时转移用户余额，订单号=WS2026061020124055934,2026-07-17 03:15:03,SYS,
olAFl60zV8mAKGiwQQWKgjBZmRfk,94.00,68772543146368	,订单退费转入,94.00,工单系统审核退费单-套餐已作废/钱包已清零,2026-07-17 03:15:03,SYS,
olAFl65BFQfnVi788xALJmWpibcM,359.00,67492609639458	,订单退费转入,359.00,工单系统流量套餐退款,2026-07-17 03:15:03,SYS,
olAFl60H0mdQlXXq_1YFzwo6XRb0,180.00,67512525199043	,订单退费转入,180.00,系统处理工单时转移用户余额，订单号=WS2026062019152119223 本单会员价格20.00元，不能退款,2026-07-17 03:15:03,SYS,
olAFl60H0mdQlXXq_1YFzwo6XRb0,186.10,67512525199043	,订单退费转入,6.10,系统处理工单时转移用户余额，订单号=WS2025072214041898279,2026-07-17 03:15:03,SYS,
olAFl65QC3mQXkV4ETOJW3mHfk8s,172.20,69212621216736	,订单退费转入,172.20,系统处理工单时转移用户余额，订单号=WS2026062008404293542,2026-07-17 03:15:03,SYS,
olAFl68Q4xBLcXYPobksXJUM9feI,58.00,67482448049541	,订单退费转入,58.00,工单系统流量套餐退款,2026-07-17 03:15:03,SYS,
olAFl6-niKxrgbPNGVQ_I7tyJPtM,17.80,67482503212647	,订单退费转入,17.80,系统处理工单时转移用户余额，订单号=WS2025113011463769943,2026-07-17 03:15:03,SYS,
olAFl65Hjm7_gQSUsMW9y_TM4KCI,199.00,69212621225249	,订单退费转入,199.00,工单系统流量套餐退款,2026-07-17 03:15:03,SYS,
olAFl6yjd_xgAqV9XdRLyQDElJaQ,58.00,67002452074765	,订单退费转入,58.00,工单系统流量套餐退款,2026-07-17 03:15:02,SYS,
olAFl6wisg5EaHPCjmQUjfFp2GkM,98.40,68772550178701	,订单退费转入,98.40,系统处理工单时转移用户余额，订单号=WS2026010114084614445,2026-07-17 03:15:02,SYS,
olAFl6_pOeG6Tr4Esy4V5d2vkoZ4,106.00,60912426137414	,订单退费转入,106.00,工单系统流量套餐退款,2026-07-17 03:15:02,SYS,
olAFl62iNFkfxASvtoJxrz-GV91A,58.00,86132405195190	,订单退费转入,58.00,工单系统流量套餐退款,2026-07-17 03:15:02,SYS,
olAFl60e9STlRBdW5_L2qPNbBD5k,170.40,67482513397229	,订单退费转入,170.40,系统处理工单时转移用户余额，订单号=WS2026061621020065026,2026-07-17 03:15:02,SYS,
olAFl60vAqk8bSP_iEmJGtogmu78,0.00,70032611013242	,用户提现,26.80,用户提现-退费单RF2026071702530110829,2026-07-17 02:53:23,用户提现,
olAFl60vAqk8bSP_iEmJGtogmu78,26.80,70032611013242	,订单退费转入,26.80,工单系统流量套餐退款 组合支付：微信退费 26.80,2026-07-17 02:53:01,SYS,
olAFl64BPfTtC6sUA0gXacpYHIiI,0.00,67002448058637	,用户提现,173.50,用户提现-退费单RF2026071702180688641,2026-07-17 02:18:51,用户提现,
olAFl64BPfTtC6sUA0gXacpYHIiI,173.50,67002448058637	,订单退费转入,173.50,系统处理工单时转移用户余额，订单号=WS2026070820045006335,2026-07-17 02:18:07,SYS,
olAFl6xa-GpQRmuVqhK7NHGcWi1E,0.00,68772539118290	,用户提现,29.00,用户提现-退费单RF2026062603153271885,2026-07-17 01:43:35,用户提现,
o4p3p67AXIK6OgtJlsWIJWBahFAU,0.00,866801080196730	,用户提现,39.00,用户提现-退费单RF2026070417001143570,2026-07-17 01:31:55,用户提现,
olAFl60UPLJRteNmG6KqUsQ-djls,0.00,67482442001446	,用户提现,92.00,用户提现-退费单RF2026071700544627525 微信退款失败：当前商户号暂不能进行“资金付款类”相关业务操作，可前往“微信支付商家助手”小程序 >“业务受限处理”了解原因,2026-07-17 00:55:12,用户提现,
olAFl60UPLJRteNmG6KqUsQ-djls,92.00,67482442001446	,订单退费转入,92.00,系统处理工单时转移用户余额，订单号=WS2025122908512017536,2026-07-17 00:54:46,SYS,
olAFl6zV3T1MmrQV_yetCv59DzmY,0.00,68012239000292	,用户提现,134.20,用户提现-退费单RF2026050921420363,2026-07-17 00:20:16,用户提现,
olAFl6_zSLcjGaHcLAW8FCqeLIQc,0.00,68772612325287	,用户提现,88.70,用户提现-退费单RF2026071623303073789,2026-07-16 23:37:03,用户提现,
olAFl65_aei_klG3HC_rZSwjIcAg,0.00,67002535365099	,用户提现,66.00,用户提现-退费单RF2026071623313033684,2026-07-16 23:32:32,用户提现,
olAFl65_aei_klG3HC_rZSwjIcAg,66.00,67002535365099	,订单退费转入,66.00,系统处理工单时转移用户余额，订单号=WS2025102912043319479,2026-07-16 23:31:30,SYS,
olAFl6_zSLcjGaHcLAW8FCqeLIQc,88.70,68772612325287	,订单退费转入,88.70,系统处理工单时转移用户余额，订单号=WS2026051519531704874,2026-07-16 23:30:31,SYS,
olAFl63Dq5KhtS-kKGF8Bjb9RpiM,0.00,68772522031971	,用户提现,46.40,用户提现-退费单RF2026070303160690267,2026-07-16 23:29:45,用户提现,
olAFl64uFmaKWhrwNAoOLP-2Qtbw,180.00,67482610424793	,订单退费转入,180.00,系统处理工单时转移用户余额，订单号=WS2026071320514661325,2026-07-16 23:28:33,SYS,
olAFl6_7ZKmPP_EGOSX48rOuTLpY,108.60,60912411002548	,订单退费转入,108.60,系统处理工单时转移用户余额，订单号=WS2025102522582074999,2026-07-16 23:23:09,SYS,
olAFl694AjS89B_fYb2UDBI3glkg,61.00,67492602584995	,订单退费转入,61.00,系统处理工单时转移用户余额，订单号=WS2026032022591698894,2026-07-16 23:20:19,SYS,
ojb7F2OEv1ZCfUQxKNf-cv8wVjos,199.00,70032611010149	,订单退费转入,199.00,工单系统流量套餐退款 本单会员价格20.00元，不能退款,2026-07-16 23:10:15,SYS,
olAFl60lWWrv4qjq0DcAG6oyi2j8,0.00,67512523190088	,用户提现,65.30,用户提现-退费单RF2026071603151762672,2026-07-16 22:50:28,用户提现,
olAFl6_uNIHsgzRqX-1GWqTNcr88,0.00,68772539115820	,用户提现,19.80,用户提现-退费单RF2026070603150921991,2026-07-16 22:30:37,用户提现,
olAFl61iT0SXN4gKuy9m62uyaKtY,0.00,67002452069844	,用户提现,37.70,用户提现-退费单RF2026071003154338812,2026-07-16 22:20:56,用户提现,
olAFl64Yy3Lvp55UYGbLoICFiMJU,0.00,58482351163503	,用户提现,44.60,用户提现-退费单RF2026070203152493572,2026-07-16 22:19:54,用户提现,
o2uAP63sM3pmyYEHrsG1MbeaIDNs,0.00,86324508	,用户提现,56.70,用户提现-退费单RF2026071622181234416,2026-07-16 22:18:22,用户提现,
o2uAP63sM3pmyYEHrsG1MbeaIDNs,56.70,86324508	,订单退费转入,56.70,系统处理工单时转移用户余额，订单号=WN2026071621384242017,2026-07-16 22:18:12,SYS,
olAFl64xKleakzWl4oHbTqBdYeB8,0.00,86132411245799	,用户提现,110.60,用户提现-退费单RF2026071003153947037,2026-07-16 22:13:07,用户提现,
olAFl6zQLjVVrJrp9KJJAxVkzMSs,0.00,67482449091570	,用户提现,104.30,用户提现-退费单RF2026071603150734130,2026-07-16 21:44:24,用户提现,
ojb7F2CyeZsm5J9XNr49ChxGL1KU,0.00,70032627107862	,用户提现,199.00,用户提现-退费单RF2026071621422058737,2026-07-16 21:42:39,用户提现,
ojb7F2CyeZsm5J9XNr49ChxGL1KU,199.00,70032627107862	,订单退费转入,199.00,工单系统流量套餐退款,2026-07-16 21:42:21,SYS,
olAFl671wnVg0MTGyA_rknQZmUCo,0.00,867061070145796	,用户提现,159.00,用户提现-退费单RF2026070622471883652,2026-07-16 21:32:30,用户提现,
olAFl62XVBLa7WCNhKlrietjmUoo,0.00,67492602584714	,用户提现,140.00,用户提现-退费单RF2026070402221663545,2026-07-16 21:30:59,用户提现,
olAFl66lRiC2DAdxcd1_X9QHQDGo,0.00,67492602582798	,用户提现,46.40,用户提现-退费单RF2026071617480748175,2026-07-16 21:15:20,用户提现,
olAFl6zICk85p-YHHCutABJsjFas,0.00,58812443087256	,用户提现,5.10,用户提现-退费单RF2026071620562613245,2026-07-16 21:12:16,用户提现,
olAFl60nHGvtiMRxXA7VKVujiC4E,38.90,68932546038846	,订单退费转入,38.90,工单系统审核退费单-套餐已作废/钱包已清零,2026-07-16 21:10:03,SYS,
olAFl61wbuHa5mZ-eYAJKAsLyae8,0.00,69212621221442	,用户提现,172.20,用户提现-退费单RF2026071621084442314,2026-07-16 21:09:10,用户提现,
olAFl61wbuHa5mZ-eYAJKAsLyae8,172.20,69212621221442	,订单退费转入,172.20,系统处理工单时转移用户余额，订单号=WS2026061920474153771,2026-07-16 21:08:44,SYS,
olAFl6xdgT5mt6FYiXUGzTS2tx18,0.00,67002535386752	,用户提现,19.00,用户提现-退费单RF2026071621054031149,2026-07-16 21:07:38,用户提现,
ojb7F2PTNgfv8K5Umkg7ees-ofbY,0.00,70032621088530	,用户提现,84.40,用户提现-退费单RF2026071621054246092,2026-07-16 21:07:00,用户提现,
ojb7F2PTNgfv8K5Umkg7ees-ofbY,84.40,70032621088530	,订单退费转入,84.40,系统处理工单时转移用户余额，订单号=WS2026062621213648731,2026-07-16 21:05:42,SYS,
olAFl6xdgT5mt6FYiXUGzTS2tx18,19.00,67002535386752	,订单退费转入,19.00,工单系统流量套餐退款,2026-07-16 21:05:40,SYS,
olAFl6zzKF_HjY9mOzEimwT0hXro,0.00,67492603605497	,用户提现,66.00,用户提现-退费单RF2026070303151016878,2026-07-16 21:05:01,用户提现,
olAFl62-xa0jOHYr1CC_lf9ny1Vs,80.40,67492538522651	,订单退费转入,80.40,系统处理工单时转移用户余额，订单号=WS2026051100550530456,2026-07-16 21:03:36,SYS,
olAFl620n10lf2MuvwjxlK3cEMoA,0.00,60912426130097	,用户提现,39.90,用户提现-退费单RF2026070322001057481,2026-07-16 20:59:41,用户提现,
olAFl6zICk85p-YHHCutABJsjFas,5.10,58812443087256	,订单退费转入,5.10,系统处理工单时转移用户余额，订单号=WS2025110213094364036,2026-07-16 20:56:26,SYS,
olAFl6_nMTlsvwOoRrrrcKyjEOZI,0.00,67492552542444	,用户提现,61.00,用户提现-退费单RF2026052903152170670,2026-07-16 20:54:18,用户提现,
olAFl6zEwOYPWPoKRZtwHjPprRJQ,0.00,60912431165659	,用户提现,100.70,用户提现-退费单RF2026071619344223748,2026-07-16 20:50:52,用户提现,
ojb7F2J1_eBBMOG6tMO1iBYrJIvE,19.00,70032621091994	,订单退费转入,19.00,工单系统流量套餐退款,2026-07-16 20:48:44,SYS,
olAFl6zX5k4D0GNTheb0bCnZ8CYE,0.00,67492509437301	,用户提现,66.50,用户提现-退费单RF2026070303153776921,2026-07-16 20:47:25,用户提现,
olAFl6-wpc_ea-3GJ6dzfqv-Gn3M,0.00,67492538510891	,用户提现,5.10,用户提现-退费单RF2026070420365572472,2026-07-16 20:46:00,用户提现,
olAFl6ySp36PSDGyngu_2Jk6x6jk,0.00,69212602147437	,用户提现,46.60,用户提现-退费单RF2026070203151719271,2026-07-16 20:44:50,用户提现,
olAFl68mSvwpOuqjJnKD3Z3LfcuQ,0.00,60912431169628	,用户提现,84.00,用户提现-退费单RF2026071303150524436,2026-07-16 20:43:55,用户提现,
olAFl626JBDCJumghy1EhBE1Bip8,0.00,67492609647003	,用户提现,71.50,用户提现-退费单RF2026071603151016223,2026-07-16 20:40:29,用户提现,
olAFl6yszAX8X6w7SZs7NmevDgsQ,0.00,69212536008626	,用户提现,94.00,用户提现-退费单RF2026071620334245652,2026-07-16 20:38:25,用户提现,
ojb7F2KwRv54YyHfOGw88czlKlGo,39.00,69142621045148	,订单退费转入,39.00,工单系统流量套餐退款,2026-07-16 20:37:55,SYS,
olAFl60kvUntO-ML0rSrOV6H_pNs,0.00,67002452087205	,用户提现,225.50,用户提现-退费单RF2026071603150749732,2026-07-16 20:36:13,用户提现,
olAFl6yszAX8X6w7SZs7NmevDgsQ,94.00,69212536008626	,订单退费转入,94.00,工单系统流量套餐退款,2026-07-16 20:33:42,SYS,
olAFl6zBXoj7ibWGHVK-_XAII9ek,0.00,68772610303746	,用户提现,112.40,用户提现-退费单RF2026063018334532480,2026-07-16 20:32:21,用户提现,
olAFl6xHnQt-ruQzEgsCFx-TtRhU,0.00,67492442206389	,用户提现,21.20,用户提现-退费单RF2026070111202231547,2026-07-16 20:27:28,用户提现,
olAFl63RpQKcvgWjBODAt9udWj_Y,0.00,67482442006795	,用户提现,66.50,用户提现-退费单RF2026071403150580222,2026-07-16 20:17:11,用户提现,
olAFl6-lnRFpPWwc4zXywMtdOc9Q,0.00,864665067719265	,用户提现,75.50,用户提现-退费单RF2026070903151695293,2026-07-16 20:16:33,用户提现,
olAFl60IwScLpQ5FjF0-IAYsBeNc,0.00,60912411000793	,用户提现,29.90,用户提现-退费单RF2026061911462846140,2026-07-16 20:12:13,用户提现,
olAFl60pQgn7V8O52JEO1jkoNPOg,0.00,67492609641382	,用户提现,139.00,用户提现-退费单RF2026070903150536288,2026-07-16 20:09:00,用户提现,
olAFl63qDJTT9QZ9XDW0YS4_sLmA,0.00,67492609650321	,用户提现,124.20,用户提现-退费单RF2026071003152582746,2026-07-16 20:08:37,用户提现,
olAFl6yRC0xPd-UHBipfTss3Me98,159.00,68772539114412	,订单退费转入,159.00,工单系统流量套餐退款,2026-07-16 20:06:24,SYS,
olAFl6_V9eFUGCBNLC60yfi0hH4g,0.00,864665064608016	,用户提现,162.10,用户提现-退费单RF2026071619572177774,2026-07-16 20:00:39,用户提现,
olAFl6_V9eFUGCBNLC60yfi0hH4g,162.10,864665064608016	,订单退费转入,162.10,系统处理工单时转移用户余额，订单号=WS2026071619533582118,2026-07-16 19:57:22,SYS,
olAFl62MPXCPTXVL1Dp1oiAzRqXk,0.00,67482449089187	,用户提现,56.80,用户提现-退费单RF2026071619421004286,2026-07-16 19:47:11,用户提现,
olAFl62MPXCPTXVL1Dp1oiAzRqXk,56.80,67482449089187	,订单退费转入,56.80,系统处理工单时转移用户余额，订单号=WN2025112620224001996,2026-07-16 19:42:10,SYS,
ojb7F2LEIsWeJutYLD8rXxjFljGI,0.00,70032627109905	,用户提现,102.40,用户提现-退费单RF2026071619322699734,2026-07-16 19:35:23,用户提现,
olAFl6zEwOYPWPoKRZtwHjPprRJQ,100.70,60912431165659	,订单退费转入,100.70,系统处理工单时转移用户余额，订单号=WS2026010815125632357 本单会员价格20.00元，不能退款,2026-07-16 19:34:42,SYS,
ojb7F2LEIsWeJutYLD8rXxjFljGI,102.40,70032627109905	,订单退费转入,102.40,系统处理工单时转移用户余额，订单号=WS2026071519021468684,2026-07-16 19:32:27,SYS,
ojb7F2Mvx5SJqND70H26cUhVcv9Q,549.00,70032611007594	,订单退费转入,549.00,工单系统流量套餐退款,2026-07-16 19:27:51,SYS,
olAFl6yXnT890fXmTWmRTOTPpr1g,0.00,67512443065267	,用户提现,12.90,用户提现-退费单RF2026071618500725966,2026-07-16 18:50:35,用户提现,
olAFl6yXnT890fXmTWmRTOTPpr1g,12.90,67512443065267	,订单退费转入,12.90,系统处理工单时转移用户余额，订单号=WN2025122621091806490,2026-07-16 18:50:07,SYS,
ojb7F2Phepo4D9DS26T1a_ktdFGM,47.20,69212621227169	,订单退费转入,47.20,系统处理工单时转移用户余额，订单号=WS2026071616152368330,2026-07-16 18:45:23,SYS,
olAFl66wjn12nlkVQPSA-OAqbplI,0.00,864665070201822	,用户提现,48.20,用户提现-退费单RF2026071618384093076,2026-07-16 18:39:35,用户提现,
olAFl66wjn12nlkVQPSA-OAqbplI,48.20,864665070201822	,订单退费转入,48.20,工单系统流量套餐退款 本单会员价格20.00元，不能退款,2026-07-16 18:38:41,SYS,
olAFl66570ci7TdjsrEOa6sZ1YKQ,95.30,864665066207320	,订单退费转入,95.30,系统处理工单时转移用户余额，订单号=WS2026042110230974556,2026-07-16 18:36:16,SYS,
olAFl62dT4pvDc5RtQiFJyCKIOhA,0.00,69212612190473	,用户提现,78.00,用户提现-退费单RF2026071618205515973,2026-07-16 18:21:44,用户提现,
olAFl62dT4pvDc5RtQiFJyCKIOhA,78.00,69212612190473	,订单退费转入,78.00,工单系统流量套餐退款,2026-07-16 18:20:55,SYS,
ojb7F2IZWo52ByPPEXzbN7mhoU0U,0.00,69212612181369	,用户提现,199.00,用户提现-退费单RF2026071521060720195,2026-07-16 18:15:50,用户提现,
olAFl63eBVFIqekKOcUbXydJAf0A,0.00,67002453139723	,用户提现,140.40,用户提现-退费单RF2026071618123641039,2026-07-16 18:14:10,用户提现,
olAFl63eBVFIqekKOcUbXydJAf0A,140.40,67002453139723	,订单退费转入,140.40,系统处理工单时转移用户余额，订单号=WS2026061317124270979,2026-07-16 18:12:36,SYS,
ojb7F2Ny3MFQh74ZlpVC6vOfKmfs,0.00,70032621087951	,用户提现,120.00,用户提现-退费单RF2026071615100620226,2026-07-16 18:07:17,用户提现,
olAFl66lRiC2DAdxcd1_X9QHQDGo,46.40,67492602582798	,订单退费转入,46.40,系统处理工单时转移用户余额，订单号=WN2026031322042852770,2026-07-16 17:48:07,SYS,
olAFl66VV55togSN9I2y9Tu6ChtU,0.00,67482454190864	,用户提现,49.00,用户提现-退费单RF2026071617202851720,2026-07-16 17:24:45,用户提现,
olAFl66VV55togSN9I2y9Tu6ChtU,49.00,67482454190864	,订单退费转入,49.00,工单系统流量套餐退款,2026-07-16 17:20:29,SYS,
olAFl6-B5S62i8njv1nMcs3gj24o,0.00,67492610676784	,用户提现,37.00,用户提现-退费单RF2026071616270148280,2026-07-16 17:10:59,用户提现,
olAFl6-B5S62i8njv1nMcs3gj24o,37.00,67492610676784	,订单退费转入,37.00,工单系统审核退费单-套餐已作废/钱包已清零,2026-07-16 17:08:04,SYS,
olAFl68f47-mI9eDTCwebZsrf5v4,0.00,67002509243422	,用户提现,70.50,用户提现-退费单RF2026071616585957021,2026-07-16 16:59:55,用户提现,
olAFl68f47-mI9eDTCwebZsrf5v4,70.50,67002509243422	,订单退费转入,70.50,系统处理工单时转移用户余额，订单号=WS2026022820565866953,2026-07-16 16:59:00,SYS,
olAFl64H3ObbDnMfoNzpjpp9cZNM,0.00,68932532019069	,用户提现,173.00,用户提现-退费单RF2026071616341821130,2026-07-16 16:45:43,用户提现,
ojb7F2LeKO5dubocEGTzCyPR1jQQ,0.00,67492609650307	,用户提现,109.00,用户提现-退费单RF2026071616410253974,2026-07-16 16:45:02,用户提现,
olAFl69H3zU5DiEgEfjME7SxL5xk,0.00,69212538049256	,用户提现,122.20,用户提现-退费单RF2026071615472452139,2026-07-16 16:41:29,用户提现,
ojb7F2LeKO5dubocEGTzCyPR1jQQ,109.00,67492609650307	,订单退费转入,109.00,工单系统流量套餐退款,2026-07-16 16:41:03,SYS,
olAFl68k1_SIqikZgPbAsgvUAIl0,62.20,67482512336828	,订单退费转入,62.20,系统处理工单时转移用户余额，订单号=WN2026071614290048638,2026-07-16 16:38:53,SYS,
olAFl64H3ObbDnMfoNzpjpp9cZNM,173.00,68932532019069	,订单退费转入,173.00,工单系统流量套餐退款 本单会员价格20.00元，不能退款,2026-07-16 16:34:18,SYS,
olAFl6wuwHzH_9YNPfTC63aXi9F8,0.00,67862447015481	,用户提现,54.00,用户提现-退费单RF2026071606032735742,2026-07-16 16:32:52,用户提现,
olAFl6222f4Mr7X5C3H8PwnXvPtI,0.00,67512525196221	,用户提现,62.30,用户提现-退费单RF2026071616224543830,2026-07-16 16:24:01,用户提现,
olAFl6222f4Mr7X5C3H8PwnXvPtI,62.30,67512525196221	,订单退费转入,62.30,系统处理工单时转移用户余额，订单号=WS2025123009184676585,2026-07-16 16:22:45,SYS,
olAFl6zaq5bA6pTI5RSwTx44xD_4,0.00,864665064713634	,用户提现,160.00,用户提现-退费单RF2026071616151456937,2026-07-16 16:15:57,用户提现,
olAFl6zaq5bA6pTI5RSwTx44xD_4,160.00,864665064713634	,订单退费转入,160.00,系统处理工单时转移用户余额，订单号=WS2026022810360291278,2026-07-16 16:15:15,SYS,
ojb7F2CG6Ya_ARoT63x24wgsoIJM,120.00,70032617033512	,订单退费转入,120.00,工单系统流量套餐退款,2026-07-16 16:09:42,SYS,
olAFl6y1TmIq4KM3pNkjKCpqdkjY,0.00,	,系统扣费,151.20,用户无可退退费单，钱包清零,2026-07-16 16:00:26,SYS,
olAFl676kUnVuakFQWB2sBGNiuMk,0.00,67492602582730	,用户提现,431.20,用户提现-退费单RF2026071603151723611,2026-07-16 15:56:18,用户提现,
olAFl6165FiBFghbmkHaeJPR2rDE,0.00,67002535360991	,用户提现,88.40,用户提现-退费单RF2026071615531282475,2026-07-16 15:53:58,用户提现,
olAFl6165FiBFghbmkHaeJPR2rDE,88.40,67002535360991	,订单退费转入,88.40,系统处理工单时转移用户余额，订单号=WS2026031808214859268,2026-07-16 15:53:13,SYS,
ojb7F2KEy7N9D3PT5SGoMtJre-ss,0.00,67492603601659	,用户提现,106.00,用户提现-退费单RF2026071615491077773,2026-07-16 15:50:09,用户提现,
olAFl6z-YKDl8vt_R-t0JLKE5c58,0.00,67482449091970	,用户提现,56.10,用户提现-退费单RF2026071615483706211,2026-07-16 15:49:27,用户提现,
ojb7F2KEy7N9D3PT5SGoMtJre-ss,106.00,67492603601659	,订单退费转入,106.00,工单系统流量套餐退款,2026-07-16 15:49:11,SYS,
olAFl6z-YKDl8vt_R-t0JLKE5c58,56.10,67482449091970	,订单退费转入,56.10,系统处理工单时转移用户余额，订单号=WN2026041713120804979,2026-07-16 15:48:37,SYS,
olAFl69H3zU5DiEgEfjME7SxL5xk,122.20,69212538049256	,订单退费转入,122.20,系统处理工单时转移用户余额，订单号=WS2026071614313873978,2026-07-16 15:47:25,SYS,
ojb7F2MA2Fy1ozcuOyJ0jOfhmhQk,0.00,70032617034787	,用户提现,199.00,用户提现-退费单RF2026071613572910958,2026-07-16 15:40:15,用户提现,
ojb7F2Ny3MFQh74ZlpVC6vOfKmfs,120.00,70032621087951	,订单退费转入,120.00,工单系统流量套餐退款,2026-07-16 15:10:06,SYS,
olAFl6_VHhKPgvI-5-Jd142ISB_c,0.00,67512525195640	,用户提现,192.00,用户提现-退费单RF2026071610370454752,2026-07-16 15:05:53,用户提现,
olAFl66FW57NYwJvS5CnM32ZUC3s,0.00,60912411018446	,用户提现,97.60,用户提现-退费单RF2026071614510371827,2026-07-16 14:57:33,用户提现,
olAFl66Z3eDvQm7VTmx3b--xUWyw,0.00,68772522026692	,用户提现,39.90,用户提现-退费单RF2026071614503500580,2026-07-16 14:51:40,用户提现,
olAFl66FW57NYwJvS5CnM32ZUC3s,97.60,60912411018446	,订单退费转入,97.60,系统处理工单时转移用户余额，订单号=WS2026012110203887148,2026-07-16 14:51:04,SYS,
olAFl66Z3eDvQm7VTmx3b--xUWyw,39.90,68772522026692	,订单退费转入,39.90,系统处理工单时转移用户余额，订单号=WS2026071510345952248,2026-07-16 14:50:35,SYS,
ojb7F2HOnMt6XvGzd3E2D7EVmAh8,0.00,69212621215154	,用户提现,212.00,用户提现-退费单RF2026071614394137779,2026-07-16 14:50:28,用户提现,
olAFl62MYKZfpuE3WG3X-ywMXuSE,0.00,67492603601917	,用户提现,141.20,用户提现-退费单RF2026071614455099198,2026-07-16 14:46:20,用户提现,
olAFl62MYKZfpuE3WG3X-ywMXuSE,141.20,67492603601917	,订单退费转入,141.20,系统处理工单时转移用户余额，订单号=WS2026070110461126589,2026-07-16 14:45:51,SYS,
olAFl6-Xljxv4AEddH7x-VgkJX9o,0.00,68772535082723	,用户提现,199.00,用户提现-退费单RF2026071614312593120,2026-07-16 14:41:16,用户提现,
ojb7F2HOnMt6XvGzd3E2D7EVmAh8,212.00,69212621215154	,订单退费转入,212.00,工单系统流量套餐退款,2026-07-16 14:39:41,SYS,
olAFl6-Xljxv4AEddH7x-VgkJX9o,199.00,68772535082723	,订单退费转入,199.00,工单系统流量套餐退款,2026-07-16 14:31:26,SYS,
olAFl6zuH1UjAzX7yOwUUR6ouwv4,0.00,69212612172618	,用户提现,38.80,用户提现-退费单RF2026071614212269532,2026-07-16 14:24:23,用户提现,
olAFl6zuH1UjAzX7yOwUUR6ouwv4,38.80,69212612172618	,订单退费转入,38.80,系统处理工单时转移用户余额，订单号=WS2026041014302983346,2026-07-16 14:21:23,SYS,
olAFl65o2Pov2vZwxvojcGrnKk5E,420.00,67482454183416	,订单退费转入,420.00,工单系统流量套餐退款 本单会员价格20.00元，不能退款,2026-07-16 14:17:59,SYS,
ojb7F2Jr5NmiK0a9daoM8lZL39zc,62.20,70032621089557	,订单退费转入,62.20,系统处理工单时转移用户余额，订单号=WN2026070121170119323,2026-07-16 14:13:11,SYS,
olAFl66OxZ5ruPDqpxS5diTZ1OnE,0.00,864665067447065	,用户提现,52.50,用户提现-退费单RF2026071614083503793,2026-07-16 14:11:05,用户提现,
olAFl66OxZ5ruPDqpxS5diTZ1OnE,52.50,864665067447065	,订单退费转入,52.50,系统处理工单时转移用户余额，订单号=WS2025092209161210046,2026-07-16 14:08:35,SYS,
olAFl6-SZG0i-E2uNfxxf_Ern9Xw,0.00,67512534237151	,用户提现,123.40,用户提现-退费单RF2026071614072132663,2026-07-16 14:08:32,用户提现,
olAFl6-SZG0i-E2uNfxxf_Ern9Xw,123.40,67512534237151	,订单退费转入,123.40,系统处理工单时转移用户余额，订单号=WS2026022110472948420,2026-07-16 14:07:21,SYS,
ojb7F2MA2Fy1ozcuOyJ0jOfhmhQk,199.00,70032617034787	,订单退费转入,199.00,工单系统流量套餐退款,2026-07-16 13:57:29,SYS,
ojb7F2J96FXLgYU-Nxne2o2rhsdc,89.00,69212544095727	,订单退费转入,89.00,工单系统流量套餐退款,2026-07-16 13:46:25,SYS,
olAFl63Sbf6l-dzsfZ-Y6DgSo3MQ,179.00,67512534237273	,订单退费转入,179.00,工单系统流量套餐退款,2026-07-16 13:28:08,SYS,
ojb7F2J0PaOvC7DSxYc-6hiuRtFo,0.00,70032617029678	,用户提现,199.00,用户提现-退费单RF2026071613183864516,2026-07-16 13:19:01,用户提现,
ojb7F2J0PaOvC7DSxYc-6hiuRtFo,199.00,70032617029678	,订单退费转入,199.00,工单系统流量套餐退款 本单会员价格20.00元，不能退款,2026-07-16 13:18:39,SYS,
ojb7F2KNkNdpHT6bASsJO7v945eI,0.00,67492609648343	,用户提现,89.00,用户提现-退费单RF2026071514165689738,2026-07-16 13:00:07,用户提现,
olAFl6_3yPfqFhMQJkNsGIvSQGOY,0.00,67512442043883	,用户提现,82.10,用户提现-退费单RF2026071612523510172,2026-07-16 12:53:58,用户提现,
olAFl6_3yPfqFhMQJkNsGIvSQGOY,82.10,67512442043883	,订单退费转入,82.10,系统处理工单时转移用户余额，订单号=WS2026021010202832360 本单会员价格20.00元，不能退款,2026-07-16 12:52:35,SYS,
olAFl6_wxMYfAsZXEM3jS83nvOss,0.00,68772537088390	,用户提现,34.00,用户提现-退费单RF2026070303154570216,2026-07-16 12:39:50,用户提现,
ojb7F2DAK57nVnA5fY--ulA3sJSg,0.00,69212623243786	,用户提现,74.00,用户提现-退费单RF2026071523325059727,2026-07-16 12:31:06,用户提现,
olAFl66rcFoTEAw33jclls9oi8KE,0.00,68772604274210	,用户提现,103.60,用户提现-退费单RF2026070203152286267,2026-07-16 12:25:43,用户提现,
olAFl63Zd0UYckQmHNxQTuWRtuRM,0.00,67482610423921	,用户提现,479.00,用户提现-退费单RF2026033021223238 微信退款失败：申请退款金额超过订单可退金额,2026-07-16 12:06:10,用户提现,
olAFl63Zd0UYckQmHNxQTuWRtuRM,479.00,67482610423921	,订单退费转入,479.00,工单系统审核退费单-套餐已作废/钱包已清零,2026-07-16 12:05:32,SYS,
ojb7F2NBrsTM1DI7MRYKOFg5EGzc,0.00,69212621226796	,用户提现,39.00,用户提现-退费单RF2026070903150175579,2026-07-16 11:50:57,用户提现,
ojb7F2DkIf6Wa4PqW12YkfsFg-QY,0.00,69212552122904	,用户提现,142.20,用户提现-退费单RF2026071611230294862,2026-07-16 11:39:31,用户提现,
o2uAP68frtkcdgCsqUjTvG8nLiwM,0.00,86329965	,用户提现,30.10,用户提现-退费单RF2026071611223890039,2026-07-16 11:29:02,用户提现,
olAFl60SToRQtgDbJAMVmXlzsjQY,54.00,67512534236724	,订单退费转入,54.00,系统处理工单时转移用户余额，订单号=WS2026011110295730987,2026-07-16 11:26:24,SYS,
ojb7F2DkIf6Wa4PqW12YkfsFg-QY,142.20,69212552122904	,订单退费转入,142.20,系统处理工单时转移用户余额，订单号=WS2026071610175691463,2026-07-16 11:23:03,SYS,
o2uAP68frtkcdgCsqUjTvG8nLiwM,30.10,86329965	,订单退费转入,30.10,系统处理工单时转移用户余额，订单号=WN2026051220181980938,2026-07-16 11:22:39,SYS,
olAFl6xqR_IGVoqGvcrbCveyBQUk,0.00,69212612186208	,用户提现,29.00,用户提现-退费单RF2026071516484864477,2026-07-16 11:19:06,用户提现,
ojb7F2FlA_DIG79WuI5tNP--DrDU,0.00,69212623244099	,用户提现,199.00,用户提现-退费单RF2026071314144006645,2026-07-16 11:16:38,用户提现,
olAFl6_Qol0WUfSs6-ulzvCb8MDM,0.00,60982418002572	,用户提现,166.40,用户提现-退费单RF2026071611120302610,2026-07-16 11:16:05,用户提现,
olAFl6_Qol0WUfSs6-ulzvCb8MDM,166.40,60982418002572	,订单退费转入,166.40,系统处理工单时转移用户余额，订单号=WS2026070808194638911,2026-07-16 11:12:03,SYS,
olAFl6_2JzDCnuiLlFCliPXs0akc,0.00,86132414259173	,用户提现,5.30,用户提现-退费单RF2026071611095408718,2026-07-16 11:10:31,用户提现,
olAFl6_2JzDCnuiLlFCliPXs0akc,5.30,86132414259173	,订单退费转入,5.30,系统处理工单时转移用户余额，订单号=WN2025101209224404251,2026-07-16 11:09:54,SYS,
olAFl65JH6J06X0C4wyrW2v0Zh6w,0.00,67492538509163	,用户提现,62.50,用户提现-退费单RF2026071603152719297,2026-07-16 11:09:08,用户提现,
olAFl67Zk_ULdSK5Al5E-1OHpcZ8,0.00,63272426060437	,用户提现,144.20,用户提现-退费单RF2026071003154117275,2026-07-16 10:48:29,用户提现,
olAFl6zURhMSGC_yXIkzUswYy2JE,0.00,67002509216594	,用户提现,54.00,用户提现-退费单RF2026070303154959896,2026-07-16 10:42:28,用户提现,
olAFl6-mwiT07d_EjAzLxNZbNAmo,0.00,68772550180535	,用户提现,24.10,用户提现-退费单RF2026071610364220525,2026-07-16 10:38:24,用户提现,
olAFl6_VHhKPgvI-5-Jd142ISB_c,192.00,67512525195640	,订单退费转入,192.00,工单系统流量套餐退款,2026-07-16 10:37:05,SYS,
olAFl6-mwiT07d_EjAzLxNZbNAmo,24.10,68772550180535	,订单退费转入,24.10,系统处理工单时转移用户余额，订单号=WS2026010308345028448,2026-07-16 10:36:42,SYS,
olAFl64zpmXm7Aepu3fWIhgv748A,0.00,68772539109242	,用户提现,54.00,用户提现-退费单RF2026071610301578968,2026-07-16 10:33:14,用户提现,
olAFl64zpmXm7Aepu3fWIhgv748A,54.00,68772539109242	,订单退费转入,54.00,系统处理工单时转移用户余额，订单号=WS2025122718430309068,2026-07-16 10:30:16,SYS,
olAFl67jQDbVz2FxAxd6e6WoRgIA,0.00,69212612191117	,用户提现,85.70,用户提现-退费单RF2026071603151367570,2026-07-16 10:28:19,用户提现,
olAFl6ydXHHaGYbYo8xkGtSRZQlY,0.00,67002509211739	,用户提现,14.00,用户提现-退费单RF2026070703150872651,2026-07-16 10:24:45,用户提现,
olAFl6zEyYIpQfHMNhR6-3KHQe5A,61.20,67512523189176	,订单退费转入,61.20,系统处理工单时转移用户余额，订单号=WN2026071608352023957,2026-07-16 10:23:29,SYS,
ojb7F2IoVHIq5Vy6lhh7fuH2N584,0.00,67492609648097	,用户提现,180.00,用户提现-退费单RF2026071610162066613,2026-07-16 10:17:00,用户提现,
ojb7F2IoVHIq5Vy6lhh7fuH2N584,180.00,67492609648097	,订单退费转入,180.00,系统处理工单时转移用户余额，订单号=WS2026070611425536758,2026-07-16 10:16:21,SYS,
olAFl6x0TXVKNyoAgQ2x0b3lCQpU,0.00,867061070831379	,用户提现,69.00,用户提现-退费单RF2026071603151043617,2026-07-16 10:08:47,用户提现,
olAFl63aJgsN62-vXqCrShNwYccE,0.00,67482448036610	,用户提现,86.80,用户提现-退费单RF2026071403150223288,2026-07-16 09:47:59,用户提现,
olAFl62bSqIzZ_iwZIUa5gRZrsPY,36.00,67492603601578	,订单退费转入,36.00,工单系统流量套餐退款,2026-07-16 09:26:29,SYS,
olAFl6zNv0pelf30z62M6X3LvEsM,0.00,69212621218954	,用户提现,109.00,用户提现-退费单RF2026071603150212839,2026-07-16 09:08:47,用户提现,
olAFl60kUJKT6ebxEpIv7X_auDjM,0.00,	,系统扣费,94.40,用户无可退退费单，钱包清零,2026-07-16 09:06:57,SYS,
olAFl69kySPHpCY-yo_KoUi-_wUs,0.00,864665069091200	,用户提现,140.20,用户提现-退费单RF2026071608364135281,2026-07-16 08:38:07,用户提现,
ojb7F2E6S9XSNIZcUsauHKZd5924,141.20,70032617028945	,订单退费转入,141.20,系统处理工单时转移用户余额，订单号=WS2026070608430118489,2026-07-16 08:37:58,SYS,
olAFl69kySPHpCY-yo_KoUi-_wUs,140.20,864665069091200	,订单退费转入,140.20,系统处理工单时转移用户余额，订单号=WS2025082920484659035,2026-07-16 08:36:41,SYS,
olAFl6_I2a6j-c6tAwUEI-O-1SMU,0.00,67492509462460	,用户提现,180.00,用户提现-退费单RF2026071607264020155,2026-07-16 07:27:25,用户提现,
olAFl6_I2a6j-c6tAwUEI-O-1SMU,180.00,67492509462460	,订单退费转入,180.00,系统处理工单时转移用户余额，订单号=WS2026071414515201148,2026-07-16 07:26:40,SYS,
olAFl6wuwHzH_9YNPfTC63aXi9F8,54.00,67862447015481	,订单退费转入,54.00,系统处理工单时转移用户余额，订单号=WS2025090720353028732,2026-07-16 06:03:27,SYS,
olAFl6zMZ82ih3iVJ9zVcflAY-rY,4.00,67492453367799	,订单退费转入,4.00,系统处理工单时转移用户余额，订单号=WS2025100401084664323,2026-07-16 03:15:29,SYS,
olAFl65JH6J06X0C4wyrW2v0Zh6w,62.50,67492538509163	,订单退费转入,62.50,系统处理工单时转移用户余额，订单号=WS2025121222134201711,2026-07-16 03:15:27,SYS,
olAFl655xF08eI3fiHcMCw21tolA,21.00,68052513031571	,订单退费转入,21.00,系统处理工单时转移用户余额，订单号=WS2026062409100322925,2026-07-16 03:15:27,SYS,
olAFl67BhEoUBqH39YJ1Fje3nRtA,29.90,68772543144670	,订单退费转入,29.90,工单系统流量套餐退款,2026-07-16 03:15:27,SYS,
olAFl6zKY04F1yaJV7Vfwd4j28xE,65.80,69142529007061	,订单退费转入,65.80,系统处理工单时转移用户余额，订单号=WN2026012720400849234,2026-07-16 03:15:25,SYS,
olAFl65SIjrZMS2O577q3FwbZniw,21.60,67482503222113	,订单退费转入,21.60,系统处理工单时转移用户余额，订单号=WS2026013108584212677,2026-07-16 03:15:25,SYS,
olAFl64DgFxEtqJTSK0VFHMmZgJQ,54.00,67512535290072	,订单退费转入,54.00,系统处理工单时转移用户余额，订单号=WS2025100906252532980,2026-07-16 03:15:23,SYS,
olAFl63nVVs208SjTuxfjTAwFCr8,1.20,67482512332886	,订单退费转入,1.20,系统处理工单时转移用户余额，订单号=WS2025082313141250290,2026-07-16 03:15:23,SYS,
olAFl64MWz8g5oAerH2GPYoqAKyo,134.00,68772543147169	,订单退费转入,134.00,系统处理工单时转移用户余额，订单号=WS2026010514014857416,2026-07-16 03:15:21,SYS,
olAFl6-w_0oxs-UUroPJ0_TxtsuE,5.20,67002509247099	,订单退费转入,5.20,系统处理工单时转移用户余额，订单号=WS2025122719290958239 本单会员价格20.00元，不能退款,2026-07-16 03:15:21,SYS,
olAFl65b7b58YboMmr4mpwGWKKT4,36.80,67512523190815	,订单退费转入,36.80,系统处理工单时转移用户余额，订单号=WS2025120917295561217,2026-07-16 03:15:19,SYS,
olAFl68mKAq3VhAAf9P6qww9_HMY,172.20,69212621222821	,订单退费转入,172.20,系统处理工单时转移用户余额，订单号=WS2026062211445478759,2026-07-16 03:15:19,SYS,
olAFl60lWWrv4qjq0DcAG6oyi2j8,65.30,67512523190088	,订单退费转入,65.30,系统处理工单时转移用户余额，订单号=WS2026042120443210161,2026-07-16 03:15:18,SYS,
olAFl645v6xRr31JIS4inwYIODeE,54.80,67482503217582	,订单退费转入,54.80,系统处理工单时转移用户余额，订单号=WN2026052712544231917,2026-07-16 03:15:17,SYS,
olAFl676kUnVuakFQWB2sBGNiuMk,431.20,67492602582730	,订单退费转入,431.20,工单系统流量套餐退款,2026-07-16 03:15:17,SYS,
olAFl64gQNIEkK2nyeSPlb7MJrw4,420.00,70032611006250	,订单退费转入,420.00,工单系统流量套餐退款 本单会员价格20.00元，不能退款,2026-07-16 03:15:17,SYS,
olAFl6wKkskGnH8IEe3tk7cyJ370,83.10,67492445305176	,订单退费转入,83.10,系统处理工单时转移用户余额，订单号=WN2026051523051823749,2026-07-16 03:15:16,SYS,
olAFl6yWRnlMbwPkCcowjA2EwCRI,89.00,67002535391845	,订单退费转入,89.00,系统处理工单时转移用户余额，订单号=WS2025093008190714590,2026-07-16 03:15:15,SYS,
olAFl67jQDbVz2FxAxd6e6WoRgIA,85.70,69212612191117	,订单退费转入,85.70,系统处理工单时转移用户余额，订单号=WS2026042411234897180,2026-07-16 03:15:14,SYS,
olAFl65Ps4xkqPOQw7bGWo9m8wYA,119.20,68772543143274	,订单退费转入,119.20,系统处理工单时转移用户余额，订单号=WS2026031417562870652,2026-07-16 03:15:14,SYS,
odELQ6oURKb5AI8ikRvuR9BdF-jo,159.00,67682450000323	,订单退费转入,159.00,工单系统流量套餐退款 本单会员价格20.00元，不能退款,2026-07-16 03:15:14,SYS,
olAFl68SkVvJP5kZ3L7TChwrHxX0,69.00,864665064624195	,订单退费转入,69.00,工单系统流量套餐退款,2026-07-16 03:15:14,SYS,
olAFl6yV4FsQ0vL8e1ZblF699I2I,90.40,60912421084470	,订单退费转入,90.40,系统处理工单时转移用户余额，订单号=WN2026031208402431579,2026-07-16 03:15:12,SYS,
ojb7F2EVz-OrKk5hi41qPUJ_w-Vg,100.00,70032621091553	,订单退费转入,100.00,系统处理工单时转移用户余额，订单号=WN2026062519120510827,2026-07-16 03:15:12,SYS,
olAFl626JBDCJumghy1EhBE1Bip8,71.50,67492609647003	,订单退费转入,71.50,系统处理工单时转移用户余额，订单号=WS2026032011231941656,2026-07-16 03:15:10,SYS,
olAFl6_rP44wo8ueA6kjmt1bTaaY,162.40,70032611016012	,订单退费转入,162.40,系统处理工单时转移用户余额，订单号=WS2026061511571085426,2026-07-16 03:15:10,SYS,
olAFl6xQzWiovA4PfFl-w7Z2xI0Q,2.00,67482610411593	,订单退费转入,2.00,工单系统审核退费单-套餐已作废/钱包已清零,2026-07-16 03:15:10,SYS,
olAFl6x0TXVKNyoAgQ2x0b3lCQpU,69.00,867061070831379	,订单退费转入,69.00,工单系统流量套餐退款,2026-07-16 03:15:10,SYS,
olAFl66mQgVQ9n_NdmQdmGv1AhVU,199.00,68772602218686	,订单退费转入,199.00,工单系统流量套餐退款,2026-07-16 03:15:10,SYS,
olAFl6zQLjVVrJrp9KJJAxVkzMSs,104.30,67482449091570	,订单退费转入,104.30,系统处理工单时转移用户余额，订单号=WS2025120213512040313,2026-07-16 03:15:07,SYS,
olAFl637Si9a8HniLrY24YGlXTU8,63.00,35682239061233	,订单退费转入,63.00,工单系统流量套餐退款,2026-07-16 03:15:07,SYS,
olAFl60kvUntO-ML0rSrOV6H_pNs,225.50,67002452087205	,订单退费转入,225.50,系统处理工单时转移用户余额，订单号=WS2026032013485005571 本单会员价格20.00元，不能退款,2026-07-16 03:15:07,SYS,
olAFl67qlWU-1ZqAHUskuepub3TU,64.60,67482504301383	,订单退费转入,64.60,系统处理工单时转移用户余额，订单号=WS2026040120314441025,2026-07-16 03:15:05,SYS,
olAFl6ylU7WBIUP_uikv-nb9T0SU,49.70,67002453169888	,订单退费转入,49.70,系统处理工单时转移用户余额，订单号=WS2026012709400768010,2026-07-16 03:15:05,SYS,
olAFl66NjINLrOaaxB4y4u93HWmo,420.00,60912436205352	,订单退费转入,420.00,工单系统流量套餐退款 本单会员价格20.00元，不能退款,2026-07-16 03:15:05,SYS,
olAFl6zNv0pelf30z62M6X3LvEsM,109.00,69212621218954	,订单退费转入,109.00,工单系统流量套餐退款,2026-07-16 03:15:02,SYS,
ojb7F2OMJIf8HvVnqjqD3H0BnngE,50.00,69142620033281	,订单退费转入,50.00,工单系统流量套餐退款,2026-07-16 03:15:02,SYS,
ojb7F2MKEVf8P5-nPBxRO7oKl4cE,189.00,69212621227037	,订单退费转入,189.00,工单系统流量套餐退款,2026-07-16 02:37:08,SYS,
olAFl6yPvhFa7GhGS60O3x2djU1E,0.00,68032504009158	,用户提现,137.40,用户提现-退费单RF2026062603154459860,2026-07-16 00:55:40,用户提现,
ojb7F2Af3TMc7j1wO5LHEayInzDg,0.00,69212621219469	,用户提现,171.20,用户提现-退费单RF2026071523403344277,2026-07-15 23:42:02,用户提现,
olAFl64dojXR3mF-0dcMBxBJBHWc,0.00,68032454002553	,用户提现,10.40,用户提现-退费单RF2026071523403810939,2026-07-15 23:41:56,用户提现,
olAFl64dojXR3mF-0dcMBxBJBHWc,10.40,68032454002553	,用户提现,160.00,用户提现-退费单RF2026071523403810675,2026-07-15 23:41:55,用户提现,
olAFl64dojXR3mF-0dcMBxBJBHWc,160.00,68032454002553	,订单退费转入,160.00,系统处理工单时转移用户余额，订单号=WS2026032922042976746,2026-07-15 23:40:38,SYS,
olAFl64dojXR3mF-0dcMBxBJBHWc,170.40,68032454002553	,订单退费转入,10.40,系统处理工单时转移用户余额，订单号=WS2025091712325462350,2026-07-15 23:40:38,SYS,
ojb7F2Af3TMc7j1wO5LHEayInzDg,171.20,69212621219469	,订单退费转入,171.20,系统处理工单时转移用户余额，订单号=WS2026070212140579676,2026-07-15 23:40:33,SYS,
ojb7F2DAK57nVnA5fY--ulA3sJSg,74.00,69212623243786	,订单退费转入,74.00,系统处理工单时转移用户余额，订单号=WS2026070508414860130,2026-07-15 23:32:51,SYS,
olAFl6_EZR3aeF4K9THnZDndXRm0,156.20,68772528057958	,订单退费转入,156.20,系统处理工单时转移用户余额，订单号=WS2025091710553053581,2026-07-15 22:52:23,SYS,
olAFl6wqqVyVTtMz6hsb8GYBK09k,0.00,69212621221894	,用户提现,58.00,用户提现-退费单RF2026071521450060346,2026-07-15 22:40:40,用户提现,
olAFl6wCKE2SRLs3Ex5XJMoud3b8,0.00,68772610302831	,用户提现,29.00,用户提现-退费单RF2026071522251032216,2026-07-15 22:26:06,用户提现,
olAFl6wCKE2SRLs3Ex5XJMoud3b8,29.00,68772610302831	,订单退费转入,29.00,工单系统流量套餐退款,2026-07-15 22:25:10,SYS,
olAFl65VXILLgodKChAnZjzNnBTw,0.00,67512535259914	,用户提现,105.40,用户提现-退费单RF2026071522143172253,2026-07-15 22:15:05,用户提现,
olAFl65VXILLgodKChAnZjzNnBTw,105.40,67512535259914	,订单退费转入,105.40,系统处理工单时转移用户余额，订单号=WS2026011218025074020,2026-07-15 22:14:32,SYS,
olAFl6xIAUIslTJdsp8tA700fx7s,0.00,67512525220213	,用户提现,47.60,用户提现-退费单RF2026071521470090760,2026-07-15 21:47:42,用户提现,
olAFl61WgSzLNYZIYykhPCEakqV8,90.50,68932534023220	,订单退费转入,90.50,工单系统流量套餐退款,2026-07-15 21:47:20,SYS,
olAFl6xIAUIslTJdsp8tA700fx7s,47.60,67512525220213	,订单退费转入,47.60,系统处理工单时转移用户余额，订单号=WS2026011907454089486,2026-07-15 21:47:01,SYS,
olAFl6wqqVyVTtMz6hsb8GYBK09k,58.00,69212621221894	,订单退费转入,58.00,工单系统流量套餐退款,2026-07-15 21:45:01,SYS,
ojb7F2JBzLoR1AL9Z6rC7Lf6u53U,396.00,70032621093074	,订单退费转入,396.00,工单系统流量套餐退款,2026-07-15 21:39:25,SYS,
ojb7F2NsaBp_6K4n2nGK_NIdOM6o,0.00,67492609648716	,用户提现,199.00,用户提现-退费单RF2026071521290010953,2026-07-15 21:30:52,用户提现,
ojb7F2NsaBp_6K4n2nGK_NIdOM6o,199.00,67492609648716	,订单退费转入,199.00,工单系统流量套餐退款,2026-07-15 21:29:00,SYS,
olAFl6-VemqU2fBqSgyJBsOUW3Ug,0.00,67492603608574	,用户提现,110.00,用户提现-退费单RF2026071521280934959,2026-07-15 21:28:39,用户提现,
olAFl6-VemqU2fBqSgyJBsOUW3Ug,110.00,67492603608574	,订单退费转入,110.00,工单系统流量套餐退款,2026-07-15 21:28:09,SYS,
ojb7F2IZWo52ByPPEXzbN7mhoU0U,199.00,69212612181369	,订单退费转入,199.00,工单系统流量套餐退款,2026-07-15 21:06:07,SYS,
olAFl6wxxGjRTWJblI8od3bZ4wCE,0.00,68932529013691	,用户提现,405.00,用户提现-退费单RF2026071516243784797,2026-07-15 21:02:30,用户提现,
olAFl6zYeaz8ixknWGmqlCbnNKPg,29.00,68772612328654	,订单退费转入,29.00,工单系统流量套餐退款,2026-07-15 21:02:09,SYS,
olAFl6_4izFqHNxNB_N7UdOJw_3k,0.00,60912426142445	,用户提现,69.00,用户提现-退费单RF2026071519074633299,2026-07-15 21:02:09,用户提现,
olAFl6567edv3BqrATfLu1LxQicU,0.00,60912432190591	,用户提现,174.30,用户提现-退费单RF2026071520494681049,2026-07-15 20:50:26,用户提现,
olAFl6567edv3BqrATfLu1LxQicU,174.30,60912432190591	,订单退费转入,174.30,系统处理工单时转移用户余额，订单号=WS2026071421150085544,2026-07-15 20:49:47,SYS,
odELQ6rBEpOIxwzJbI8mDOqXuRj8,0.00,867061073944401	,用户提现,58.00,用户提现-退费单RF2026071502325317875,2026-07-15 20:48:31,用户提现,
olAFl66e0DOc1hCJll18rLBLEUhA,106.00,67492507391460	,订单退费转入,106.00,工单系统流量套餐退款 本单会员价格20.00元，不能退款,2026-07-15 20:31:57,SYS,
ojb7F2DsiVCZmekROUArXkMW2E9k,0.00,67492602586807	,用户提现,107.50,用户提现-退费单RF2026071520205952532,2026-07-15 20:30:20,用户提现,
ojb7F2DsiVCZmekROUArXkMW2E9k,107.50,67492602586807	,订单退费转入,107.50,系统处理工单时转移用户余额，订单号=WS2026052309134948386,2026-07-15 20:21:00,SYS,
o2uAP61UJTElLrEczJnqPpJrm-Xo,69.00,86343683	,订单退费转入,69.00,工单系统流量套餐退款,2026-07-15 19:45:31,SYS,
olAFl66echFjNNg8zaqsa18veCS0,0.00,67492609639551	,用户提现,102.20,用户提现-退费单RF2026071519345258481,2026-07-15 19:39:03,用户提现,
olAFl66echFjNNg8zaqsa18veCS0,102.20,67492609639551	,订单退费转入,102.20,系统处理工单时转移用户余额，订单号=WS2026052322534315896,2026-07-15 19:34:53,SYS,
ojb7F2NxaioARugz1Lk8DVbyXEus,29.00,70132627001203	,订单退费转入,29.00,工单系统流量套餐退款,2026-07-15 19:29:21,SYS,
olAFl67vjd3MiW44CChY8n8u1yM4,0.00,67512535258711	,用户提现,87.40,用户提现-退费单RF2026050603150211,2026-07-15 19:27:31,用户提现,
ojb7F2EHON73NSim0mrzjP-OnTXY,0.00,69212621220719	,用户提现,172.20,用户提现-退费单RF2026071519202227388,2026-07-15 19:23:50,用户提现,
ojb7F2EHON73NSim0mrzjP-OnTXY,172.20,69212621220719	,订单退费转入,172.20,系统处理工单时转移用户余额，订单号=WS2026062410465201753,2026-07-15 19:20:22,SYS,
olAFl6_4izFqHNxNB_N7UdOJw_3k,69.00,60912426142445	,订单退费转入,69.00,工单系统流量套餐退款,2026-07-15 19:07:46,SYS,
olAFl61NHuFJWsqtaIOfwvGxey_A,0.00,67492552545664	,用户提现,110.50,用户提现-退费单RF2026071519011695253,2026-07-15 19:01:33,用户提现,
olAFl61NHuFJWsqtaIOfwvGxey_A,110.50,67492552545664	,订单退费转入,110.50,系统处理工单时转移用户余额，订单号=WS2026010922270677472,2026-07-15 19:01:17,SYS,
olAFl64wQ3hkAnk3hTmFfxcAZVDI,0.00,864665068944730	,用户提现,67.60,用户提现-退费单RF2026071518011137820,2026-07-15 18:02:17,用户提现,
olAFl64wQ3hkAnk3hTmFfxcAZVDI,67.60,864665068944730	,订单退费转入,67.60,系统处理工单时转移用户余额，订单号=WS2026031016172703022 本单会员价格20.00元，不能退款,2026-07-15 18:01:11,SYS,
olAFl6_fFjbeuh2jSHr9GzNdcHYY,19.00,67492552542121	,订单退费转入,19.00,工单系统流量套餐退款,2026-07-15 17:57:30,SYS,
olAFl65kiM5Hc4kfW-YRDkYTnp38,0.00,67482442004398	,用户提现,108.20,用户提现-退费单RF2026071414543830991,2026-07-15 17:52:00,用户提现,
ojb7F2CrsXRMi1WhUsOsbUV0s9Ls,180.00,69212623243737	,订单退费转入,180.00,系统处理工单时转移用户余额，订单号=WS2026070317533083640,2026-07-15 17:47:15,SYS,
olAFl66pLLtl8chQnXeOLhzr42Q0,0.00,69212621220770	,用户提现,14.00,用户提现-退费单RF2026071303150532691,2026-07-15 17:19:32,用户提现,
olAFl66pLLtl8chQnXeOLhzr42Q0,14.00,69212621220770	,用户提现,180.00,用户提现-退费单RF2026071303150532318,2026-07-15 17:19:31,用户提现,
olAFl63I_NrsZwN1Ri_ke6NLHVJ4,0.00,68772538096172	,用户提现,35.60,用户提现-退费单RF2026071121095269422,2026-07-15 17:09:19,用户提现,
olAFl6xqR_IGVoqGvcrbCveyBQUk,29.00,69212612186208	,订单退费转入,29.00,工单系统流量套餐退款,2026-07-15 16:48:49,SYS,
olAFl66Z3eDvQm7VTmx3b--xUWyw,0.00,68772522026692	,用户提现,140.10,用户提现-退费单RF2026071511071373314,2026-07-15 16:26:24,用户提现,
olAFl6wxxGjRTWJblI8od3bZ4wCE,405.00,68932529013691	,订单退费转入,405.00,工单系统流量套餐退款 本单会员价格20.00元，不能退款,2026-07-15 16:24:38,SYS,
olAFl67rAw3T4HdSa0YX9WE3lq0o,0.00,70032611013328	,用户提现,69.00,用户提现-退费单RF2026071512440275031,2026-07-15 16:17:46,用户提现,
olAFl64Y9LK5tBw_4BG721f46720,0.00,69212602135440	,用户提现,41.00,用户提现-退费单RF2026071418325548973,2026-07-15 16:14:21,用户提现,
olAFl67bH_48S-hUYEpPLmtoNPK0,0.00,69212606159259	,用户提现,113.40,用户提现-退费单RF2026070803152826833,2026-07-15 16:10:54,用户提现,
olAFl6_bVBDZ3feIzgyuC565Sqmc,0.00,864665064408177	,用户提现,100.40,用户提现-退费单RF2026071003151755133,2026-07-15 15:36:36,用户提现,
olAFl6yhTj46F8Orff0jA7esZMoE,0.00,67492552542731	,用户提现,69.00,用户提现-退费单RF2026071515224897089,2026-07-15 15:24:14,用户提现,
olAFl68DVwjiVHVFmeciCn2-RNEM,0.00,68772612325761	,用户提现,321.00,用户提现-退费单RF2026071503150532011,2026-07-15 15:23:53,用户提现,
olAFl6yhTj46F8Orff0jA7esZMoE,69.00,67492552542731	,订单退费转入,69.00,工单系统流量套餐退款,2026-07-15 15:22:49,SYS,
olAFl6yaHVCotBYY7oGQW2YZCeGE,0.00,864665064562015	,用户提现,79.00,用户提现-退费单RF2026070703151371220,2026-07-15 15:03:53,用户提现,
ojb7F2FTGoK2D2AZq3V73nkvS-uA,0.00,70132627001760	,用户提现,29.00,用户提现-退费单RF2026071514471676684,2026-07-15 14:47:44,用户提现,
ojb7F2FTGoK2D2AZq3V73nkvS-uA,29.00,70132627001760	,订单退费转入,29.00,工单系统流量套餐退款,2026-07-15 14:47:17,SYS,
olAFl64a1O9G4C2DDG8Vs_DHoIAo,0.00,68032504008163	,用户提现,69.00,用户提现-退费单RF2026071512014147792 微信退款失败：工单系统流量套餐退款,2026-07-15 14:33:10,用户提现,
olAFl61-es1mlD32NyoGD0wOFDrg,0.00,68932612067618	,用户提现,52.00,用户提现-退费单RF2026071403150322461,2026-07-15 14:29:06,用户提现,
ojb7F2KNkNdpHT6bASsJO7v945eI,89.00,67492609648343	,订单退费转入,89.00,工单系统流量套餐退款,2026-07-15 14:16:57,SYS,
olAFl61Ugpv2j2_drE_oHo_y8GUQ,0.00,67912450009774	,用户提现,81.00,用户提现-退费单RF2026071503150442034,2026-07-15 14:06:47,用户提现,
olAFl6-mxc_GyU4ozYr6NY10ASlY,0.00,864665063719848	,用户提现,136.60,用户提现-退费单RF2026071513495166079,2026-07-15 13:50:08,用户提现,
olAFl6-mxc_GyU4ozYr6NY10ASlY,136.60,864665063719848	,订单退费转入,136.60,系统处理工单时转移用户余额，订单号=WS2026012312280563083,2026-07-15 13:49:52,SYS,
olAFl61Ev0xs16p4tdDLWNaKb2Ho,0.00,67512443060821	,用户提现,105.70,用户提现-退费单RF2026071513474333215,2026-07-15 13:48:10,用户提现,
olAFl61Ev0xs16p4tdDLWNaKb2Ho,105.70,67512443060821	,订单退费转入,105.70,系统处理工单时转移用户余额，订单号=WS2026040213211141227,2026-07-15 13:47:43,SYS,
o2uAP61HTARsLE4Il3_5MmccKp7o,0.00,87957741	,用户提现,199.00,用户提现-退费单RF2026071513444505914,2026-07-15 13:45:26,用户提现,
o2uAP61HTARsLE4Il3_5MmccKp7o,199.00,87957741	,订单退费转入,199.00,工单系统流量套餐退款,2026-07-15 13:44:45,SYS,
ojb7F2BnGIbx5yKeGkNgVy1OebcA,0.00,69212621217768	,用户提现,212.00,用户提现-退费单RF2026071511104840281,2026-07-15 13:40:11,用户提现,
ojb7F2GrgnE0anp8bD22S_Hk7XL8,0.00,69212612181424	,用户提现,180.00,用户提现-退费单RF2026071513351326334,2026-07-15 13:35:58,用户提现,
ojb7F2GrgnE0anp8bD22S_Hk7XL8,180.00,69212612181424	,订单退费转入,180.00,系统处理工单时转移用户余额，订单号=WS2026071509454383548,2026-07-15 13:35:13,SYS,
olAFl69oLCf5v_zOIwzS5p4xlmms,0.00,70032621088489	,用户提现,70.30,用户提现-退费单RF2026071312324642973,2026-07-15 13:15:17,用户提现,
olAFl6z1R4fHOmNO9EVl05HG4Jno,0.00,867061070045426	,用户提现,30.20,用户提现-退费单RF2026071512581479327,2026-07-15 13:05:27,用户提现,
olAFl6z1R4fHOmNO9EVl05HG4Jno,30.20,867061070045426	,用户提现,100.00,用户提现-退费单RF2026071512581478785 微信退款失败：订单已全额退款,2026-07-15 13:05:26,用户提现,
olAFl6z1R4fHOmNO9EVl05HG4Jno,100.00,867061070045426	,订单退费转入,100.00,系统处理工单时转移用户余额，订单号=WN2026060718572390199,2026-07-15 12:58:15,SYS,
olAFl6z1R4fHOmNO9EVl05HG4Jno,130.20,867061070045426	,订单退费转入,30.20,系统处理工单时转移用户余额，订单号=WS2026052512181435391,2026-07-15 12:58:15,SYS,
olAFl6-pjCEr41okfWNK9fxqRKrQ,0.00,67492610671635	,用户提现,89.70,用户提现-退费单RF2026071512553520372,2026-07-15 12:56:34,用户提现,
olAFl6-pjCEr41okfWNK9fxqRKrQ,89.70,67492610671635	,订单退费转入,89.70,系统处理工单时转移用户余额，订单号=WS2026050908552915388,2026-07-15 12:55:35,SYS,
olAFl64QSBv7AnC_xKDxGEtfYiaA,0.00,68772537091242	,用户提现,87.30,用户提现-退费单RF2026071512514307682,2026-07-15 12:52:24,用户提现,
olAFl64QSBv7AnC_xKDxGEtfYiaA,87.30,68772537091242	,订单退费转入,87.30,系统处理工单时转移用户余额，订单号=WS2026022516160901262,2026-07-15 12:51:43,SYS,
olAFl67rAw3T4HdSa0YX9WE3lq0o,69.00,70032611013328	,订单退费转入,69.00,工单系统流量套餐退款,2026-07-15 12:44:03,SYS,
ojb7F2NF4nB0fo_MMb4c874_GQZk,0.00,70032627110171	,用户提现,212.00,用户提现-退费单RF2026071512344257445,2026-07-15 12:36:33,用户提现,
ojb7F2NF4nB0fo_MMb4c874_GQZk,212.00,70032627110171	,订单退费转入,212.00,工单系统流量套餐退款,2026-07-15 12:34:43,SYS,
olAFl62BIRrQiXz6mEMWdz0Pmjyc,0.00,67492538521245	,用户提现,29.00,用户提现-退费单RF2026071503150451963,2026-07-15 12:30:34,用户提现,
olAFl6wurH7UceOQ79dxBrK7bPEc,0.00,86132437290074	,用户提现,105.10,用户提现-退费单RF2026071512242907924,2026-07-15 12:25:30,用户提现,
olAFl6wurH7UceOQ79dxBrK7bPEc,105.10,86132437290074	,订单退费转入,105.10,系统处理工单时转移用户余额，订单号=WS2026040113354820282,2026-07-15 12:24:29,SYS,
odELQ6u1hmFLyWO4W-OLk27eJXvU,0.00,68832532005827	,用户提现,96.00,用户提现-退费单RF2026071512151390087,2026-07-15 12:16:37,用户提现,
odELQ6u1hmFLyWO4W-OLk27eJXvU,96.00,68832532005827	,订单退费转入,96.00,工单系统流量套餐退款,2026-07-15 12:15:14,SYS,
olAFl690r476CTKpzLV8atamS9_o,0.00,68772543149493	,用户提现,109.20,用户提现-退费单RF2026071503150268724,2026-07-15 12:06:06,用户提现,
olAFl64a1O9G4C2DDG8Vs_DHoIAo,69.00,68032504008163	,订单退费转入,69.00,工单系统流量套餐退款,2026-07-15 12:01:41,SYS,
olAFl6_1ViA0wLuABIiGLHdZ7CBg,0.00,67492610672049	,用户提现,19.00,用户提现-退费单RF2026070909244551848,2026-07-15 11:47:59,用户提现,
ojb7F2BnGIbx5yKeGkNgVy1OebcA,212.00,69212621217768	,订单退费转入,212.00,工单系统流量套餐退款,2026-07-15 11:10:48,SYS,
olAFl66Z3eDvQm7VTmx3b--xUWyw,140.10,68772522026692	,订单退费转入,140.10,系统处理工单时转移用户余额，订单号=WS2026071510345952248,2026-07-15 11:07:14,SYS,
olAFl63UvzS5xmA_ph72jrkXXPxY,0.00,67492603601094	,用户提现,479.00,用户提现-退费单RF2026071510511681452,2026-07-15 10:53:35,用户提现,
olAFl63UvzS5xmA_ph72jrkXXPxY,479.00,67492603601094	,订单退费转入,479.00,工单系统流量套餐退款,2026-07-15 10:51:17,SYS,
o4p3p6wSimO-4IeF3_XGMjqRZy4w,0.00,865405075529847	,用户提现,19.90,用户提现-退费单RF2026071510414785093,2026-07-15 10:42:31,用户提现,
o4p3p6wSimO-4IeF3_XGMjqRZy4w,19.90,865405075529847	,订单退费转入,19.90,工单系统流量套餐退款,2026-07-15 10:41:48,SYS,
olAFl6wMthEYLazOhggNrgoznIEg,0.00,68772604279335	,用户提现,46.00,用户提现-退费单RF2026051203154399,2026-07-15 10:34:36,用户提现,
ojb7F2JzFjDApjnNDbbD7G_u3E10,0.00,69212612179371	,用户提现,142.20,用户提现-退费单RF2026070913360109767,2026-07-15 10:33:42,用户提现,
ojb7F2OOEeCS0ioj8Nx-AzXWtYi4,0.00,67492602586514	,用户提现,109.00,用户提现-退费单RF2026071510222006244,2026-07-15 10:22:42,用户提现,
ojb7F2OOEeCS0ioj8Nx-AzXWtYi4,109.00,67492602586514	,订单退费转入,109.00,工单系统流量套餐退款,2026-07-15 10:22:20,SYS,
olAFl69LoGGLdNywBVmZup5P_NGs,0.00,68772550194704	,用户提现,54.00,用户提现-退费单RF2026071315153413073,2026-07-15 10:19:17,用户提现,
olAFl65d2qkJjXN48QtpWuqXkSq4,0.00,67492610671772	,用户提现,54.00,用户提现-退费单RF2026071509331311511,2026-07-15 09:42:43,用户提现,
olAFl662Ra6zGS731gY2NFOfMaKQ,0.00,68772538104821	,用户提现,124.00,用户提现-退费单RF2026071309021239645,2026-07-15 09:42:35,用户提现,
olAFl65d2qkJjXN48QtpWuqXkSq4,54.00,67492610671772	,订单退费转入,54.00,系统处理工单时转移用户余额，订单号=WS2026031914274707194,2026-07-15 09:33:13,SYS,
odELQ6rZ3kJM2-gLYf7Zu63PbwIA,0.00,67682509015217	,用户提现,199.00,用户提现-退费单RF2026071416264907087,2026-07-15 09:32:16,用户提现,
olAFl6_3hnUVsCgXNtlqCk7rzk2Q,0.00,69142529009653	,用户提现,54.00,用户提现-退费单RF2026071509255834918,2026-07-15 09:28:57,用户提现,
olAFl6_3hnUVsCgXNtlqCk7rzk2Q,54.00,69142529009653	,订单退费转入,54.00,系统处理工单时转移用户余额，订单号=WS2025090507210965026,2026-07-15 09:25:58,SYS,
olAFl6wbvxS7MB5HipOtQ7PCxfAU,0.00,69212606156693	,用户提现,55.00,用户提现-退费单RF2026071506405084561,2026-07-15 09:23:28,用户提现,
ojb7F2PhqQAxI-iMm1r9sQP2Xigs,0.00,70132627001235	,用户提现,100.00,用户提现-退费单RF2026071509141175871,2026-07-15 09:14:24,用户提现,
ojb7F2PhqQAxI-iMm1r9sQP2Xigs,100.00,70132627001235	,订单退费转入,100.00,系统处理工单时转移用户余额，订单号=WN2026071415500079097,2026-07-15 09:14:12,SYS,
olAFl6x9nIsxf62LNjM1d8iqg3rs,0.00,67002452070822	,用户提现,61.80,用户提现-退费单RF2026070703150397190,2026-07-15 08:37:34,用户提现,
olAFl658tniAjjT9wJciLVK76_-0,9.50,67492445316583	,订单退费转入,9.50,系统处理工单时转移用户余额，订单号=WS2025101421530432457,2026-07-15 08:28:14,SYS,
olAFl6zgw0FWQIVOCPufK0KguZl4,0.00,67002447037014	,用户提现,83.10,用户提现-退费单RF2026071507144699490,2026-07-15 07:15:08,用户提现,
olAFl6zgw0FWQIVOCPufK0KguZl4,83.10,67002447037014	,订单退费转入,83.10,系统处理工单时转移用户余额，订单号=WN2026062321584732638,2026-07-15 07:14:47,SYS,
olAFl64aoKY_QeX1b8rwR5VQJhgc,94.20,864665063409499	,订单退费转入,94.20,系统处理工单时转移用户余额，订单号=WN2026071417484271585,2026-07-15 07:00:52,SYS,
olAFl6_Uyc7chjWsNs7tHyDw_ILA,0.00,68772550195991	,用户提现,230.00,用户提现-退费单RF2026071416433363533,2026-07-15 06:56:04,用户提现,
olAFl6xA8Ph5G93b78J75pg28bp8,0.00,67492538513901	,用户提现,55.00,用户提现-退费单RF2026071503150193454,2026-07-15 06:42:43,用户提现,
olAFl6wbvxS7MB5HipOtQ7PCxfAU,55.00,69212606156693	,订单退费转入,55.00,工单系统流量套餐退款,2026-07-15 06:40:51,SYS,
ojb7F2PLGEUkA7MvIbnFSwMgbuTU,0.00,69212621216248	,用户提现,172.20,用户提现-退费单RF2026071419104257727,2026-07-15 06:36:41,用户提现,
olAFl61QE6N8nRRytyFvL9NY50Gw,0.00,68052517043972	,用户提现,135.10,用户提现-退费单RF2026071503455027319,2026-07-15 03:46:19,用户提现,
olAFl61QE6N8nRRytyFvL9NY50Gw,135.10,68052517043972	,订单退费转入,135.10,系统处理工单时转移用户余额，订单号=WS2026070321593862791,2026-07-15 03:45:50,SYS,
olAFl6wKiu37ujnfrzsugOcydnyY,199.00,69212621220742	,订单退费转入,199.00,工单系统流量套餐退款,2026-07-15 03:15:06,SYS,
odELQ6qmdjMT-9SDnayi5hth0z20,110.00,67872535009118	,订单退费转入,110.00,工单系统流量套餐退款 本单会员价格20.00元，不能退款,2026-07-15 03:15:06,SYS,
olAFl6wP5J7KSVBMLvOlIxTtrRyc,39.60,68772604268953	,订单退费转入,39.60,系统处理工单时转移用户余额，订单号=WS2026030509321429768,2026-07-15 03:15:06,SYS,
olAFl62BIRrQiXz6mEMWdz0Pmjyc,29.00,67492538521245	,订单退费转入,29.00,工单系统流量套餐退款,2026-07-15 03:15:05,SYS,
olAFl68S1z0NGlncKjRuiZ8xORQM,48.60,68772602219388	,订单退费转入,48.60,系统处理工单时转移用户余额，订单号=WS2026022212202945153,2026-07-15 03:15:05,SYS,
olAFl64tRRW1rAnRd3GT-UVkkkfI,46.00,69212544100121	,订单退费转入,46.00,系统处理工单时转移用户余额，订单号=WS2026022713212552376,2026-07-15 03:15:05,SYS,
olAFl625OXmnTmjbkLrw3O_1ZA4k,172.20,69212602137413	,订单退费转入,172.20,系统处理工单时转移用户余额，订单号=WS2026060623015408391,2026-07-15 03:15:05,SYS,
olAFl6xprnfglopmlTNOrmCjBHVo,42.30,86132411244498	,订单退费转入,42.30,系统处理工单时转移用户余额，订单号=WS2025120401405936349,2026-07-15 03:15:05,SYS,
ojb7F2Ags2ZTLmAGMrxwuVXGslAM,171.20,67002535385741	,订单退费转入,171.20,系统处理工单时转移用户余额，订单号=WS2026062412342325563,2026-07-15 03:15:05,SYS,
olAFl68DVwjiVHVFmeciCn2-RNEM,321.00,68772612325761	,订单退费转入,321.00,工单系统流量套餐退款 本单会员价格20.00元，不能退款,2026-07-15 03:15:05,SYS,
olAFl677bUdGRJZjYrrQv0I0aYW0,49.00,68932532018524	,订单退费转入,49.00,工单系统流量套餐退款,2026-07-15 03:15:05,SYS,
ojb7F2HXRiEmcVUFw6iWRp27gx70,260.00,70032621089381	,订单退费转入,260.00,系统处理工单时转移用户余额，订单号=WS2026062413320006129,2026-07-15 03:15:04,SYS,
olAFl61CTM1R-tU2NeAxI945Ywyk,160.00,67002447027855	,订单退费转入,160.00,系统处理工单时转移用户余额，订单号=WS2026011317395052274,2026-07-15 03:15:04,SYS,
olAFl6-YV05uUvTpgLljYo7sieDg,94.00,67492603608753	,订单退费转入,94.00,工单系统审核退费单-套餐已作废/钱包已清零,2026-07-15 03:15:04,SYS,
ojb7F2LmwIbCPYa-7b2aLsdMo0tc,164.40,69212621223312	,订单退费转入,164.40,系统处理工单时转移用户余额，订单号=WS2026061514421661026,2026-07-15 03:15:04,SYS,
olAFl639oj01qrHOcZgm0hlDzxl0,10.80,67492602586974	,订单退费转入,10.80,系统处理工单时转移用户余额，订单号=WN2026020419354925881,2026-07-15 03:15:04,SYS,
olAFl61Ugpv2j2_drE_oHo_y8GUQ,81.00,67912450009774	,订单退费转入,81.00,工单系统流量套餐退款 本单会员价格20.00元，不能退款,2026-07-15 03:15:04,SYS,
olAFl6-edIw8IrSFcVzu8cTEXuuU,151.20,69212602132394	,订单退费转入,151.20,系统处理工单时转移用户余额，订单号=WS2026052923105911722,2026-07-15 03:15:03,SYS,
o2uAP64_mmb_TdxIVxIU0Z0ThoTU,69.00,80882199	,订单退费转入,69.00,工单系统流量套餐退款,2026-07-15 03:15:03,SYS,
olAFl690r476CTKpzLV8atamS9_o,109.20,68772543149493	,订单退费转入,109.20,系统处理工单时转移用户余额，订单号=WS2025122312015247262,2026-07-15 03:15:03,SYS,
olAFl6zB4E5tvbJC23S4mgogP4ZU,92.20,69212536018859	,订单退费转入,92.20,系统处理工单时转移用户余额，订单号=WN2026062411281232561,2026-07-15 03:15:03,SYS,
olAFl69qD33q1LYTmAzjrclhSmVQ,90.40,67482512338610	,订单退费转入,90.40,系统处理工单时转移用户余额，订单号=WS2026032521273056799,2026-07-15 03:15:03,SYS,
odELQ6lp6UGQTOE9J2OlJRcqRCac,40.30,68712522005827	,订单退费转入,40.30,系统处理工单时转移用户余额，订单号=WS2026050714590845198,2026-07-15 03:15:03,SYS,
olAFl608_ja1GGjpXCQD9WWSNfIA,66.00,67492453369380	,订单退费转入,66.00,系统处理工单时转移用户余额，订单号=WS2025111400285595372,2026-07-15 03:15:03,SYS,
olAFl60Bva4G7ovWIJm9lwXWQHHk,65.60,63272428080144	,订单退费转入,65.60,系统处理工单时转移用户余额，订单号=WS2026022413412466226,2026-07-15 03:15:03,SYS,
olAFl65rZ7H1HQQH5GDCA1Z1FSz8,31.80,67002453149052	,订单退费转入,31.80,系统处理工单时转移用户余额，订单号=WS2026013114554659472,2026-07-15 03:15:03,SYS,
olAFl6yBguI8aA7hk_nOje5uI_sY,179.00,867061073530549	,订单退费转入,179.00,工单系统流量套餐退款,2026-07-15 03:15:02,SYS,
olAFl6xA8Ph5G93b78J75pg28bp8,55.00,67492538513901	,订单退费转入,55.00,工单系统流量套餐退款,2026-07-15 03:15:02,SYS,
olAFl6xyFP2lbTR1pw1uHBnJkI6w,116.00,67002452083783	,订单退费转入,116.00,工单系统流量套餐退款,2026-07-15 03:15:02,SYS,
olAFl6-6P737c8ovF-N5OeSD0ddA,171.20,69212621220267	,订单退费转入,171.20,系统处理工单时转移用户余额，订单号=WS2026061921524046965,2026-07-15 03:15:02,SYS,
olAFl6wFvHjYj93vmP4eFb6CZi08,0.00,67492509462677	,用户提现,162.10,用户提现-退费单RF2026071502402204613,2026-07-15 02:40:57,用户提现,
olAFl6wFvHjYj93vmP4eFb6CZi08,162.10,67492509462677	,订单退费转入,162.10,系统处理工单时转移用户余额，订单号=WS2026053019092117716,2026-07-15 02:40:22,SYS,
odELQ6rBEpOIxwzJbI8mDOqXuRj8,58.00,867061073944401	,订单退费转入,58.00,工单系统流量套餐退款,2026-07-15 02:32:53,SYS,
olAFl6_aUOvyY1hPXi5vddBPJeHY,0.00,69212536016698	,用户提现,112.40,用户提现-退费单RF2026071501020840077,2026-07-15 01:03:16,用户提现,
olAFl6_aUOvyY1hPXi5vddBPJeHY,112.40,69212536016698	,订单退费转入,112.40,系统处理工单时转移用户余额，订单号=WS2026051617000257255,2026-07-15 01:02:08,SYS,
olAFl6yJhDTRVVyPFqeFk846J9MY,0.00,68772550175544	,用户提现,72.60,用户提现-退费单RF2026070603150920242,2026-07-15 00:34:13,用户提现,
olAFl6-xK9hNmhB3CnnWBa0h-ruo,0.00,67862535042980	,用户提现,22.00,用户提现-退费单RF2026071423053561545,2026-07-14 23:07:42,用户提现,
olAFl6-xK9hNmhB3CnnWBa0h-ruo,22.00,67862535042980	,订单退费转入,22.00,工单系统流量套餐退款,2026-07-14 23:05:36,SYS,
olAFl6891c9CBPsAYkwgasVwUZ_A,0.00,68932612067927	,用户提现,210.10,用户提现-退费单RF2026070903151840110,2026-07-14 22:53:10,用户提现,
ojb7F2LxXcx7QlnIgwR3Cw3Qx1-U,0.00,69212536015961	,用户提现,86.00,用户提现-退费单RF2026071422391737140,2026-07-14 22:39:46,用户提现,
ojb7F2LxXcx7QlnIgwR3Cw3Qx1-U,86.00,69212536015961	,订单退费转入,86.00,系统处理工单时转移用户余额，订单号=WS2026070911501874816,2026-07-14 22:39:17,SYS,
olAFl6-kpGp1oeVil9R-XvZzT7Dg,89.00,67512525200914	,订单退费转入,89.00,工单系统流量套餐退款,2026-07-14 22:34:18,SYS,
ojb7F2GYffLBRRjjhZ01xC6O_kHo,0.00,69212621226229	,用户提现,69.00,用户提现-退费单RF2026071422102920340,2026-07-14 22:12:02,用户提现,
ojb7F2GYffLBRRjjhZ01xC6O_kHo,69.00,69212621226229	,订单退费转入,69.00,工单系统流量套餐退款,2026-07-14 22:10:29,SYS,
olAFl6286aOePEy01SNUqbyUFdJM,0.00,69212544101798	,用户提现,46.00,用户提现-退费单RF2026071422033651378,2026-07-14 22:06:01,用户提现,
olAFl63HHgIl6mco2udLz51jKzdo,0.00,68772612322202	,用户提现,104.20,用户提现-退费单RF2026071422031699918,2026-07-14 22:04:06,用户提现,
olAFl6286aOePEy01SNUqbyUFdJM,46.00,69212544101798	,订单退费转入,46.00,工单系统流量套餐退款,2026-07-14 22:03:37,SYS,
olAFl63HHgIl6mco2udLz51jKzdo,104.20,68772612322202	,订单退费转入,104.20,系统处理工单时转移用户余额，订单号=WS2026041513052955192,2026-07-14 22:03:17,SYS,
olAFl67PWcAHXds0g2_r49eBirCQ,0.00,864665071573104	,用户提现,40.60,用户提现-退费单RF2026071421572725180,2026-07-14 21:58:20,用户提现,
olAFl67PWcAHXds0g2_r49eBirCQ,40.60,864665071573104	,订单退费转入,40.60,系统处理工单时转移用户余额，订单号=WS2026021511485071755,2026-07-14 21:57:27,SYS,
olAFl65CYW93l0wY9mRSBG_3VZzM,0.00,69212606160976	,用户提现,46.60,用户提现-退费单RF2026070722261979716,2026-07-14 21:38:47,用户提现,
olAFl686dP9YYck8OWYQhxPx9B6Y,0.00,70132627002692	,用户提现,188.00,用户提现-退费单RF2026071417074626879,2026-07-14 21:25:12,用户提现,
o2uAP66z2r-EMh8-XPpSU9DF_K8A,0.00,86339495	,用户提现,199.00,用户提现-退费单RF2026071420535013775,2026-07-14 20:54:23,用户提现,
o2uAP66z2r-EMh8-XPpSU9DF_K8A,199.00,86339495	,订单退费转入,199.00,工单系统流量套餐退款,2026-07-14 20:53:50,SYS,
odELQ6vJCetlcvTYjCpGcV_23XAk,48.00,67002451063611	,订单退费转入,48.00,工单系统流量套餐退款,2026-07-14 20:22:09,SYS,
olAFl66M2DLSml6m6p3wUeh0-xHg,0.00,67492507391130	,用户提现,58.00,用户提现-退费单RF2026071419553027221,2026-07-14 19:55:58,用户提现,
olAFl66M2DLSml6m6p3wUeh0-xHg,58.00,67492507391130	,订单退费转入,58.00,工单系统流量套餐退款,2026-07-14 19:55:30,SYS,
olAFl68oMiGJCE2fjEski1wt-N-0,0.00,68772610302556	,用户提现,50.60,用户提现-退费单RF2026071419252633415,2026-07-14 19:26:14,用户提现,
olAFl68oMiGJCE2fjEski1wt-N-0,50.60,68772610302556	,订单退费转入,50.60,系统处理工单时转移用户余额，订单号=WS2026040210510432712,2026-07-14 19:25:26,SYS,
olAFl63WcPJNc5mOHh3eYS9MI4NQ,0.00,68772612323562	,用户提现,29.00,用户提现-退费单RF2026071416071676557,2026-07-14 19:24:15,用户提现,
olAFl6z0Q2rC6kL29naGEPwJks7A,59.00,67512525223170	,订单退费转入,59.00,工单系统流量套餐退款,2026-07-14 19:23:46,SYS,
ojb7F2PLGEUkA7MvIbnFSwMgbuTU,172.20,69212621216248	,订单退费转入,172.20,系统处理工单时转移用户余额，订单号=WS2026070813044166048,2026-07-14 19:10:43,SYS,
olAFl6xJO6HDzyzPZAAOlakRzbOk,0.00,67492610676028	,用户提现,29.00,用户提现-退费单RF2026071317122168174,2026-07-14 19:05:36,用户提现,
olAFl67FU0ve1Vyl90UTMfLdpdTQ,0.00,58812421065420	,用户提现,179.00,用户提现-退费单RF2026071418533303252,2026-07-14 19:00:02,用户提现,
olAFl67FU0ve1Vyl90UTMfLdpdTQ,179.00,58812421065420	,订单退费转入,179.00,工单系统流量套餐退款 本单会员价格20.00元，不能退款,2026-07-14 18:53:33,SYS,
ojb7F2AhewTaWu4dPpFjH45b6kQ8,0.00,70032627108184	,用户提现,29.00,用户提现-退费单RF2026071418320766612,2026-07-14 18:36:58,用户提现,
olAFl64Y9LK5tBw_4BG721f46720,41.00,69212602135440	,订单退费转入,41.00,工单系统流量套餐退款 本单会员价格20.00元，不能退款,2026-07-14 18:32:55,SYS,
ojb7F2AhewTaWu4dPpFjH45b6kQ8,29.00,70032627108184	,订单退费转入,29.00,工单系统流量套餐退款,2026-07-14 18:32:08,SYS,
olAFl68dE4iJCXJ1oy8cJlak1MSU,0.00,69212606158045	,用户提现,62.20,用户提现-退费单RF2026071418192344084 微信退款失败：订单已全额退款,2026-07-14 18:20:54,用户提现,
olAFl68dE4iJCXJ1oy8cJlak1MSU,62.20,69212606158045	,订单退费转入,62.20,系统处理工单时转移用户余额，订单号=WN2026070711532760467,2026-07-14 18:19:23,SYS,
olAFl6-egz5abgYlYPu16CIS9uCU,0.00,68772520018507	,用户提现,99.70,用户提现-退费单RF2026071417584977494,2026-07-14 17:59:18,用户提现,
olAFl6-egz5abgYlYPu16CIS9uCU,99.70,68772520018507	,订单退费转入,99.70,系统处理工单时转移用户余额，订单号=WS2026032920141697480,2026-07-14 17:58:50,SYS,
olAFl6_ob1VmyI_QCLHMR3QXx-Sk,0.00,867061073633376	,用户提现,49.00,用户提现-退费单RF2026071417432932329,2026-07-14 17:48:02,用户提现,
olAFl6_ob1VmyI_QCLHMR3QXx-Sk,49.00,867061073633376	,订单退费转入,49.00,工单系统流量套餐退款,2026-07-14 17:43:29,SYS,
olAFl68Pv-c1rt9_ehOUX6-22iqE,0.00,69212623243618	,用户提现,212.00,用户提现-退费单RF2026071417413236886,2026-07-14 17:43:12,用户提现,
olAFl68Pv-c1rt9_ehOUX6-22iqE,212.00,69212623243618	,订单退费转入,212.00,工单系统流量套餐退款,2026-07-14 17:41:32,SYS,
olAFl62WPzWFrU8my1uaHWDCLHz0,0.00,69212606159189	,用户提现,6.80,用户提现-退费单RF2026071303150502320,2026-07-14 17:40:11,用户提现,
olAFl6zqjI6jtJDkmFkCQt7SCYcQ,0.00,68772550176036	,用户提现,2.00,用户提现-退费单RF2026071417310536965,2026-07-14 17:33:23,用户提现,
olAFl69P7o3VWVMhf-MzKwj3R6eg,0.00,68772604277869	,用户提现,136.00,用户提现-退费单RF2026071416430471714,2026-07-14 17:32:44,用户提现,
olAFl6zqjI6jtJDkmFkCQt7SCYcQ,2.00,68772550176036	,订单退费转入,2.00,系统处理工单时转移用户余额，订单号=WS2025123122155697361,2026-07-14 17:31:05,SYS,
olAFl6wSzhKq3u7uvdarfyCa1mkg,0.00,68772528058187	,用户提现,77.20,用户提现-退费单RF2026070603150692338,2026-07-14 17:10:56,用户提现,
odELQ6t79zkci8eHHoEugZdvuems,0.00,867061072543147	,用户提现,100.00,用户提现-退费单RF2026071003154745729,2026-07-14 17:09:55,用户提现,
olAFl686dP9YYck8OWYQhxPx9B6Y,188.00,70132627002692	,订单退费转入,188.00,工单系统流量套餐退款,2026-07-14 17:07:46,SYS,
ojb7F2LEsNjIl-01u7oEPlrpXMLU,0.00,70132627000791	,用户提现,399.00,用户提现-退费单RF2026071417021268392,2026-07-14 17:03:50,用户提现,
olAFl62GbcDFDcVifuOydjZ052nQ,0.00,69212544101393	,用户提现,76.00,用户提现-退费单RF2026070303151185118,2026-07-14 17:02:30,用户提现,
ojb7F2LEsNjIl-01u7oEPlrpXMLU,399.00,70132627000791	,订单退费转入,399.00,工单系统流量套餐退款,2026-07-14 17:02:13,SYS,
o2uAP67Mf-FmNBhQFrT4ABJ5qVDA,0.00,86349641	,用户提现,260.00,用户提现-退费单RF2026071416523360029,2026-07-14 16:59:14,用户提现,
olAFl61SwKButGwINUAgL60jSw1M,3.00,67002444016913	,订单退费转入,3.00,系统处理工单时转移用户余额，订单号=WS2025110708073259890,2026-07-14 16:58:14,SYS,
odELQ6oMUQ8NK_FHyx971Q9HjRsM,0.00,67682450000089	,用户提现,69.00,用户提现-退费单RF2026071416573274915,2026-07-14 16:57:54,用户提现,
odELQ6oMUQ8NK_FHyx971Q9HjRsM,69.00,67682450000089	,订单退费转入,69.00,工单系统流量套餐退款,2026-07-14 16:57:33,SYS,
olAFl6xEP3ILf5n7Lu470n7QAh0Y,0.00,68772604272892	,用户提现,28.70,用户提现-退费单RF2026070303153948470,2026-07-14 16:56:46,用户提现,
o2uAP67Mf-FmNBhQFrT4ABJ5qVDA,260.00,86349641	,订单退费转入,260.00,工单系统流量套餐退款,2026-07-14 16:52:34,SYS,
olAFl66fhcTn9HEmGkgF-08-0w9k,0.00,864665067367321	,用户提现,109.90,用户提现-退费单RF2026071403150293076,2026-07-14 16:52:23,用户提现,
olAFl6_Uyc7chjWsNs7tHyDw_ILA,230.00,68772550195991	,订单退费转入,230.00,工单系统流量套餐退款,2026-07-14 16:43:34,SYS,
olAFl69KfIQM1HcdbdP_NTF8tdBw,0.00,60912422112225	,用户提现,114.30,用户提现-退费单RF2026071303150346583,2026-07-14 16:43:20,用户提现,
olAFl69P7o3VWVMhf-MzKwj3R6eg,136.00,68772604277869	,订单退费转入,136.00,系统处理工单时转移用户余额，订单号=WS2026030721532107856,2026-07-14 16:43:05,SYS,
olAFl65Ua2EnIIDGQ-kWiW6MigjM,0.00,68032536029986	,用户提现,549.00,用户提现-退费单RF2026071403150227397,2026-07-14 16:32:12,用户提现,
olAFl6ybkvxyvQctm337zS8TN7nE,0.00,63272414001183	,用户提现,116.20,用户提现-退费单RF2026071416295099939,2026-07-14 16:30:32,用户提现,
olAFl6ybkvxyvQctm337zS8TN7nE,116.20,63272414001183	,订单退费转入,116.20,系统处理工单时转移用户余额，订单号=WS2025082212265922120,2026-07-14 16:29:51,SYS,
odELQ6rZ3kJM2-gLYf7Zu63PbwIA,199.00,67682509015217	,订单退费转入,199.00,工单系统流量套餐退款 本单会员价格20.00元，不能退款,2026-07-14 16:26:49,SYS,
olAFl6xdfMlrjRYrNFZUOjFVFYEM,0.00,68772539111976	,用户提现,58.00,用户提现-退费单RF2026071416255503063,2026-07-14 16:26:19,用户提现,
olAFl6xdfMlrjRYrNFZUOjFVFYEM,58.00,68772539111976	,订单退费转入,58.00,工单系统流量套餐退款 本单会员价格20.00元，不能退款,2026-07-14 16:25:55,SYS,
olAFl65R-fYh3Qw1GEu4FTtCa3AQ,0.00,67512534245747	,用户提现,9.10,用户提现-退费单RF2026071411162270643,2026-07-14 16:11:58,用户提现,
olAFl63WcPJNc5mOHh3eYS9MI4NQ,29.00,68772612323562	,订单退费转入,29.00,工单系统流量套餐退款,2026-07-14 16:07:17,SYS,
ojb7F2E1dk0RSCHjE95lBw3MA4EQ,0.00,70132627002308	,用户提现,39.00,用户提现-退费单RF2026071416010005895,2026-07-14 16:06:40,用户提现,
olAFl6_6C_V9vwCFMP_Vr0DFFz9k,0.00,67862539050502	,用户提现,63.20,用户提现-退费单RF2026071416041006425,2026-07-14 16:06:27,用户提现,
olAFl6_6C_V9vwCFMP_Vr0DFFz9k,63.20,67862539050502	,订单退费转入,63.20,系统处理工单时转移用户余额，订单号=WS2026012511111093472,2026-07-14 16:04:10,SYS,
ojb7F2E1dk0RSCHjE95lBw3MA4EQ,39.00,70132627002308	,订单退费转入,39.00,工单系统流量套餐退款,2026-07-14 16:01:00,SYS,
olAFl60HuMI8U9ggY86P7dEL0VcU,0.00,864665070753392	,用户提现,49.00,用户提现-退费单RF2026071403150237369,2026-07-14 15:17:30,用户提现,
ojb7F2E_qjbSp-YE-WFu-n5Jgh38,0.00,70032611015572	,用户提现,45.00,用户提现-退费单RF2026071415160597274,2026-07-14 15:16:45,用户提现,
ojb7F2E_qjbSp-YE-WFu-n5Jgh38,45.00,70032611015572	,订单退费转入,45.00,工单系统流量套餐退款,2026-07-14 15:16:06,SYS,
olAFl6yyvTbs4rXEZmcAJO-aiBmY,0.00,68772602247977	,用户提现,199.00,用户提现-退费单RF2026071403150207623,2026-07-14 15:06:09,用户提现,
olAFl61Nc-l2HCWHt6rCYJUQgccQ,0.00,68032536030318	,用户提现,359.00,用户提现-退费单RF2026071403150371564,2026-07-14 15:03:03,用户提现,
olAFl650hJMk8nX-qaiyhsTXweTE,0.00,68772543133190	,用户提现,54.00,用户提现-退费单RF2026071403150475230,2026-07-14 15:02:18,用户提现,
olAFl6wRA7f0K2rKrwHdFtHaxLqs,0.00,70032617030289	,用户提现,199.00,用户提现-退费单RF2026071409585859943,2026-07-14 15:01:40,用户提现,
ojb7F2DnGHgIsfQNtj9ZAdsvWHtU,39.00,70132627001183	,订单退费转入,39.00,工单系统流量套餐退款,2026-07-14 14:55:14,SYS,
ojb7F2OQAao6w8VzH7wEqMkQD6Bg,0.00,	,系统扣费,54.00,用户无可退退费单，钱包清零,2026-07-14 14:54:51,SYS,
olAFl65kiM5Hc4kfW-YRDkYTnp38,108.20,67482442004398	,订单退费转入,108.20,系统处理工单时转移用户余额，订单号=WS2026032912074142757,2026-07-14 14:54:38,SYS,
olAFl67Qzpr4EACMOx9mOx3g6hhY,0.00,86132411243600	,用户提现,106.00,用户提现-退费单RF2026071412481504616,2026-07-14 14:48:52,用户提现,
ojb7F2EYZVqL_ydi03g5Tjggwdmk,0.00,70032617032970	,用户提现,74.00,用户提现-退费单RF2026071414480799378,2026-07-14 14:48:27,用户提现,
ojb7F2EYZVqL_ydi03g5Tjggwdmk,74.00,70032617032970	,订单退费转入,74.00,系统处理工单时转移用户余额，订单号=WS2026071109110435683,2026-07-14 14:48:08,SYS,
olAFl65Ut06SFUAtwfuC6VK-sFv4,0.00,70032617033190	,用户提现,152.20,用户提现-退费单RF2026071414401861439,2026-07-14 14:41:18,用户提现,
olAFl65Ut06SFUAtwfuC6VK-sFv4,152.20,70032617033190	,订单退费转入,152.20,系统处理工单时转移用户余额，订单号=WS2026061820215809883,2026-07-14 14:40:19,SYS,
olAFl6wK3V2CgrH0as_Benroif5A,0.00,68052517043920	,用户提现,61.00,用户提现-退费单RF2026071414270250786,2026-07-14 14:28:27,用户提现,
olAFl6wK3V2CgrH0as_Benroif5A,61.00,68052517043920	,订单退费转入,61.00,工单系统流量套餐退款 本单会员价格20.00元，不能退款,2026-07-14 14:27:03,SYS,
ojb7F2Dr0pkekZb7QnXwVNc70IcI,39.00,69212552126479	,订单退费转入,39.00,工单系统流量套餐退款,2026-07-14 13:58:18,SYS,
olAFl6xAwXY49SatkyNukzou9ZGk,0.00,69212612184776	,用户提现,102.00,用户提现-退费单RF2026071003152395325,2026-07-14 13:52:51,用户提现,
olAFl6w2i3IwVnJ__mOjG17IjHbQ,0.00,69212552125979	,用户提现,199.00,用户提现-退费单RF2026071309204195430,2026-07-14 13:51:27,用户提现,
olAFl6-KGZf85ReCKVWAFnJ-g5Xg,0.00,69212545117406	,用户提现,140.10,用户提现-退费单RF2026071413412464679,2026-07-14 13:41:50,用户提现,
olAFl6-KGZf85ReCKVWAFnJ-g5Xg,140.10,69212545117406	,订单退费转入,140.10,系统处理工单时转移用户余额，订单号=WS2026071220441895295,2026-07-14 13:41:25,SYS,
ojb7F2DtBRNwo3R92wCJ9LNhqQxE,0.00,70032611014069	,用户提现,62.20,用户提现-退费单RF2026071411375534154,2026-07-14 13:04:27,用户提现,
olAFl6_5c0yO4t0LvUXJLu5lWJ4M,0.00,864665069058522	,用户提现,69.00,用户提现-退费单RF2026071303150340892,2026-07-14 12:50:46,用户提现,
olAFl67Qzpr4EACMOx9mOx3g6hhY,106.00,86132411243600	,订单退费转入,106.00,工单系统流量套餐退款,2026-07-14 12:48:15,SYS,
odELQ6ggl4icOgNWKM2Pza1kgucQ,0.00,68832514000843	,用户提现,199.00,用户提现-退费单RF2026061316494049580,2026-07-14 12:06:12,用户提现,
ojb7F2BYif2OMh4_DEcMCt-tSV1c,0.00,70032621092110	,用户提现,199.00,用户提现-退费单RF2026071110550886353,2026-07-14 11:51:50,用户提现,
ojb7F2Afmfk6U8f3GP5lvSs7_IzI,0.00,69212612173234	,用户提现,42.20,用户提现-退费单RF2026071411353879716,2026-07-14 11:40:14,用户提现,
ojb7F2DtBRNwo3R92wCJ9LNhqQxE,62.20,70032611014069	,订单退费转入,62.20,系统处理工单时转移用户余额，订单号=WN2026070622504080132,2026-07-14 11:37:55,SYS,
ojb7F2Afmfk6U8f3GP5lvSs7_IzI,42.20,69212612173234	,订单退费转入,42.20,系统处理工单时转移用户余额，订单号=WN2026071410561419845,2026-07-14 11:35:39,SYS,
ojb7F2CrJu_rY4fHu5MQWTmToOSA,0.00,69212552125964	,用户提现,117.00,用户提现-退费单RF2026071314152189416,2026-07-14 11:27:36,用户提现,
olAFl60OibVpgmOfcpvp3_bMNZ_c,0.00,86132411244282	,用户提现,12.10,用户提现-退费单RF2026071003152786527,2026-07-14 11:24:29,用户提现,
olAFl65R-fYh3Qw1GEu4FTtCa3AQ,9.10,67512534245747	,订单退费转入,9.10,系统处理工单时转移用户余额，订单号=WS2026011620154012115,2026-07-14 11:16:23,SYS,
olAFl66K8yadreEARXh8N-Sct8tE,0.00,58482351166545	,用户提现,33.00,用户提现-退费单RF2026071410471981713,2026-07-14 10:52:19,用户提现,
ojb7F2KrNOSWqcD3ws2SbIEyU2Fo,0.00,69142620027706	,用户提现,94.00,用户提现-退费单RF2026071410512184267,2026-07-14 10:51:52,用户提现,
ojb7F2KrNOSWqcD3ws2SbIEyU2Fo,94.00,69142620027706	,订单退费转入,94.00,工单系统流量套餐退款,2026-07-14 10:51:22,SYS,
olAFl66K8yadreEARXh8N-Sct8tE,33.00,58482351166545	,订单退费转入,33.00,工单系统流量套餐退款 组合支付：微信退费 33.00,2026-07-14 10:47:20,SYS,
olAFl6y2OwVykR7B9tI8o3tyAfnc,0.00,67002447035403	,用户提现,69.00,用户提现-退费单RF2026070621114718040,2026-07-14 10:28:36,用户提现,
olAFl627IL_2FJaJUNdwU_zHA-yU,0.00,68772602246955	,用户提现,100.20,用户提现-退费单RF2026051503153242,2026-07-14 10:24:14,用户提现,
ojb7F2DIFAH-w_oHXsCWQ-3NUW_o,0.00,70032611015208	,用户提现,164.40,用户提现-退费单RF2026071317242211063,2026-07-14 10:16:52,用户提现,
olAFl699sxdzmRMLqJp5vPCOG31M,0.00,67512448131184	,用户提现,80.10,用户提现-退费单RF2026070803151313347,2026-07-14 10:11:36,用户提现,
olAFl6w6KZ8Jv1TazHXJvmeG0x0w,0.00,67512525223820	,用户提现,69.00,用户提现-退费单RF2026071408525637166,2026-07-14 10:02:18,用户提现,
olAFl6wRA7f0K2rKrwHdFtHaxLqs,199.00,70032617030289	,订单退费转入,199.00,工单系统流量套餐退款,2026-07-14 09:58:59,SYS,
ojb7F2IfRfM9PjsxD4pvrxNIde6k,0.00,67492609650708	,用户提现,109.00,用户提现-退费单RF2026071114371666435,2026-07-14 09:52:21,用户提现,
olAFl65dOYEjUPQH8iDVPvCTqlI8,134.20,864665063278936	,订单退费转入,134.20,系统处理工单时转移用户余额，订单号=WS2026042712571036022,2026-07-14 09:39:27,SYS,
olAFl6y4AbhXr1FHWW7jwbXM4c4U,0.00,69212621218431	,用户提现,171.80,用户提现-退费单RF2026071323573509448,2026-07-14 09:38:03,用户提现,
olAFl65qKnL9iqdL-ZW-XysQ08bY,0.00,68772522031716	,用户提现,177.50,用户提现-退费单RF2026070703150801952,2026-07-14 09:35:47,用户提现,
ojb7F2H3VBsK-_Sh275jPIHUA92Q,0.00,70132627000754	,用户提现,19.00,用户提现-退费单RF2026071409052646886,2026-07-14 09:05:46,用户提现,
ojb7F2H3VBsK-_Sh275jPIHUA92Q,19.00,70132627000754	,订单退费转入,19.00,工单系统流量套餐退款,2026-07-14 09:05:26,SYS,
olAFl6w6KZ8Jv1TazHXJvmeG0x0w,69.00,67512525223820	,订单退费转入,69.00,工单系统流量套餐退款 本单会员价格20.00元，不能退款,2026-07-14 08:52:56,SYS,
olAFl62xQFNeVtSrVZiCr2mJH0jI,0.00,69212544101731	,用户提现,81.00,用户提现-退费单RF2026071408100342028,2026-07-14 08:43:44,用户提现,
olAFl62xQFNeVtSrVZiCr2mJH0jI,81.00,69212544101731	,订单退费转入,81.00,工单系统流量套餐退款,2026-07-14 08:10:03,SYS,
olAFl6ysSs5ygU4TDJvWzBkjJgbg,0.00,67492517494068	,用户提现,110.20,用户提现-退费单RF2026071303150262677,2026-07-14 06:36:12,用户提现,
ojb7F2L76P5ESGxxgMjhxt1_jBHs,0.00,67492509465031	,用户提现,199.00,用户提现-退费单RF2026071321460713123,2026-07-14 05:58:30,用户提现,
olAFl64pI4zjliTQI7qzmne3gZaQ,122.00,58812351007899	,订单退费转入,122.00,系统处理工单时转移用户余额，订单号=WS2026062321122972425 本单会员价格20.00元，不能退款,2026-07-14 03:15:06,SYS,
ojb7F2F9U2pb4s31LIIpTEnPMBeo,69.00,69212621215185	,订单退费转入,69.00,工单系统流量套餐退款,2026-07-14 03:15:06,SYS,
olAFl63LuQA1AaVjge5do1MyEiX4,57.10,67862502024985	,订单退费转入,57.10,系统处理工单时转移用户余额，订单号=WS2026013117173080633 本单会员价格20.00元，不能退款,2026-07-14 03:15:06,SYS,
olAFl63RpQKcvgWjBODAt9udWj_Y,66.50,67482442006795	,订单退费转入,66.50,系统处理工单时转移用户余额，订单号=WS2026012020072038967,2026-07-14 03:15:06,SYS,
olAFl601oVhyud7p63igBwPmZ-C8,50.00,70032606000807	,订单退费转入,50.00,工单系统流量套餐退款,2026-07-14 03:15:05,SYS,
olAFl65rzN4RHrJTPA2Y0XjKRNjA,179.00,67002452069697	,订单退费转入,179.00,工单系统审核退费单-套餐已作废/钱包已清零,2026-07-14 03:15:05,SYS,
olAFl650hJMk8nX-qaiyhsTXweTE,54.00,68772543133190	,订单退费转入,54.00,系统处理工单时转移用户余额，订单号=WS2025112110470975884,2026-07-14 03:15:05,SYS,
o2uAP6wkOWXpXJBkJZ14xHqN9_WA,36.80,18001931	,订单退费转入,36.80,系统处理工单时转移用户余额，订单号=WN2026031910210488768,2026-07-14 03:15:05,SYS,
olAFl69UFDzGp3AeKVFd0bdQaSZs,188.00,70032621093195	,订单退费转入,188.00,工单系统审核退费单-套餐已作废/钱包已清零,2026-07-14 03:15:05,SYS,
olAFl61Nc-l2HCWHt6rCYJUQgccQ,359.00,68032536030318	,订单退费转入,359.00,工单系统流量套餐退款,2026-07-14 03:15:04,SYS,
olAFl69UVhTjkvQQdXDsPXRTbeDs,180.00,68032536034498	,订单退费转入,180.00,系统处理工单时转移用户余额，订单号=WS2026061819271425692,2026-07-14 03:15:04,SYS,
odELQ6moDLOg_i5BI46AIAi-csMU,130.10,68772612334550	,订单退费转入,130.10,系统处理工单时转移用户余额，订单号=WS2026051111430307595,2026-07-14 03:15:04,SYS,
olAFl62Ucr5M_RU350w7zM7zmemQ,69.00,69212602132401	,订单退费转入,69.00,工单系统流量套餐退款,2026-07-14 03:15:04,SYS,
ojb7F2NcU2qtM7OTrQ9e7cKk_zIY,188.00,70032621088346	,订单退费转入,188.00,工单系统流量套餐退款,2026-07-14 03:15:04,SYS,
olAFl61zgdmzgIiAV26vW6vxS_68,180.00,69212602132274	,订单退费转入,180.00,系统处理工单时转移用户余额，订单号=WS2026062212214632230,2026-07-14 03:15:04,SYS,
olAFl66VNHpTYwrPSAg8VG4-pZqA,121.70,867061073527123	,订单退费转入,121.70,系统处理工单时转移用户余额，订单号=WS2025091609513439442,2026-07-14 03:15:04,SYS,
olAFl66fhcTn9HEmGkgF-08-0w9k,109.90,864665067367321	,订单退费转入,109.90,系统处理工单时转移用户余额，订单号=WS2026030512065154989,2026-07-14 03:15:03,SYS,
olAFl65ptKK5YW9f1bjnydjCZCiE,58.40,60912432187222	,订单退费转入,58.40,系统处理工单时转移用户余额，订单号=WS2026013119514451426,2026-07-14 03:15:03,SYS,
olAFl66xA3xCOtfkUiqObCVZHuFo,94.00,67492509433622	,订单退费转入,94.00,系统处理工单时转移用户余额，订单号=WS2026040518273835252,2026-07-14 03:15:03,SYS,
olAFl61-es1mlD32NyoGD0wOFDrg,52.00,68932612067618	,订单退费转入,52.00,工单系统流量套餐退款 本单会员价格20.00元，不能退款,2026-07-14 03:15:03,SYS,
olAFl6-AO5-n9RZyqI3f2daqxgdE,24.40,67002509217470	,订单退费转入,24.40,系统处理工单时转移用户余额，订单号=WN2026040222545116239,2026-07-14 03:15:03,SYS,
olAFl6yyvTbs4rXEZmcAJO-aiBmY,199.00,68772602247977	,订单退费转入,199.00,工单系统流量套餐退款,2026-07-14 03:15:02,SYS,
olAFl6yX6uJa6AJ9YC6C100nxyL4,116.00,68032536034519	,订单退费转入,116.00,工单系统审核退费单-套餐已作废/钱包已清零,2026-07-14 03:15:02,SYS,
olAFl65EO5h8VYWDroPH_BvZQaeI,49.00,864665064475093	,订单退费转入,49.00,工单系统流量套餐退款,2026-07-14 03:15:02,SYS,
olAFl63aJgsN62-vXqCrShNwYccE,86.80,67482448036610	,订单退费转入,86.80,系统处理工单时转移用户余额，订单号=WS2025102510412109122,2026-07-14 03:15:02,SYS,
olAFl65Ua2EnIIDGQ-kWiW6MigjM,549.00,68032536029986	,订单退费转入,549.00,工单系统流量套餐退款,2026-07-14 03:15:02,SYS,
olAFl60HuMI8U9ggY86P7dEL0VcU,49.00,864665070753392	,订单退费转入,49.00,工单系统流量套餐退款,2026-07-14 03:15:02,SYS,
olAFl633LXyGiX6IouvSkXgdFpHM,8.40,69212612175064	,订单退费转入,8.40,系统处理工单时转移用户余额，订单号=WS2026042209040190614,2026-07-14 03:15:02,SYS,
ojb7F2C9iUf1F4fmS8NLHqsEIUFg,19.00,69212602143922	,订单退费转入,19.00,工单系统流量套餐退款,2026-07-14 03:15:02,SYS,
olAFl67tknd0uJ91jMkeRRebqW-w,0.00,67002447021554	,用户提现,79.60,用户提现-退费单RF2026071400183079197,2026-07-14 00:36:19,用户提现,
olAFl67tknd0uJ91jMkeRRebqW-w,79.60,67002447021554	,订单退费转入,79.60,系统处理工单时转移用户余额，订单号=WN2025111712500852642,2026-07-14 00:18:31,SYS,
odELQ6iiuZQfOEich4tIM6PJi_4o,0.00,86706107022698	,用户提现,168.00,用户提现-退费单RF2026070321172998317,2026-07-14 00:08:58,用户提现,
odELQ6iiuZQfOEich4tIM6PJi_4o,168.00,86706107022698	,订单退费转入,168.00,工单系统审核退费单-套餐已作废/钱包已清零,2026-07-14 00:08:37,SYS,
olAFl6y4AbhXr1FHWW7jwbXM4c4U,171.80,69212621218431	,订单退费转入,171.80,系统处理工单时转移用户余额，订单号=WS2026061112233933077,2026-07-13 23:57:35,SYS,
ojb7F2MvA4agHDyhhcRlx8kO5NWU,0.00,67482513397099	,用户提现,54.00,用户提现-退费单RF2026071323501190365,2026-07-13 23:52:32,用户提现,
ojb7F2MvA4agHDyhhcRlx8kO5NWU,54.00,67482513397099	,订单退费转入,54.00,系统处理工单时转移用户余额，订单号=WS2026071323291927032,2026-07-13 23:50:12,SYS,
olAFl645X8Ix7UV76CSHhuw8JIws,0.00,63272416026488	,用户提现,179.00,用户提现-退费单RF2026071219504525555,2026-07-13 22:58:51,用户提现,
ojb7F2LbUZI1BTUACgtlBjBvh0K0,0.00,67492603603474	,用户提现,179.00,用户提现-退费单RF2026071322364140733,2026-07-13 22:42:25,用户提现,
olAFl60QwJgOyWZ1aUaUmI-iXQ94,0.00,86132335066387	,用户提现,123.60,用户提现-退费单RF2026071322071570694,2026-07-13 22:40:24,用户提现,
ojb7F2LbUZI1BTUACgtlBjBvh0K0,179.00,67492603603474	,订单退费转入,179.00,工单系统流量套餐退款,2026-07-13 22:36:41,SYS,
olAFl63PE2clnhw6Bv8L7R8bLPrc,69.00,67492509466802	,订单退费转入,69.00,工单系统流量套餐退款,2026-07-13 22:27:42,SYS,
olAFl64i8QP_aMcmlh6W1ZNFCRUI,0.00,68052517043365	,用户提现,38.20,用户提现-退费单RF2026071003151041030,2026-07-13 22:15:02,用户提现,
olAFl60QwJgOyWZ1aUaUmI-iXQ94,123.60,86132335066387	,订单退费转入,123.60,系统处理工单时转移用户余额，订单号=WS2025100320001216465,2026-07-13 22:07:16,SYS,
olAFl66yeKq6RY1cSW7e7GU-sNMY,0.00,68772550176757	,用户提现,115.30,用户提现-退费单RF2026070117465248259,2026-07-13 22:01:17,用户提现,
ojb7F2L76P5ESGxxgMjhxt1_jBHs,199.00,67492509465031	,订单退费转入,199.00,工单系统流量套餐退款 本单会员价格20.00元，不能退款,2026-07-13 21:46:07,SYS,
ojb7F2HHxfgfXxamlJ82vEUMOcrA,0.00,70132627000727	,用户提现,46.00,用户提现-退费单RF2026071320463569088,2026-07-13 20:48:09,用户提现,
olAFl67Tz21Ih2QnRHy1PJ3ah4aU,19.00,68772528053578	,订单退费转入,19.00,工单系统流量套餐退款,2026-07-13 20:47:24,SYS,
ojb7F2HHxfgfXxamlJ82vEUMOcrA,46.00,70132627000727	,订单退费转入,46.00,工单系统流量套餐退款,2026-07-13 20:46:36,SYS,
ojb7F2DVAwl1PgOukEWD-Ng1CVbY,142.20,70032627109443	,订单退费转入,142.20,系统处理工单时转移用户余额，订单号=WS2026071215570618223,2026-07-13 19:59:40,SYS,
o2uAP65hP_u3ZW9TBAVRBejQgfh8,0.00,328813944	,用户提现,146.00,用户提现-退费单RF2026071319585052125,2026-07-13 19:59:15,用户提现,
o2uAP65hP_u3ZW9TBAVRBejQgfh8,146.00,328813944	,订单退费转入,146.00,工单系统流量套餐退款,2026-07-13 19:58:51,SYS,
olAFl62zKp9y_SZXLHpQoN--6K1U,0.00,864665064574580	,用户提现,479.00,用户提现-退费单RF2026071319482021417,2026-07-13 19:50:10,用户提现,
olAFl62zKp9y_SZXLHpQoN--6K1U,479.00,864665064574580	,订单退费转入,479.00,工单系统流量套餐退款 本单会员价格20.00元，不能退款,2026-07-13 19:48:20,SYS,
olAFl62Pq-iGbHnf9GPlgtQ1PXNU,0.00,69212552123818	,用户提现,180.00,用户提现-退费单RF2026071318185371069,2026-07-13 19:21:18,用户提现,
olAFl65j0YvywEGHcEJD0bjMVsyM,0.00,	,系统扣费,179.00,用户无可退退费单，钱包清零,2026-07-13 19:08:31,SYS,
olAFl69B7peiGHDTvUCNgERweTOw,0.00,69212537039790	,用户提现,116.20,用户提现-退费单RF2026070912142119029,2026-07-13 18:54:50,用户提现,
ojb7F2J201RwZ2xxizlEW7JLE-_Y,0.00,	,系统扣费,171.20,用户无可退退费单，钱包清零,2026-07-13 18:28:21,SYS,
olAFl67O0urBC07-R_DhJLMe5jV8,22.60,67492552547200	,订单退费转入,22.60,工单系统流量套餐退款 组合支付：微信退费 22.60,2026-07-13 18:27:15,SYS,
o2uAP607b-a-7Dj-DK2PIpN3fsDo,0.00,328809145	,用户提现,219.00,用户提现-退费单RF2026071305375247066,2026-07-13 18:25:15,用户提现,
olAFl62Pq-iGbHnf9GPlgtQ1PXNU,180.00,69212552123818	,订单退费转入,180.00,系统处理工单时转移用户余额，订单号=WS2026071221192758621,2026-07-13 18:18:54,SYS,
olAFl66M4IjC19HEJrqfC7X-MLTM,0.00,67492517494100	,用户提现,103.80,用户提现-退费单RF2026071318143067144,2026-07-13 18:15:37,用户提现,
olAFl66M4IjC19HEJrqfC7X-MLTM,103.80,67492517494100	,订单退费转入,103.80,系统处理工单时转移用户余额，订单号=WS2026051120294448754,2026-07-13 18:14:31,SYS,
olAFl60KGThG35r04n4Vcy3rFsuw,0.00,867061070199876	,用户提现,138.00,用户提现-退费单RF2026071314443720266,2026-07-13 18:10:51,用户提现,
olAFl64psBZKWWXl4DC0F5pGy7nU,0.00,58812443085748	,用户提现,88.40,用户提现-退费单RF2026071318072712180,2026-07-13 18:08:38,用户提现,
olAFl64psBZKWWXl4DC0F5pGy7nU,88.40,58812443085748	,订单退费转入,88.40,系统处理工单时转移用户余额，订单号=WS2026031914012366425,2026-07-13 18:07:27,SYS,
ojb7F2MGUNniBjbkf7Nd3v1krXgA,340.00,70032617027128	,订单退费转入,340.00,工单系统流量套餐退款,2026-07-13 18:03:52,SYS,
olAFl61U8N8VFcjWwA8cXqnDq5h0,0.00,67492507395536	,用户提现,124.20,用户提现-退费单RF2026071317550812688,2026-07-13 17:55:35,用户提现,
olAFl65t5VlMS5OzJoeVG5fxGEWQ,0.00,67492538521098	,用户提现,64.50,用户提现-退费单RF2026071317543170262,2026-07-13 17:55:16,用户提现,
olAFl61U8N8VFcjWwA8cXqnDq5h0,124.20,67492507395536	,订单退费转入,124.20,系统处理工单时转移用户余额，订单号=WS2026050412490876328,2026-07-13 17:55:08,SYS,
olAFl65t5VlMS5OzJoeVG5fxGEWQ,64.50,67492538521098	,订单退费转入,64.50,系统处理工单时转移用户余额，订单号=WS2026011611131410978,2026-07-13 17:54:32,SYS,
olAFl67oIVENcWcUM4sojfNDEpk0,0.00,867061073645263	,用户提现,11.00,用户提现-退费单RF2026070703150721126,2026-07-13 17:53:26,用户提现,
olAFl64OnPPQ0xM2U8HENyEjNVIw,0.00,67862510033327	,用户提现,99.00,用户提现-退费单RF2026071015523992369,2026-07-13 17:53:20,用户提现,
olAFl655ekGHy1P5YIkaJT3sRums,0.00,69212536001260	,用户提现,160.10,用户提现-退费单RF2026071317405292331,2026-07-13 17:41:23,用户提现,
olAFl655ekGHy1P5YIkaJT3sRums,160.10,69212536001260	,订单退费转入,160.10,系统处理工单时转移用户余额，订单号=WS2026061820221924437,2026-07-13 17:40:53,SYS,
ojb7F2DIFAH-w_oHXsCWQ-3NUW_o,164.40,70032611015208	,订单退费转入,164.40,系统处理工单时转移用户余额，订单号=WS2026061520252842542,2026-07-13 17:24:22,SYS,
olAFl68bogpMCjTsPXXJ5_ctgDQk,0.00,67482448050266	,用户提现,71.70,用户提现-退费单RF2026071317225697176,2026-07-13 17:23:27,用户提现,
olAFl68bogpMCjTsPXXJ5_ctgDQk,71.70,67482448050266	,订单退费转入,71.70,系统处理工单时转移用户余额，订单号=WN2026042515504363747,2026-07-13 17:22:57,SYS,
olAFl64bhpjBvPdvDrzoMiwq1AGk,0.00,867061070011741	,用户提现,155.10,用户提现-退费单RF2026071317182563321,2026-07-13 17:18:45,用户提现,
olAFl64bhpjBvPdvDrzoMiwq1AGk,155.10,867061070011741	,订单退费转入,155.10,系统处理工单时转移用户余额，订单号=WS2026053114193635143,2026-07-13 17:18:26,SYS,
olAFl6xJO6HDzyzPZAAOlakRzbOk,29.00,67492610676028	,订单退费转入,29.00,工单系统流量套餐退款,2026-07-13 17:12:22,SYS,
olAFl6w04mK9WZDvlaWFkx55q4pc,0.00,67512535292795	,用户提现,131.20,用户提现-退费单RF2026071316390662142,2026-07-13 16:39:19,用户提现,
olAFl6w04mK9WZDvlaWFkx55q4pc,131.20,67512535292795	,订单退费转入,131.20,系统处理工单时转移用户余额，订单号=WS2026010819484118840,2026-07-13 16:39:07,SYS,
odELQ6gI2PPJwQ3k7K79wfYIB-Pc,0.00,67682453006935	,用户提现,40.20,用户提现-退费单RF2026071316035513283,2026-07-13 16:05:22,用户提现,
olAFl6yM0PaY09sFLZyoXRHbjkgY,19.90,67492552543341	,订单退费转入,19.90,工单系统流量套餐退款 本单会员价格20.00元，不能退款,2026-07-13 16:05:06,SYS,
odELQ6gI2PPJwQ3k7K79wfYIB-Pc,40.20,67682453006935	,订单退费转入,40.20,系统处理工单时转移用户余额，订单号=WN2026061113513447293,2026-07-13 16:03:55,SYS,
olAFl63KM7poVcZlRSzrGvzTpGJY,0.00,60912431168858	,用户提现,118.40,用户提现-退费单RF2026071315472111676,2026-07-13 15:47:46,用户提现,
olAFl63KM7poVcZlRSzrGvzTpGJY,118.40,60912431168858	,订单退费转入,118.40,系统处理工单时转移用户余额，订单号=WS2026050317545354359,2026-07-13 15:47:21,SYS,
olAFl6xmhj6uO1G4VteiMEoMpzlw,129.60,60912426126182	,订单退费转入,129.60,系统处理工单时转移用户余额，订单号=WS2026051216104195786,2026-07-13 15:47:09,SYS,
olAFl69LoGGLdNywBVmZup5P_NGs,54.00,68772550194704	,订单退费转入,54.00,系统处理工单时转移用户余额，订单号=WS2026011108245219372,2026-07-13 15:15:34,SYS,
olAFl67ix6pq-XDKlyk1JMOXK_Js,0.00,69212544099080	,用户提现,399.00,用户提现-退费单RF2026071310274499784,2026-07-13 14:53:02,用户提现,
olAFl60KGThG35r04n4Vcy3rFsuw,138.00,867061070199876	,订单退费转入,138.00,工单系统流量套餐退款 本单会员价格20.00元，不能退款,2026-07-13 14:44:37,SYS,
olAFl6xIWiaYUm8mi2L1M10HFsVM,0.00,864665065305497	,用户提现,6.00,用户提现-退费单RF2026052803151872560 微信退款失败：超期订单不允许退款,2026-07-13 14:35:49,用户提现,
ojb7F2CrJu_rY4fHu5MQWTmToOSA,117.00,69212552125964	,订单退费转入,117.00,工单系统流量套餐退款,2026-07-13 14:15:22,SYS,
ojb7F2FlA_DIG79WuI5tNP--DrDU,199.00,69212623244099	,订单退费转入,199.00,工单系统流量套餐退款,2026-07-13 14:14:40,SYS,
olAFl6zUkAOscRxpoZtXmFxOeqCk,0.00,67512535268770	,用户提现,82.00,用户提现-退费单RF2026070903151303812,2026-07-13 14:07:02,用户提现,
olAFl64EMTjQi1zD05dCXxshzCT8,0.00,58812351020451	,用户提现,361.00,用户提现-退费单RF2026071314035192857,2026-07-13 14:04:39,用户提现,
olAFl64EMTjQi1zD05dCXxshzCT8,361.00,58812351020451	,订单退费转入,361.00,工单系统流量套餐退款 本单会员价格20.00元，不能退款,2026-07-13 14:03:52,SYS,
olAFl6_vZuB3sIRaeazE9YyQ0SYA,0.00,67002509238589	,用户提现,100.30,用户提现-退费单RF2026071313410915130,2026-07-13 13:41:23,用户提现,
olAFl6_vZuB3sIRaeazE9YyQ0SYA,100.30,67002509238589	,订单退费转入,100.30,系统处理工单时转移用户余额，订单号=WS2026050719083948635,2026-07-13 13:41:09,SYS,
olAFl64w5TPSIcmrLLhWzVzNC378,0.00,68032536032714	,用户提现,74.30,用户提现-退费单RF2026052103153353666,2026-07-13 13:18:49,用户提现,
ojb7F2FJbInImRhmY0b7HRmJpq9c,0.00,70032621088229	,用户提现,399.00,用户提现-退费单RF2026071003154125376,2026-07-13 13:05:12,用户提现,
olAFl6_bEZL6vd-Ikn-cXFeaEB3s,0.00,864665064163400	,用户提现,171.20,用户提现-退费单RF2026061308121055958,2026-07-13 13:03:58,用户提现,
olAFl65PpdyekN2d0PYjFo2I9Ulw,0.00,68772520019320	,用户提现,29.00,用户提现-退费单RF2026070803150944037,2026-07-13 13:01:00,用户提现,
olAFl63Jit_8OYm0ZoSohc5bb8Qw,0.00,68772520020309	,用户提现,179.00,用户提现-退费单RF2026071003154123660,2026-07-13 12:36:43,用户提现,
olAFl6xAFVen7PTzDeGJhmLxLXxY,0.00,68032536036562	,用户提现,180.00,用户提现-退费单RF2026070818081546963,2026-07-13 12:36:31,用户提现,
olAFl69oLCf5v_zOIwzS5p4xlmms,70.30,70032621088489	,订单退费转入,70.30,系统处理工单时转移用户余额，订单号=WN2026062413075298525,2026-07-13 12:32:46,SYS,
olAFl6_62QC_7gBGTrzlNR4eDnww,0.00,68772539115850	,用户提现,69.40,用户提现-退费单RF2026071312200689045,2026-07-13 12:21:45,用户提现,
olAFl6_62QC_7gBGTrzlNR4eDnww,69.40,68772539115850	,订单退费转入,69.40,系统处理工单时转移用户余额，订单号=WN2025122509053180521,2026-07-13 12:20:07,SYS,
ojb7F2EYRekBdPNlqSkl0K-HN-Do,0.00,69212621215016	,用户提现,19.00,用户提现-退费单RF2026071021403154919,2026-07-13 12:19:35,用户提现,
ojb7F2N2djNY5-kxvobdGpVlhDiw,0.00,70032621091055	,用户提现,140.00,用户提现-退费单RF2026071311485282039,2026-07-13 11:54:16,用户提现,
ojb7F2N2djNY5-kxvobdGpVlhDiw,140.00,70032621091055	,订单退费转入,140.00,工单系统流量套餐退款,2026-07-13 11:48:53,SYS,
ojb7F2OQAao6w8VzH7wEqMkQD6Bg,54.00,69212621219257	,订单退费转入,54.00,系统处理工单时转移用户余额，订单号=WS2026062708171167899,2026-07-13 11:46:57,SYS,
olAFl61wc5VoUt5AcZ_QloD53IdM,0.00,68772604274763	,用户提现,54.00,用户提现-退费单RF2026071003153543349,2026-07-13 11:44:51,用户提现,
olAFl64D9PG5I65uR0m0hzDt8DGY,0.00,86132335064229	,用户提现,131.30,用户提现-退费单RF2026071303150547694 微信退款失败：当前商户号暂不能进行“资金付款类”相关业务操作，可前往“微信支付商家助手”小程序 >“业务受限处理”了解原因,2026-07-13 11:44:49,用户提现,
ojb7F2M1pyd6ckLoRZx-iYiR5RXY,0.00,67492609653436	,用户提现,29.00,用户提现-退费单RF2026071311080651669,2026-07-13 11:08:33,用户提现,
ojb7F2M1pyd6ckLoRZx-iYiR5RXY,29.00,67492609653436	,订单退费转入,29.00,工单系统流量套餐退款,2026-07-13 11:08:07,SYS,
olAFl66UraDIkJAEpH99MtiKgjG4,0.00,69212621222958	,用户提现,490.00,用户提现-退费单RF2026071310304427616,2026-07-13 10:31:09,用户提现,
olAFl66UraDIkJAEpH99MtiKgjG4,490.00,69212621222958	,订单退费转入,490.00,工单系统流量套餐退款,2026-07-13 10:30:44,SYS,
olAFl67ix6pq-XDKlyk1JMOXK_Js,399.00,69212544099080	,订单退费转入,399.00,工单系统流量套餐退款,2026-07-13 10:27:45,SYS,
olAFl63XgellzorUEPBk3gKs_FC4,0.00,67512517179554	,用户提现,20.30,用户提现-退费单RF2026070103150846697,2026-07-13 10:06:10,用户提现,
o2uAP6zgvwPNEOC8Y1cOH1NRh6m0,0.00,328814651	,用户提现,19.90,用户提现-退费单RF2026071222135407764,2026-07-13 09:50:44,用户提现,
olAFl6wAjB3LKsNciGUwLW9DQCrg,0.00,69212536010431	,用户提现,106.00,用户提现-退费单RF2026071309450349851,2026-07-13 09:45:41,用户提现,
olAFl6wAjB3LKsNciGUwLW9DQCrg,106.00,69212536010431	,订单退费转入,106.00,工单系统流量套餐退款,2026-07-13 09:45:04,SYS,
ojb7F2G13Pd4LFXEWjJMCvtu0ck0,0.00,69142620031621	,用户提现,94.00,用户提现-退费单RF2026071009144917864,2026-07-13 09:35:38,用户提现,
olAFl60C-crX_mtk46_2vEGBmWic,0.00,68932538033485	,用户提现,699.00,用户提现-退费单RF2026071309312848541,2026-07-13 09:31:59,用户提现,
olAFl60C-crX_mtk46_2vEGBmWic,699.00,68932538033485	,订单退费转入,699.00,工单系统流量套餐退款 本单会员价格20.00元，不能退款,2026-07-13 09:31:28,SYS,
olAFl6w2i3IwVnJ__mOjG17IjHbQ,199.00,69212552125979	,订单退费转入,199.00,工单系统流量套餐退款,2026-07-13 09:20:42,SYS,
ojb7F2F_2HF0RL0VRdUF5Tm6SrR4,0.00,70032621091736	,用户提现,425.00,用户提现-退费单RF2026071211263415188,2026-07-13 09:12:58,用户提现,
ojb7F2HtxdUgujZuokM50VlfLhUU,0.00,68772543141890	,用户提现,490.00,用户提现-退费单RF2026071303150449283,2026-07-13 09:12:09,用户提现,
olAFl662Ra6zGS731gY2NFOfMaKQ,124.00,68772538104821	,订单退费转入,124.00,工单系统流量套餐退款 本单会员价格20.00元，不能退款,2026-07-13 09:02:12,SYS,
olAFl62pju0ZFt_iIdtDwV_oXup8,0.00,35682253084588	,用户提现,180.00,用户提现-退费单RF2026071003151020440,2026-07-13 08:46:15,用户提现,
olAFl67rz0_sVct--J8iI2fzhLBs,0.00,68772543147689	,用户提现,71.20,用户提现-退费单RF2026062917575012893,2026-07-13 08:44:09,用户提现,
olAFl6wdVWio389B56SRRSNHwkkc,0.00,60912432189074	,用户提现,49.50,用户提现-退费单RF2026070203151533516,2026-07-13 08:20:36,用户提现,
olAFl6wdVWio389B56SRRSNHwkkc,49.50,60912432189074	,用户提现,160.00,用户提现-退费单RF2026070203151533870,2026-07-13 08:20:35,用户提现,
olAFl6-Nfevfb34JfA2pLzqRfxBo,0.00,68772612355367	,用户提现,380.00,用户提现-退费单RF2026071303150208878,2026-07-13 08:07:19,用户提现,
o4p3p67AXIK6OgtJlsWIJWBahFAU,39.00,866801080196730	,订单退费转入,39.00,工单系统审核退费单-套餐已作废/钱包已清零,2026-07-13 07:54:08,SYS,
ojb7F2EHzaO6DSLAKz7dfAcTVsj0,0.00,70032611013967	,用户提现,49.00,用户提现-退费单RF2026071307272692013,2026-07-13 07:27:54,用户提现,
ojb7F2EHzaO6DSLAKz7dfAcTVsj0,49.00,70032611013967	,订单退费转入,49.00,工单系统流量套餐退款,2026-07-13 07:27:27,SYS,
ojb7F2Gps2eqYp2fvD9yUa3Oo1FI,0.00,69212621215565	,用户提现,169.00,用户提现-退费单RF2026071113200791743,2026-07-13 07:18:51,用户提现,
o2uAP607b-a-7Dj-DK2PIpN3fsDo,219.00,328809145	,订单退费转入,219.00,工单系统流量套餐退款,2026-07-13 05:37:52,SYS,
olAFl69ElfC74i-pA2CtlOSMeBwo,0.00,70032611010596	,用户提现,171.20,用户提现-退费单RF2026070903150938084,2026-07-13 04:07:40,用户提现,
olAFl6-DmE7YfjEhUuOzVL3CTlSw,42.70,67492552547544	,订单退费转入,42.70,系统处理工单时转移用户余额，订单号=WS2026032709450069319,2026-07-13 03:15:05,SYS,
olAFl62WPzWFrU8my1uaHWDCLHz0,6.80,69212606159189	,订单退费转入,6.80,系统处理工单时转移用户余额，订单号=WS2026030612205959542,2026-07-13 03:15:05,SYS,
odELQ6uls-tFaIomSIcnqYfQ2N4s,29.90,68712522003221	,订单退费转入,29.90,工单系统流量套餐退款,2026-07-13 03:15:05,SYS,
ojb7F2Efb7QlYnTXu-PH7XJ-K-Qc,179.00,67482610414867	,订单退费转入,179.00,工单系统流量套餐退款 本单会员价格20.00元，不能退款,2026-07-13 03:15:05,SYS,
olAFl68mSvwpOuqjJnKD3Z3LfcuQ,84.00,60912431169628	,订单退费转入,84.00,系统处理工单时转移用户余额，订单号=WS2025093013174775684,2026-07-13 03:15:05,SYS,
olAFl61zcQHdVYfg7pVXhBIn50hk,6.30,67002447036228	,订单退费转入,6.30,工单系统审核退费单-套餐已作废/钱包已清零,2026-07-13 03:15:05,SYS,
olAFl66pLLtl8chQnXeOLhzr42Q0,180.00,69212621220770	,订单退费转入,180.00,系统处理工单时转移用户余额，订单号=WS2026062321304254021,2026-07-13 03:15:05,SYS,
olAFl66pLLtl8chQnXeOLhzr42Q0,194.00,69212621220770	,订单退费转入,14.00,系统处理工单时转移用户余额，订单号=WS2026062122002969049,2026-07-13 03:15:05,SYS,
olAFl62Y7BTZGz5nJMacoY9sDRJY,54.00,67512534246156	,订单退费转入,54.00,系统处理工单时转移用户余额，订单号=WS2026011500300241115,2026-07-13 03:15:05,SYS,
olAFl64D9PG5I65uR0m0hzDt8DGY,131.30,86132335064229	,订单退费转入,131.30,系统处理工单时转移用户余额，订单号=WS2026040611090323564,2026-07-13 03:15:05,SYS,
olAFl63SI7sUA7E_5GJKDYe4E3ag,54.00,68772538097656	,订单退费转入,54.00,系统处理工单时转移用户余额，订单号=WS2025111216572901729,2026-07-13 03:15:04,SYS,
olAFl6yDoEN42OuPk-KVzoWU9wDw,479.00,68772610296228	,订单退费转入,479.00,工单系统流量套餐退款,2026-07-13 03:15:04,SYS,
olAFl6wWXuhcqFXe3RkH1i0ol5XE,89.60,67492538503876	,订单退费转入,89.60,系统处理工单时转移用户余额，订单号=WS2025121920500084081,2026-07-13 03:15:04,SYS,
olAFl6-pelhVmSux_bidyIeSyVCI,29.00,68772513000126	,订单退费转入,29.00,工单系统流量套餐退款,2026-07-13 03:15:04,SYS,
olAFl64gsbDQOvW9SYFdpy6RfPks,68.80,67002509218544	,订单退费转入,68.80,系统处理工单时转移用户余额，订单号=WS2026032316484705612,2026-07-13 03:15:04,SYS,
olAFl62S3368-kqU0pZQnCVhUz_Q,29.00,68932606062248	,订单退费转入,29.00,工单系统审核退费单-套餐已作废/钱包已清零,2026-07-13 03:15:04,SYS,
olAFl63s6cqVZFquXvAspglcTOHk,10.00,69142529010688	,订单退费转入,10.00,工单系统流量套餐退款,2026-07-13 03:15:04,SYS,
olAFl64cfikq5UtVXZ-zEyEWsH3w,51.00,68772543147618	,订单退费转入,51.00,系统处理工单时转移用户余额，订单号=WS2026022820212019416,2026-07-13 03:15:04,SYS,
olAFl61Cwh_oRj5Yid6yKmCdeb-s,100.60,69212602132994	,订单退费转入,100.60,系统处理工单时转移用户余额，订单号=WS2026022310402866248,2026-07-13 03:15:04,SYS,
ojb7F2HtxdUgujZuokM50VlfLhUU,490.00,68772543141890	,订单退费转入,490.00,工单系统流量套餐退款,2026-07-13 03:15:04,SYS,
olAFl60rWyFIX4rTdkbEaLz6ltw8,105.40,67002440002724	,订单退费转入,105.40,系统处理工单时转移用户余额，订单号=WS2025120419140939071,2026-07-13 03:15:03,SYS,
olAFl6ysSs5ygU4TDJvWzBkjJgbg,110.20,67492517494068	,订单退费转入,110.20,系统处理工单时转移用户余额，订单号=WS2026051522573744360,2026-07-13 03:15:03,SYS,
olAFl65y62I-OGyuJX-haBCW2ymk,29.00,68772550199823	,订单退费转入,29.00,工单系统流量套餐退款,2026-07-13 03:15:03,SYS,
o2uAP62YrKyW_uavXsSfwy2fnaP4,559.00,328810982	,订单退费转入,559.00,工单系统审核退费单-套餐已作废/钱包已清零,2026-07-13 03:15:03,SYS,
olAFl6z0UxDWeNRzI5wuG2Xs8vZI,140.00,67482610423432	,订单退费转入,140.00,工单系统流量套餐退款,2026-07-13 03:15:03,SYS,
olAFl6_5c0yO4t0LvUXJLu5lWJ4M,69.00,864665069058522	,订单退费转入,69.00,工单系统流量套餐退款,2026-07-13 03:15:03,SYS,
olAFl69KfIQM1HcdbdP_NTF8tdBw,114.30,60912422112225	,订单退费转入,114.30,系统处理工单时转移用户余额，订单号=WS2026051123200413724,2026-07-13 03:15:03,SYS,
olAFl68YiEm_AtTbQ_XJPdt4B60Y,54.00,67862539050345	,订单退费转入,54.00,工单系统审核退费单-套餐已作废/钱包已清零,2026-07-13 03:15:02,SYS,
olAFl6x0Qi18WW5bsuY2DFIqC_yw,86.00,69212621220370	,订单退费转入,86.00,系统处理工单时转移用户余额，订单号=WS2026062119105319598,2026-07-13 03:15:02,SYS,
olAFl6-Q9eth4p5_2p1hTqfhbV-k,156.00,69212621222248	,订单退费转入,156.00,系统处理工单时转移用户余额，订单号=WS2026062018495966173,2026-07-13 03:15:02,SYS,
olAFl6yQdWFjzrJXrBl9_rJvhX-k,174.20,67482504303590	,订单退费转入,174.20,系统处理工单时转移用户余额，订单号=WS2026052910155484094,2026-07-13 03:15:02,SYS,
ojb7F2NBcUsFJRQwZoZCF-SCPt-U,143.00,70032617032561	,订单退费转入,143.00,工单系统流量套餐退款 本单会员价格20.00元，不能退款,2026-07-13 03:15:02,SYS,
olAFl6-Nfevfb34JfA2pLzqRfxBo,380.00,68772612355367	,订单退费转入,380.00,工单系统流量套餐退款,2026-07-13 03:15:02,SYS,
olAFl6-1NQ1dG7E4zXIKdlKaAXzQ,0.00,67492538504264	,用户提现,204.80,用户提现-退费单RF2026071222305346586,2026-07-12 22:32:19,用户提现,
olAFl6-1NQ1dG7E4zXIKdlKaAXzQ,204.80,67492538504264	,用户提现,160.00,用户提现-退费单RF2026071222305347174,2026-07-12 22:32:18,用户提现,
olAFl6-1NQ1dG7E4zXIKdlKaAXzQ,260.00,67492538504264	,订单退费转入,260.00,系统处理工单时转移用户余额，订单号=WS2026021814391148541,2026-07-12 22:30:53,SYS,
olAFl6-1NQ1dG7E4zXIKdlKaAXzQ,364.80,67492538504264	,订单退费转入,104.80,系统处理工单时转移用户余额，订单号=WS2025101315413169648,2026-07-12 22:30:53,SYS,
olAFl67mJHFo9d6TOfPiFs16DaVQ,36.40,68772528057306	,订单退费转入,36.40,系统处理工单时转移用户余额，订单号=WS2025090421021267192,2026-07-12 22:20:50,SYS,
ojb7F2B3W_6IV5GOdcVlm8oXHeNI,0.00,68772547167089	,用户提现,39.00,用户提现-退费单RF2026071222155359139,2026-07-12 22:16:21,用户提现,
ojb7F2B3W_6IV5GOdcVlm8oXHeNI,39.00,68772547167089	,订单退费转入,39.00,工单系统流量套餐退款,2026-07-12 22:15:54,SYS,
o2uAP6zgvwPNEOC8Y1cOH1NRh6m0,19.90,328814651	,订单退费转入,19.90,工单系统流量套餐退款,2026-07-12 22:13:54,SYS,
olAFl65cgapuMLGl59imyZRzGKh0,0.00,67492609648173	,用户提现,33.80,用户提现-退费单RF2026071220202338222,2026-07-12 22:11:51,用户提现,
ojb7F2Kru6mYChIuABsKnjcfHOtU,0.00,70032617030057	,用户提现,142.20,用户提现-退费单RF2026071221041127633,2026-07-12 21:21:42,用户提现,
ojb7F2Kru6mYChIuABsKnjcfHOtU,142.20,70032617030057	,订单退费转入,142.20,系统处理工单时转移用户余额，订单号=WS2026070813063482438,2026-07-12 21:04:11,SYS,
ojb7F2JrhokBU56Yv6_DevSUkbSc,0.00,70032617035948	,用户提现,61.20,用户提现-退费单RF2026071218445340293,2026-07-12 20:20:50,用户提现,
olAFl65cgapuMLGl59imyZRzGKh0,33.80,67492609648173	,订单退费转入,33.80,系统处理工单时转移用户余额，订单号=WS2026042319304240741,2026-07-12 20:20:23,SYS,
olAFl645X8Ix7UV76CSHhuw8JIws,179.00,63272416026488	,订单退费转入,179.00,工单系统流量套餐退款,2026-07-12 19:50:45,SYS,
olAFl64Hk3ANw-3OFrm_PHRh0jGM,138.00,67512525197420	,订单退费转入,138.00,工单系统流量套餐退款 本单会员价格20.00元，不能退款,2026-07-12 19:43:47,SYS,
olAFl65pOgMKlPZQEpIy44eQfpqI,0.00,864665069566987	,用户提现,179.80,用户提现-退费单RF2026071003155313448,2026-07-12 19:30:44,用户提现,
olAFl65NF4NwZU1Ttc_l5e8b0xTg,0.00,69142529011951	,用户提现,155.10,用户提现-退费单RF2026071219144525952,2026-07-12 19:15:20,用户提现,
olAFl65NF4NwZU1Ttc_l5e8b0xTg,155.10,69142529011951	,订单退费转入,155.10,系统处理工单时转移用户余额，订单号=WS2026062912050491276,2026-07-12 19:14:45,SYS,
olAFl66Zinwwj2dA1T4pHbLB-hYM,0.00,68772537092300	,用户提现,142.00,用户提现-退费单RF2026070903150907493,2026-07-12 18:58:19,用户提现,
olAFl6_D605Xf1_1rpxI4szYMVHY,0.00,67002509241839	,用户提现,112.30,用户提现-退费单RF2026071218542964792,2026-07-12 18:54:48,用户提现,
olAFl6_D605Xf1_1rpxI4szYMVHY,112.30,67002509241839	,订单退费转入,112.30,系统处理工单时转移用户余额，订单号=WS2026042822000127279,2026-07-12 18:54:30,SYS,
olAFl66oJurcpSlDe5HkmxTNz2VY,0.00,68772520020395	,用户提现,141.90,用户提现-退费单RF2026071218512040672,2026-07-12 18:53:28,用户提现,
olAFl66oJurcpSlDe5HkmxTNz2VY,141.90,68772520020395	,订单退费转入,141.90,系统处理工单时转移用户余额，订单号=WS2026051320065921756,2026-07-12 18:51:20,SYS,
ojb7F2JrhokBU56Yv6_DevSUkbSc,61.20,70032617035948	,订单退费转入,61.20,系统处理工单时转移用户余额，订单号=WN2026071017165436216,2026-07-12 18:44:53,SYS,
ojb7F2M4TwkM96gyc7C2Ogq8BWqA,0.00,70032621089801	,用户提现,142.20,用户提现-退费单RF2026071118302203336,2026-07-12 18:42:30,用户提现,
olAFl6yYRTDSN6-JvSw9mzVCmLiI,0.00,68772602228747	,用户提现,63.20,用户提现-退费单RF2026071218210987270,2026-07-12 18:21:50,用户提现,
olAFl6yYRTDSN6-JvSw9mzVCmLiI,63.20,68772602228747	,订单退费转入,63.20,系统处理工单时转移用户余额，订单号=WS2026012917550039269,2026-07-12 18:21:10,SYS,
ojb7F2IggsNK-9oxeyDC9xstKtuQ,0.00,69212621217920	,用户提现,39.90,用户提现-退费单RF2026071211373608485,2026-07-12 17:57:04,用户提现,
olAFl67iVGBaPVKj_bQPLD2m_2fY,0.00,68772543147309	,用户提现,2.80,用户提现-退费单RF2026071108202382250,2026-07-12 17:47:15,用户提现,
ojb7F2FFc8KlmKS1IKsgM9bIDIlw,0.00,69212621214905	,用户提现,420.00,用户提现-退费单RF2026071216523507347,2026-07-12 17:36:25,用户提现,
olAFl60KViM-NEIs7_-mLSjzYheg,69.60,86132347124867	,订单退费转入,69.60,系统处理工单时转移用户余额，订单号=WS2025122520170971231,2026-07-12 17:05:09,SYS,
olAFl64BCTyIb6hJ8JURHg-IqTr4,0.00,67512535289076	,用户提现,60.20,用户提现-退费单RF2026071216233095398,2026-07-12 17:01:42,用户提现,
olAFl666-RscgCvn6SIRCipwwfVY,0.00,70032617034907	,用户提现,120.00,用户提现-退费单RF2026071216273010015,2026-07-12 17:00:41,用户提现,
ojb7F2FFc8KlmKS1IKsgM9bIDIlw,420.00,69212621214905	,订单退费转入,420.00,工单系统流量套餐退款,2026-07-12 16:52:35,SYS,
ojb7F2MyskjMpO6J-aw0oRDLuQ5s,0.00,67482610416624	,用户提现,324.20,用户提现-退费单RF2026071216315588191,2026-07-12 16:32:53,用户提现,
ojb7F2MyskjMpO6J-aw0oRDLuQ5s,324.20,67482610416624	,订单退费转入,324.20,工单系统流量套餐退款 本单会员价格20.00元，不能退款,2026-07-12 16:31:56,SYS,
olAFl666-RscgCvn6SIRCipwwfVY,120.00,70032617034907	,订单退费转入,120.00,工单系统流量套餐退款 本单会员价格20.00元，不能退款,2026-07-12 16:27:30,SYS,
olAFl631xaFOhCD7UuPj0GWP2UOU,0.00,69212606156370	,用户提现,182.00,用户提现-退费单RF2026071216085780488,2026-07-12 16:24:20,用户提现,
olAFl64BCTyIb6hJ8JURHg-IqTr4,60.20,67512535289076	,订单退费转入,60.20,系统处理工单时转移用户余额，订单号=WS2025110120522083068,2026-07-12 16:23:31,SYS,
ojb7F2O0gsVYorrA8kPTmtDYWis8,0.00,70032617028040	,用户提现,74.00,用户提现-退费单RF2026071216210198311,2026-07-12 16:21:59,用户提现,
ojb7F2O0gsVYorrA8kPTmtDYWis8,74.00,70032617028040	,订单退费转入,74.00,系统处理工单时转移用户余额，订单号=WS2026060705181993054,2026-07-12 16:21:02,SYS,
o2uAP68npQsaSoxJRxe2wAZDYbVA,0.00,328813861	,用户提现,169.00,用户提现-退费单RF2026071216125910328,2026-07-12 16:13:21,用户提现,
o2uAP68npQsaSoxJRxe2wAZDYbVA,169.00,328813861	,订单退费转入,169.00,工单系统流量套餐退款,2026-07-12 16:12:59,SYS,
olAFl631xaFOhCD7UuPj0GWP2UOU,182.00,69212606156370	,订单退费转入,182.00,工单系统流量套餐退款,2026-07-12 16:08:58,SYS,
olAFl60IhsumwA8Xw27d7B7PpMZo,0.00,68772547167927	,用户提现,155.30,用户提现-退费单RF2026071215562363277,2026-07-12 15:57:29,用户提现,
olAFl60IhsumwA8Xw27d7B7PpMZo,155.30,68772547167927	,订单退费转入,155.30,系统处理工单时转移用户余额，订单号=WS2026062017585096032,2026-07-12 15:56:24,SYS,
olAFl66hAANS79pWsDy0vvEccnu4,0.00,864665067452057	,用户提现,50.30,用户提现-退费单RF2026071214040821933,2026-07-12 14:04:45,用户提现,
olAFl66hAANS79pWsDy0vvEccnu4,50.30,864665067452057	,订单退费转入,50.30,系统处理工单时转移用户余额，订单号=WN2026030421153757688,2026-07-12 14:04:08,SYS,
olAFl66Z34ANrnzLoGS77Elm71rw,154.00,68772550178319	,订单退费转入,154.00,系统处理工单时转移用户余额，订单号=WS2026010420022795746,2026-07-12 13:47:50,SYS,
olAFl66ZPbb_RYWwXOh3ZUxM-m_M,0.00,69142529004390	,用户提现,54.00,用户提现-退费单RF2026070803151538279,2026-07-12 13:10:14,用户提现,
olAFl61Mi6npq0WWrOyFlLOZUJ-8,0.00,69212544101177	,用户提现,75.50,用户提现-退费单RF2026071212450016041,2026-07-12 12:46:58,用户提现,
olAFl61Mi6npq0WWrOyFlLOZUJ-8,75.50,69212544101177	,订单退费转入,75.50,系统处理工单时转移用户余额，订单号=WS2026031420074740284,2026-07-12 12:45:00,SYS,
olAFl6xzrq5ZfVq4ZSeCFenB6UGc,0.00,60912432185721	,用户提现,69.00,用户提现-退费单RF2026071212181990524,2026-07-12 12:18:40,用户提现,
olAFl6xzrq5ZfVq4ZSeCFenB6UGc,69.00,60912432185721	,订单退费转入,69.00,工单系统流量套餐退款,2026-07-12 12:18:20,SYS,
ojb7F2K61hxpMg179Wu_5spdXn4k,0.00,67492609649130	,用户提现,188.00,用户提现-退费单RF2026071211394570410,2026-07-12 11:40:16,用户提现,
ojb7F2K61hxpMg179Wu_5spdXn4k,188.00,67492609649130	,订单退费转入,188.00,工单系统流量套餐退款,2026-07-12 11:39:46,SYS,
ojb7F2IggsNK-9oxeyDC9xstKtuQ,39.90,69212621217920	,订单退费转入,39.90,工单系统流量套餐退款,2026-07-12 11:37:36,SYS,
olAFl69O0dM3eFhq7lwtVSzAJl7s,0.00,67482504273155	,用户提现,106.30,用户提现-退费单RF2026071211202514540,2026-07-12 11:35:15,用户提现,
olAFl685uF57nJvcYix9APe_49cE,0.00,68772550201056	,用户提现,82.00,用户提现-退费单RF2026071003153950123,2026-07-12 11:34:22,用户提现,
ojb7F2F_2HF0RL0VRdUF5Tm6SrR4,425.00,70032621091736	,订单退费转入,425.00,工单系统流量套餐退款 本单会员价格20.00元，不能退款,2026-07-12 11:26:34,SYS,
odELQ6vt3lli56dnAhHTfBBMkhck,0.00,67682509013726	,用户提现,130.10,用户提现-退费单RF2026071210163224918,2026-07-12 11:22:27,用户提现,
olAFl69O0dM3eFhq7lwtVSzAJl7s,106.30,67482504273155	,订单退费转入,106.30,系统处理工单时转移用户余额，订单号=WS2026041922095060122,2026-07-12 11:20:25,SYS,
olAFl6zp57hkYl4Z-eiDpkeVIkaM,0.00,67492552542986	,用户提现,134.00,用户提现-退费单RF2026070921560643943,2026-07-12 11:18:29,用户提现,
olAFl62q1nosBiecS6YUbCuEzME8,0.00,67492538503624	,用户提现,189.00,用户提现-退费单RF2026071209382125540,2026-07-12 10:36:19,用户提现,
olAFl65LnbL5E6mF_mWqX8zVXkTg,0.00,67482504272890	,用户提现,46.60,用户提现-退费单RF2026071210174856911,2026-07-12 10:18:23,用户提现,
olAFl65LnbL5E6mF_mWqX8zVXkTg,46.60,67482504272890	,订单退费转入,46.60,系统处理工单时转移用户余额，订单号=WS2026041911191630042,2026-07-12 10:17:49,SYS,
odELQ6vt3lli56dnAhHTfBBMkhck,130.10,67682509013726	,订单退费转入,130.10,系统处理工单时转移用户余额，订单号=WS2026070100094946859,2026-07-12 10:16:32,SYS,
olAFl69MlJt1zvPZ_5_F8F5oXYI4,0.00,67512525200528	,用户提现,153.50,用户提现-退费单RF2026071008302938364,2026-07-12 10:06:00,用户提现,
olAFl6z-Vk7c6H28lGOg_GPHjEiM,0.00,68772602229221	,用户提现,100.00,用户提现-退费单RF2026071209512492218,2026-07-12 09:51:57,用户提现,
olAFl6z-Vk7c6H28lGOg_GPHjEiM,100.00,68772602229221	,订单退费转入,100.00,系统处理工单时转移用户余额，订单号=WN2026070120111679456,2026-07-12 09:51:25,SYS,
olAFl62q1nosBiecS6YUbCuEzME8,189.00,67492538503624	,订单退费转入,189.00,工单系统流量套餐退款 本单会员价格20.00元，不能退款,2026-07-12 09:38:21,SYS,
olAFl60thLr3QSXagAK8l3RxTWCU,168.00,864665071569136	,订单退费转入,168.00,工单系统流量套餐退款 本单会员价格20.00元，不能退款,2026-07-12 08:54:44,SYS,
ojb7F2LBzgGJfNeQfXqV3gyNU4cQ,0.00,69142620029724	,用户提现,340.00,用户提现-退费单RF2026070909230909224,2026-07-12 08:42:14,用户提现,
olAFl6z8amDAU3UWvM3kZVQxxRUo,0.00,67512535262096	,用户提现,64.80,用户提现-退费单RF2026070703151694818 微信退款失败：当前商户号暂不能进行“资金付款类”相关业务操作，可前往“微信支付商家助手”小程序 >“业务受限处理”了解原因,2026-07-12 06:50:43,用户提现,
olAFl6yWXz753mjupzatnh4UIS84,0.00,67492507394257	,用户提现,150.00,用户提现-退费单RF2026070703150804235,2026-07-12 06:15:08,用户提现,
olAFl69SGKSg8RF7gHb6HiQxfxF4,0.00,68772539115580	,用户提现,101.10,用户提现-退费单RF2026071204071508374,2026-07-12 04:07:57,用户提现,
olAFl69SGKSg8RF7gHb6HiQxfxF4,101.10,68772539115580	,订单退费转入,101.10,系统处理工单时转移用户余额，订单号=WS2025122923124982394,2026-07-12 04:07:15,SYS,
olAFl61ZH3dyWDR0RYYgYB3ofkOk,0.00,67002453140021	,用户提现,117.50,用户提现-退费单RF2026071203311825976,2026-07-12 03:31:55,用户提现,
olAFl61ZH3dyWDR0RYYgYB3ofkOk,117.50,67002453140021	,订单退费转入,117.50,系统处理工单时转移用户余额，订单号=WS2026061607514731138,2026-07-12 03:31:18,SYS,
ojb7F2J9Y1fsVb3-rpzaCEIC1I1I,0.00,67492610673526	,用户提现,399.00,用户提现-退费单RF2026071203053444852,2026-07-12 03:14:49,用户提现,
ojb7F2J9Y1fsVb3-rpzaCEIC1I1I,399.00,67492610673526	,订单退费转入,399.00,工单系统流量套餐退款,2026-07-12 03:05:34,SYS,
olAFl688Tm4cLdncIYZvJ8sRLumU,0.00,60912411005991	,用户提现,60.50,用户提现-退费单RF2026071201411756963,2026-07-12 02:52:52,用户提现,
olAFl688Tm4cLdncIYZvJ8sRLumU,60.50,60912411005991	,订单退费转入,60.50,系统处理工单时转移用户余额，订单号=WS2025122915014709765,2026-07-12 01:41:18,SYS,
olAFl69Za1088beFtS7a3wr7CMAc,0.00,69212537029446	,用户提现,120.20,用户提现-退费单RF2026071003152169048,2026-07-11 23:43:57,用户提现,
olAFl6-V16kbHyZhkXPQcH8z0IQc,0.00,69142529006625	,用户提现,76.00,用户提现-退费单RF2026071123270575478 微信退款失败：工单系统流量套餐退款,2026-07-11 23:38:35,用户提现,
olAFl6-V16kbHyZhkXPQcH8z0IQc,76.00,69142529006625	,订单退费转入,76.00,工单系统流量套餐退款,2026-07-11 23:27:06,SYS,
olAFl62iPw-EJy-uCnP_gczR54vo,0.00,67512440001859	,用户提现,163.10,用户提现-退费单RF2026071123180421693,2026-07-11 23:18:39,用户提现,
olAFl62iPw-EJy-uCnP_gczR54vo,163.10,67512440001859	,订单退费转入,163.10,系统处理工单时转移用户余额，订单号=WS2026062022122929855,2026-07-11 23:18:04,SYS,
olAFl6w82e4zX0pl1Hexbw-LaQ_0,0.00,69212612182214	,用户提现,162.40,用户提现-退费单RF2026070303152754461,2026-07-11 23:15:18,用户提现,
olAFl6_0xgQtLto7dA818SIueDxQ,0.00,69212537028987	,用户提现,179.00,用户提现-退费单RF2026050515504564,2026-07-11 22:56:12,用户提现,
olAFl614OP0bWdJqR__KmAmHAyTs,0.00,67482449086176	,用户提现,15.30,用户提现-退费单RF2026071003154916282,2026-07-11 22:46:24,用户提现,
olAFl64Y1yXuX4xlQy0oF0U1a4lQ,0.00,60912414051815	,用户提现,28.90,用户提现-退费单RF2026071122390396397,2026-07-11 22:41:08,用户提现,
olAFl64Y1yXuX4xlQy0oF0U1a4lQ,28.90,60912414051815	,订单退费转入,28.90,系统处理工单时转移用户余额，订单号=WS2026020901322348761,2026-07-11 22:39:04,SYS,
ojb7F2AC5cg1Ja2CPi6UZAFGq7cc,0.00,69142620027833	,用户提现,379.00,用户提现-退费单RF2026070910362798610,2026-07-11 22:33:14,用户提现,
olAFl6yPCWKSOdIjPotsd8gGA9IA,3.00,68772602220304	,订单退费转入,3.00,工单系统流量套餐退款 组合支付：微信退费 3.00,2026-07-11 22:25:33,SYS,
ojb7F2OkL4x-qLZgW1_I98AhOE3E,0.00,67492602582110	,用户提现,19.00,用户提现-退费单RF2026071122105220767,2026-07-11 22:14:12,用户提现,
olAFl6yti8XUeoQdjKAdeJfQY7-E,146.00,67512525202201	,订单退费转入,146.00,工单系统流量套餐退款 本单会员价格20.00元，不能退款,2026-07-11 22:13:35,SYS,
ojb7F2OkL4x-qLZgW1_I98AhOE3E,19.00,67492602582110	,订单退费转入,19.00,工单系统流量套餐退款,2026-07-11 22:10:52,SYS,
olAFl6wTJgTh6offvenB50rqaEHk,0.00,67492445319178	,用户提现,99.00,用户提现-退费单RF2026071121554630378,2026-07-11 21:56:42,用户提现,
olAFl6wTJgTh6offvenB50rqaEHk,99.00,67492445319178	,订单退费转入,99.00,工单系统流量套餐退款,2026-07-11 21:55:46,SYS,
olAFl6_JebFfxNbZminRO3a5F5GI,0.00,67482448051103	,用户提现,113.30,用户提现-退费单RF2026071003153726431,2026-07-11 21:52:47,用户提现,
olAFl67ScMDWR9ayRosAiGxQGR0g,0.00,68772602216037	,用户提现,66.00,用户提现-退费单RF2026071121454758082,2026-07-11 21:47:21,用户提现,
olAFl67ScMDWR9ayRosAiGxQGR0g,66.00,68772602216037	,订单退费转入,66.00,系统处理工单时转移用户余额，订单号=WS2026022516224570042,2026-07-11 21:45:48,SYS,
olAFl6xLW9xxlQFjPl7Fwuc1YleA,0.00,	,系统扣费,64.40,用户无可退退费单，钱包清零,2026-07-11 21:28:35,SYS,
ojb7F2CQrqeYWM7cC1D7-ARRTNyw,0.00,69142621045238	,用户提现,74.00,用户提现-退费单RF2026071121220737645,2026-07-11 21:26:46,用户提现,
ojb7F2CQrqeYWM7cC1D7-ARRTNyw,74.00,69142621045238	,订单退费转入,74.00,系统处理工单时转移用户余额，订单号=WS2026071118464355612,2026-07-11 21:22:07,SYS,
ojb7F2HyGIHq-3KN2oSo5T7m8QM8,0.00,68772612320662	,用户提现,223.00,用户提现-退费单RF2026071107013610867,2026-07-11 21:16:30,用户提现,
olAFl63I_NrsZwN1Ri_ke6NLHVJ4,35.60,68772538096172	,订单退费转入,35.60,系统处理工单时转移用户余额，订单号=WS2026042121095031795,2026-07-11 21:09:53,SYS,
olAFl6xosERYebs2I3AjVafzCrtc,0.00,69212621215366	,用户提现,19.00,用户提现-退费单RF2026071003150615825,2026-07-11 20:26:05,用户提现,
olAFl6zHV3CRlbwmQO6lYS8Cd-SA,0.00,69212612185121	,用户提现,420.00,用户提现-退费单RF2026071120231309092,2026-07-11 20:25:06,用户提现,
olAFl6zHV3CRlbwmQO6lYS8Cd-SA,420.00,69212612185121	,订单退费转入,420.00,工单系统流量套餐退款 本单会员价格20.00元，不能退款,2026-07-11 20:23:13,SYS,
olAFl6-_IxALnkL6nhbhppCpy6mo,0.00,67512534237179	,用户提现,599.00,用户提现-退费单RF2026071003154521772,2026-07-11 19:59:57,用户提现,
olAFl6-hX_qjUgW97kUqoeDNxulQ,0.00,67002447022969	,用户提现,479.00,用户提现-退费单RF2026071022511095240,2026-07-11 19:57:11,用户提现,
ojb7F2M6OOpvKZ8nayVVyog7otjA,0.00,69212621226137	,用户提现,58.00,用户提现-退费单RF2026070722421836086,2026-07-11 19:53:49,用户提现,
o2uAP67J9IfweCZKgjgrKXWNb-E4,0.00,328814642	,用户提现,29.90,用户提现-退费单RF2026071118250623819,2026-07-11 19:50:01,用户提现,
olAFl656lM8J-_3sM2iRxng_8Eiw,0.00,69212621222154	,用户提现,465.00,用户提现-退费单RF2026070418244693979,2026-07-11 19:27:54,用户提现,
olAFl656lM8J-_3sM2iRxng_8Eiw,465.00,69212621222154	,订单退费转入,465.00,工单系统审核退费单-套餐已作废/钱包已清零,2026-07-11 19:27:24,SYS,
olAFl632iPyb1FFkUXFY0-R9DWYU,0.00,68772612356389	,用户提现,121.20,用户提现-退费单RF2026071118545616519,2026-07-11 18:56:31,用户提现,
olAFl632iPyb1FFkUXFY0-R9DWYU,121.20,68772612356389	,订单退费转入,121.20,系统处理工单时转移用户余额，订单号=WS2026070717373053030,2026-07-11 18:54:56,SYS,
olAFl69X_bktVX_GMYjOnK7ijMKI,0.00,67512525196232	,用户提现,49.20,用户提现-退费单RF2026070303153531770,2026-07-11 18:54:36,用户提现,
olAFl6_N8O3Had5fa6uoY_5pfwzM,0.00,67492453370692	,用户提现,162.50,用户提现-退费单RF2026071118363052289,2026-07-11 18:40:10,用户提现,
olAFl6_N8O3Had5fa6uoY_5pfwzM,162.50,67492453370692	,订单退费转入,162.50,系统处理工单时转移用户余额，订单号=WS2026052802482006338,2026-07-11 18:36:31,SYS,
ojb7F2M4TwkM96gyc7C2Ogq8BWqA,142.20,70032621089801	,订单退费转入,142.20,系统处理工单时转移用户余额，订单号=WS2026063011280104961,2026-07-11 18:30:22,SYS,
o2uAP67J9IfweCZKgjgrKXWNb-E4,29.90,328814642	,订单退费转入,29.90,工单系统流量套餐退款,2026-07-11 18:25:06,SYS,
olAFl6320hD3v98CrUCN-SgtJud0,0.00,86132405192122	,用户提现,51.00,用户提现-退费单RF2026071118212339922,2026-07-11 18:22:03,用户提现,
olAFl6320hD3v98CrUCN-SgtJud0,51.00,86132405192122	,订单退费转入,51.00,系统处理工单时转移用户余额，订单号=WN2026070719215433339,2026-07-11 18:21:23,SYS,
olAFl6y4halqKpxpQD21Q7VOyEpU,0.00,60912431166867	,用户提现,160.20,用户提现-退费单RF2026061614445072776,2026-07-11 17:59:47,用户提现,
olAFl60sKzqPVb3Mroi3C7dpZlZY,0.00,70032617032873	,用户提现,165.00,用户提现-退费单RF2026071117445929625,2026-07-11 17:50:05,用户提现,
o2uAP68vYN_aCqU4zvUFOBl843aE,0.00,90461468	,用户提现,49.00,用户提现-退费单RF2026071117433119326,2026-07-11 17:47:41,用户提现,
olAFl60sKzqPVb3Mroi3C7dpZlZY,165.00,70032617032873	,订单退费转入,165.00,工单系统流量套餐退款,2026-07-11 17:44:59,SYS,
o2uAP68vYN_aCqU4zvUFOBl843aE,49.00,90461468	,订单退费转入,49.00,工单系统流量套餐退款,2026-07-11 17:43:31,SYS,
odELQ6vy02v3BbxnsC-Sj0mZwfYI,0.00,68832532006098	,用户提现,159.00,用户提现-退费单RF2026071117363585471,2026-07-11 17:37:02,用户提现,
odELQ6vy02v3BbxnsC-Sj0mZwfYI,159.00,68832532006098	,订单退费转入,159.00,工单系统流量套餐退款,2026-07-11 17:36:36,SYS,
olAFl698anKOsj7Srcqn5XPVGX1Q,0.00,60992437013834	,用户提现,9.60,用户提现-退费单RF2026071116503703735,2026-07-11 16:50:59,用户提现,
olAFl698anKOsj7Srcqn5XPVGX1Q,9.60,60992437013834	,订单退费转入,9.60,系统处理工单时转移用户余额，订单号=WN2026011022060085629,2026-07-11 16:50:37,SYS,
olAFl60b8cayl8_HTKip9ZcgJaxs,0.00,67512535271383	,用户提现,54.00,用户提现-退费单RF2026071116172848155,2026-07-11 16:18:28,用户提现,
olAFl60b8cayl8_HTKip9ZcgJaxs,54.00,67512535271383	,订单退费转入,54.00,系统处理工单时转移用户余额，订单号=WS2025103109455568077,2026-07-11 16:17:28,SYS,
olAFl6w9iVoN14Q926Ut8nwVMXs4,0.00,68052517043177	,用户提现,320.00,用户提现-退费单RF2026071116053455719,2026-07-11 16:10:19,用户提现,
ojb7F2LPgiZp5L055bJFpgfrwBVU,0.00,70032617027964	,用户提现,100.00,用户提现-退费单RF2026071116044203365,2026-07-11 16:06:06,用户提现,
olAFl6w9iVoN14Q926Ut8nwVMXs4,320.00,68052517043177	,订单退费转入,320.00,系统处理工单时转移用户余额，订单号=WS2026071114385717012,2026-07-11 16:05:35,SYS,
ojb7F2LPgiZp5L055bJFpgfrwBVU,100.00,70032617027964	,订单退费转入,100.00,系统处理工单时转移用户余额，订单号=WN2026063022545720239,2026-07-11 16:04:42,SYS,
olAFl68KHa7sQj2x8-LMpBc_CnV8,0.00,70032617032697	,用户提现,152.20,用户提现-退费单RF2026071115545782689,2026-07-11 15:55:17,用户提现,
olAFl68KHa7sQj2x8-LMpBc_CnV8,152.20,70032617032697	,订单退费转入,152.20,系统处理工单时转移用户余额，订单号=WS2026062416115502365,2026-07-11 15:54:58,SYS,
olAFl69hABleu5Ni8ZzCmEgYRw6w,0.00,69212536002238	,用户提现,8.40,用户提现-退费单RF2026062516443652785,2026-07-11 15:32:52,用户提现,
olAFl6-D6E_0ucKxmGfsDCDx-6mw,0.00,67512525222253	,用户提现,9.90,用户提现-退费单RF2026071108363643961,2026-07-11 15:25:02,用户提现,
olAFl65-eTrEwsCYniQl5NmsrWo0,0.00,68772550200572	,用户提现,134.00,用户提现-退费单RF2026071003152951119,2026-07-11 15:22:44,用户提现,
olAFl6_0tnYmAFXREFSqybgKQ_CI,1.00,68772610304891	,订单退费转入,1.00,工单系统流量套餐退款,2026-07-11 15:19:12,SYS,
olAFl6-aYE469Us9tl_K4xmFUfLw,0.00,69212621217243	,用户提现,89.00,用户提现-退费单RF2026071100131134161 微信退款失败：工单系统流量套餐退款,2026-07-11 15:11:48,用户提现,
olAFl6wnAnJChGVAsY-fKI1064fo,0.00,67002509207050	,用户提现,81.20,用户提现-退费单RF2026070819105702128,2026-07-11 15:07:56,用户提现,
olAFl64Ccc1hFtEJOPSgjcS4qR8I,0.00,67512534241632	,用户提现,42.80,用户提现-退费单RF2026071108590163644,2026-07-11 14:54:52,用户提现,
olAFl65F4XRZ9CcTyp9YpdmHrkhU,143.00,68772550176479	,订单退费转入,143.00,工单系统流量套餐退款 本单会员价格20.00元，不能退款,2026-07-11 14:53:55,SYS,
olAFl63rqoRiDqAVF04X0dYY7G_E,0.00,67912450009397	,用户提现,117.30,用户提现-退费单RF2026070815070484324,2026-07-11 14:44:51,用户提现,
ojb7F2IfRfM9PjsxD4pvrxNIde6k,109.00,67492609650708	,订单退费转入,109.00,工单系统流量套餐退款,2026-07-11 14:37:17,SYS,
olAFl65j0YvywEGHcEJD0bjMVsyM,179.00,67492609655229	,订单退费转入,179.00,工单系统流量套餐退款,2026-07-11 14:32:04,SYS,
olAFl6-w4zD7ZiWmSqSa1HnsY94w,0.00,864665068125215	,用户提现,106.00,用户提现-退费单RF2026070712302486024,2026-07-11 14:30:34,用户提现,
olAFl66MwF4Hsif68LzJs8U4_KO0,0.00,68032504007287	,用户提现,40.80,用户提现-退费单RF2026071113503631764,2026-07-11 13:51:28,用户提现,
olAFl66MwF4Hsif68LzJs8U4_KO0,40.80,68032504007287	,订单退费转入,40.80,系统处理工单时转移用户余额，订单号=WS2026022020360310482,2026-07-11 13:50:36,SYS,
ojb7F2Idhl3-JI1o0a2eALhEzuAY,0.00,68032536038176	,用户提现,50.00,用户提现-退费单RF2026071113435889492,2026-07-11 13:46:15,用户提现,
ojb7F2Idhl3-JI1o0a2eALhEzuAY,50.00,68032536038176	,订单退费转入,50.00,工单系统流量套餐退款 本单会员价格20.00元，不能退款,2026-07-11 13:43:59,SYS,
olAFl6-bNGXcLu-7_r7sq8Eb0GNE,0.00,63272426060516	,用户提现,42.40,用户提现-退费单RF2026070711014129322,2026-07-11 13:26:00,用户提现,
ojb7F2Gps2eqYp2fvD9yUa3Oo1FI,169.00,69212621215565	,订单退费转入,169.00,工单系统流量套餐退款 本单会员价格20.00元，不能退款,2026-07-11 13:20:08,SYS,
ojb7F2JDN8v2Pxr-3mpvuS_enQMA,0.00,70032617029241	,用户提现,172.20,用户提现-退费单RF2026070803152604564,2026-07-11 13:17:48,用户提现,
olAFl63Wt7oIJXNiuOVQ2K8D6CDw,0.00,69212606155060	,用户提现,49.60,用户提现-退费单RF2026071113144598268,2026-07-11 13:17:09,用户提现,
olAFl63Wt7oIJXNiuOVQ2K8D6CDw,49.60,69212606155060	,订单退费转入,49.60,系统处理工单时转移用户余额，订单号=WS2026030518404933228,2026-07-11 13:14:46,SYS,
ojb7F2AyaMoSUkd5TZq9MXs1PaCM,0.00,70032627109714	,用户提现,179.00,用户提现-退费单RF2026071112362573176,2026-07-11 12:36:41,用户提现,
ojb7F2AyaMoSUkd5TZq9MXs1PaCM,179.00,70032627109714	,订单退费转入,179.00,工单系统流量套餐退款,2026-07-11 12:36:26,SYS,
olAFl61EfWP8dsRhEkbVlq_Ijstk,0.00,67482504300067	,用户提现,60.00,用户提现-退费单RF2026062603153093116,2026-07-11 11:49:44,用户提现,
olAFl69XuoBdcKawxMi2g7qa2luI,19.90,68932546040408	,订单退费转入,19.90,工单系统流量套餐退款,2026-07-11 11:12:25,SYS,
olAFl62tU7YYrDd0I6EaXX9eEf4g,0.00,67862447015610	,用户提现,479.00,用户提现-退费单RF2026071111083963421,2026-07-11 11:10:32,用户提现,
olAFl62tU7YYrDd0I6EaXX9eEf4g,479.00,67862447015610	,订单退费转入,479.00,工单系统流量套餐退款 本单会员价格20.00元，不能退款,2026-07-11 11:08:40,SYS,
ojb7F2BYif2OMh4_DEcMCt-tSV1c,199.00,70032621092110	,订单退费转入,199.00,工单系统流量套餐退款,2026-07-11 10:55:09,SYS,
olAFl63HIww_rFTRqbtO60uwf1NU,0.00,68772550183052	,用户提现,34.80,用户提现-退费单RF2026071003150389590,2026-07-11 10:42:03,用户提现,
ojb7F2I3B2xRFNxdq2Hfsbev3ABY,0.00,69212606158078	,用户提现,179.00,用户提现-退费单RF2026070920320780010,2026-07-11 10:23:39,用户提现,
o2uAP61JMsbSZUo5RFrBxI6kdJqw,0.00,86351602	,用户提现,113.40,用户提现-退费单RF2026071110102956996,2026-07-11 10:10:45,用户提现,
o2uAP61JMsbSZUo5RFrBxI6kdJqw,113.40,86351602	,订单退费转入,113.40,系统处理工单时转移用户余额，订单号=WS2026060318171880958,2026-07-11 10:10:30,SYS,
olAFl6-dQnQZoCeZUAb-eneMNrEw,0.00,67482445019210	,用户提现,91.50,用户提现-退费单RF2026071003153161176,2026-07-11 10:09:16,用户提现,
olAFl6wvBdmOL_LpbqRUmkjpiPWI,0.00,67482504310822	,用户提现,70.50,用户提现-退费单RF2026071110001990584,2026-07-11 10:01:39,用户提现,
olAFl6wvBdmOL_LpbqRUmkjpiPWI,70.50,67482504310822	,订单退费转入,70.50,系统处理工单时转移用户余额，订单号=WS2026022713285209664,2026-07-11 10:00:20,SYS,
ojb7F2M5BWVqLPrr16cqTmrcoDV4,0.00,69212621222375	,用户提现,347.00,用户提现-退费单RF2026070710523137112,2026-07-11 09:40:13,用户提现,
olAFl617CKnlmhj8ZfHc2CL3IjUw,0.00,60912421087869	,用户提现,51.20,用户提现-退费单RF2026071109300435531,2026-07-11 09:30:45,用户提现,
olAFl617CKnlmhj8ZfHc2CL3IjUw,51.20,60912421087869	,订单退费转入,51.20,系统处理工单时转移用户余额，订单号=WN2026060913514822560,2026-07-11 09:30:04,SYS,
ojb7F2OrVDGnJSNeCb2w7cUYdlEM,0.00,69212612174929	,用户提现,141.20,用户提现-退费单RF2026071108221055811,2026-07-11 09:23:25,用户提现,
olAFl69vpxfgofHLnsV28xguBzM8,0.00,864665070664276	,用户提现,138.80,用户提现-退费单RF2026071109013247347,2026-07-11 09:02:34,用户提现,
olAFl69vpxfgofHLnsV28xguBzM8,138.80,864665070664276	,订单退费转入,138.80,系统处理工单时转移用户余额，订单号=WS2026031221572270893,2026-07-11 09:01:32,SYS,
olAFl64Ccc1hFtEJOPSgjcS4qR8I,42.80,67512534241632	,订单退费转入,42.80,系统处理工单时转移用户余额，订单号=WS2025092312145994482,2026-07-11 08:59:02,SYS,
olAFl6-D6E_0ucKxmGfsDCDx-6mw,9.90,67512525222253	,订单退费转入,9.90,工单系统流量套餐退款,2026-07-11 08:36:36,SYS,
ojb7F2OrVDGnJSNeCb2w7cUYdlEM,141.20,69212612174929	,订单退费转入,141.20,系统处理工单时转移用户余额，订单号=WS2026070709303766042,2026-07-11 08:22:11,SYS,
olAFl67iVGBaPVKj_bQPLD2m_2fY,2.80,68772543147309	,订单退费转入,2.80,工单系统流量套餐退款 组合支付：微信退费 2.80,2026-07-11 08:20:24,SYS,
olAFl6018wRq8nzz8RoyoAnKOJJE,0.00,68772610298115	,用户提现,300.00,用户提现-退费单RF2026070300345628448,2026-07-11 07:32:09,用户提现,
ojb7F2HyGIHq-3KN2oSo5T7m8QM8,223.00,68772612320662	,订单退费转入,223.00,工单系统流量套餐退款 本单会员价格20.00元，不能退款,2026-07-11 07:01:36,SYS,
olAFl69_aIsxKpPI8j9n_y68x7IA,0.00,68932621084294	,用户提现,259.00,用户提现-退费单RF2026071003153545550,2026-07-11 06:43:30,用户提现,
olAFl6ztSngZA15dMSJErVPBQKok,0.00,67002535364734	,用户提现,71.80,用户提现-退费单RF2026071102200380924,2026-07-11 02:20:16,用户提现,
olAFl6ztSngZA15dMSJErVPBQKok,71.80,67002535364734	,订单退费转入,71.80,系统处理工单时转移用户余额，订单号=WS2026041012254736157,2026-07-11 02:20:04,SYS,
olAFl6_3ktkxcpHt5m-avVqORb80,0.00,68772602260919	,用户提现,131.00,用户提现-退费单RF2026071100295111667,2026-07-11 00:30:48,用户提现,
olAFl6_3ktkxcpHt5m-avVqORb80,131.00,68772602260919	,订单退费转入,131.00,系统处理工单时转移用户余额，订单号=WS2026070322272518940,2026-07-11 00:29:51,SYS,
olAFl62a3NqCPlnlHllRrTbd9M10,0.00,68032504009038	,用户提现,64.00,用户提现-退费单RF2026070803152248191,2026-07-11 00:24:16,用户提现,
olAFl6-aYE469Us9tl_K4xmFUfLw,89.00,69212621217243	,订单退费转入,89.00,工单系统流量套餐退款,2026-07-11 00:13:11,SYS,
ojb7F2DsrmA7ZcxNqoae0pQhnrrI,0.00,68772538096616	,用户提现,69.00,用户提现-退费单RF2026071023525820956,2026-07-10 23:58:08,用户提现,
ojb7F2DsrmA7ZcxNqoae0pQhnrrI,69.00,68772538096616	,订单退费转入,69.00,工单系统流量套餐退款,2026-07-10 23:52:58,SYS,
olAFl6zkaRYKWIqmXZPRdUmyYOVM,0.00,67492609641243	,用户提现,62.20,用户提现-退费单RF2026071009213142519,2026-07-10 23:38:21,用户提现,
olAFl6-hX_qjUgW97kUqoeDNxulQ,479.00,67002447022969	,订单退费转入,479.00,工单系统流量套餐退款 本单会员价格20.00元，不能退款,2026-07-10 22:51:11,SYS,
odELQ6i_B3mAVOB5MMEvQJWZm4OY,79.00,67492602585497	,订单退费转入,79.00,工单系统流量套餐退款,2026-07-10 22:47:43,SYS,
olAFl69yUU1oPQVc-_49Jn2hw7Ow,0.00,58482351162623	,用户提现,98.40,用户提现-退费单RF2026071022280320917,2026-07-10 22:28:46,用户提现,
olAFl69yUU1oPQVc-_49Jn2hw7Ow,98.40,58482351162623	,订单退费转入,98.40,系统处理工单时转移用户余额，订单号=WS2025123115532030933,2026-07-10 22:28:03,SYS,
olAFl6z1Gxnk8Ot2yen2ZYo80Cc4,0.00,864665064528222	,用户提现,45.10,用户提现-退费单RF2026071011203071262,2026-07-10 22:05:14,用户提现,
olAFl62AJ-gO0L0HFVabHJekl_Tk,0.00,67512535259520	,用户提现,82.00,用户提现-退费单RF2026071003154119951,2026-07-10 21:56:49,用户提现,
ojb7F2PC5xBOV_XKBkW-QK5LOJCg,0.00,69212621227337	,用户提现,19.00,用户提现-退费单RF2026071021474043323,2026-07-10 21:47:56,用户提现,
ojb7F2PC5xBOV_XKBkW-QK5LOJCg,19.00,69212621227337	,订单退费转入,19.00,工单系统流量套餐退款,2026-07-10 21:47:40,SYS,
ojb7F2EYRekBdPNlqSkl0K-HN-Do,19.00,69212621215016	,订单退费转入,19.00,工单系统流量套餐退款,2026-07-10 21:40:32,SYS,
ojb7F2J66GzC2KUy-f84SR3RAH_4,0.00,67492552541021	,用户提现,29.00,用户提现-退费单RF2026070920360978238,2026-07-10 21:38:27,用户提现,
ojb7F2GDMWUTkWX9NxXQ8wPl7-8s,0.00,67492610677786	,用户提现,179.00,用户提现-退费单RF2026071021365862762,2026-07-10 21:37:53,用户提现,
ojb7F2GDMWUTkWX9NxXQ8wPl7-8s,179.00,67492610677786	,订单退费转入,179.00,工单系统流量套餐退款,2026-07-10 21:36:59,SYS,
ojb7F2OC3WalT_uR59PqFdBCd02o,0.00,69212623244234	,用户提现,479.00,用户提现-退费单RF2026071021334139723,2026-07-10 21:34:19,用户提现,
ojb7F2OC3WalT_uR59PqFdBCd02o,479.00,69212623244234	,订单退费转入,479.00,工单系统流量套餐退款,2026-07-10 21:33:41,SYS,
olAFl6-U8K7m4FWhu9hJe_spAPm8,0.00,69212621217000	,用户提现,19.00,用户提现-退费单RF2026071021075745312,2026-07-10 21:08:48,用户提现,
olAFl6-U8K7m4FWhu9hJe_spAPm8,19.00,69212621217000	,订单退费转入,19.00,工单系统流量套餐退款,2026-07-10 21:07:57,SYS,
olAFl672zGDdhC5-kfT5E5JphCZ0,0.00,58812443086118	,用户提现,8.90,用户提现-退费单RF2026071003152786843,2026-07-10 20:59:28,用户提现,
ojb7F2Fy_M9k8KhT5Lncz5JzihKY,0.00,69212621215297	,用户提现,110.00,用户提现-退费单RF2026071020563475979,2026-07-10 20:58:50,用户提现,
odELQ6hXyF3sivtikzG0E-ie3cPg,0.00,67492602581572	,用户提现,179.00,用户提现-退费单RF2026071020271381080,2026-07-10 20:57:43,用户提现,
ojb7F2Fy_M9k8KhT5Lncz5JzihKY,110.00,69212621215297	,订单退费转入,110.00,工单系统流量套餐退款,2026-07-10 20:56:35,SYS,
olAFl6xelaxqgC1euzIIMZpoolJg,0.00,68772550200863	,用户提现,88.60,用户提现-退费单RF2026062603153718217,2026-07-10 20:32:45,用户提现,
odELQ6hXyF3sivtikzG0E-ie3cPg,179.00,67492602581572	,订单退费转入,179.00,工单系统流量套餐退款,2026-07-10 20:27:14,SYS,
olAFl6yCapQ1bifoM1IcumxihmvI,0.00,	,系统扣费,112.40,用户无可退退费单，钱包清零,2026-07-10 20:01:54,SYS,
olAFl6xXO3xTZkULFZGnvg8-zbHM,0.00,67512525198075	,用户提现,138.00,用户提现-退费单RF2026071019521957995,2026-07-10 19:53:36,用户提现,
olAFl6xXO3xTZkULFZGnvg8-zbHM,138.00,67512525198075	,订单退费转入,138.00,工单系统流量套餐退款 本单会员价格20.00元，不能退款,2026-07-10 19:52:20,SYS,
olAFl67xzvES-kljg97bJhGIz9pQ,0.00,68772522032564	,用户提现,99.00,用户提现-退费单RF2026070919380594886,2026-07-10 19:36:11,用户提现,
olAFl67wP8hW8oLVUBwbR5NEVVIY,0.00,864665071442326	,用户提现,14.00,用户提现-退费单RF2026071019202931247,2026-07-10 19:22:12,用户提现,
olAFl67wP8hW8oLVUBwbR5NEVVIY,14.00,864665071442326	,订单退费转入,14.00,系统处理工单时转移用户余额，订单号=WS2025080113462595264,2026-07-10 19:20:29,SYS,
olAFl6_mII9YO-v_o6LhRELVtkho,0.00,67492609652283	,用户提现,50.60,用户提现-退费单RF2026071019134550990,2026-07-10 19:17:29,用户提现,
olAFl69qk-yxGwR0vbTYiG5yFtr0,0.00,67002535363365	,用户提现,320.00,用户提现-退费单RF2026071003153721850,2026-07-10 19:13:58,用户提现,
olAFl6_mII9YO-v_o6LhRELVtkho,50.60,67492609652283	,订单退费转入,50.60,系统处理工单时转移用户余额，订单号=WS2026042708321970443,2026-07-10 19:13:46,SYS,
olAFl68YMAKFaDYlfGeXUPvpP-ro,0.00,67492552544183	,用户提现,172.20,用户提现-退费单RF2026070703150599478,2026-07-10 19:07:47,用户提现,
ojb7F2Jps0XvLYj1at6WnqQoLLzo,0.00,69142620034032	,用户提现,203.09,用户提现-退费单RF2026062420421916162,2026-07-10 18:53:31,用户提现,
ojb7F2JMM50yMtFUr5U6GyaZehnY,0.00,69212623243813	,用户提现,479.00,用户提现-退费单RF2026071018104866981,2026-07-10 18:47:30,用户提现,
olAFl62gwTDPmk-WVQp18wFrop0o,0.00,63272426054967	,用户提现,36.80,用户提现-退费单RF2026071018374224967,2026-07-10 18:38:48,用户提现,
olAFl62gwTDPmk-WVQp18wFrop0o,36.80,63272426054967	,订单退费转入,36.80,系统处理工单时转移用户余额，订单号=WN2025091709484456377,2026-07-10 18:37:42,SYS,
olAFl65-reVm96fPWlHIIRuzmVLM,0.00,67492445317446	,用户提现,265.00,用户提现-退费单RF2026071018085056985,2026-07-10 18:35:19,用户提现,
olAFl68aTmEINfzNSe9gDLsKMtV8,0.00,70032617033636	,用户提现,172.20,用户提现-退费单RF2026071018273615855,2026-07-10 18:31:19,用户提现,
olAFl68aTmEINfzNSe9gDLsKMtV8,172.20,70032617033636	,订单退费转入,172.20,系统处理工单时转移用户余额，订单号=WS2026061616594104426,2026-07-10 18:27:36,SYS,
ojb7F2JMM50yMtFUr5U6GyaZehnY,479.00,69212623243813	,订单退费转入,479.00,工单系统流量套餐退款,2026-07-10 18:10:49,SYS,
olAFl65-reVm96fPWlHIIRuzmVLM,265.00,67492445317446	,订单退费转入,265.00,工单系统流量套餐退款 本单会员价格20.00元，不能退款,2026-07-10 18:08:51,SYS,
olAFl65ETzgBl5AcNswVc3fwo6rY,0.00,67492609641862	,用户提现,120.00,用户提现-退费单RF2026071018055916528,2026-07-10 18:06:58,用户提现,
olAFl65ETzgBl5AcNswVc3fwo6rY,120.00,67492609641862	,订单退费转入,120.00,工单系统流量套餐退款,2026-07-10 18:05:59,SYS,
olAFl6_ECBNa5NT-l6idYfYaQusM,0.00,69212612188228	,用户提现,148.80,用户提现-退费单RF2026071017414407077,2026-07-10 17:46:35,用户提现,
olAFl6_ECBNa5NT-l6idYfYaQusM,148.80,69212612188228	,订单退费转入,148.80,系统处理工单时转移用户余额，订单号=WS2026052716161237147,2026-07-10 17:41:44,SYS,
olAFl6y_x5R6tMRU7WKsjicar8D8,479.00,67492447361516	,订单退费转入,479.00,工单系统流量套餐退款,2026-07-10 17:41:26,SYS,
olAFl68yARhvnisw55o3KBBnsm_E,0.00,68932606061916	,用户提现,179.00,用户提现-退费单RF2026071003152177817,2026-07-10 17:25:48,用户提现,
olAFl63QCJYQ_rJnp2LbfKpOxnyQ,0.00,86132335073063	,用户提现,129.00,用户提现-退费单RF2026070912295773969,2026-07-10 17:23:18,用户提现,
olAFl68U_1JoC9pqie_AMHtC1wCA,0.00,67482503245216	,用户提现,46.80,用户提现-退费单RF2026071011062287378,2026-07-10 16:34:50,用户提现,
olAFl67nuFEY1ZGw2T6tQMXQLikY,0.00,68772610297950	,用户提现,134.00,用户提现-退费单RF2026070303152177068,2026-07-10 16:08:34,用户提现,
olAFl6_3NhIs_vAI5MnZSmJVqAic,0.00,69212612169907	,用户提现,120.00,用户提现-退费单RF2026071003154743658,2026-07-10 15:54:05,用户提现,
olAFl64OnPPQ0xM2U8HENyEjNVIw,99.00,67862510033327	,订单退费转入,99.00,工单系统流量套餐退款,2026-07-10 15:52:40,SYS,
olAFl62dHhreDP83YVEHM0sWKN4Q,0.00,67482610423135	,用户提现,199.00,用户提现-退费单RF2026071015220731853,2026-07-10 15:42:34,用户提现,
olAFl62dHhreDP83YVEHM0sWKN4Q,199.00,67482610423135	,订单退费转入,199.00,工单系统流量套餐退款,2026-07-10 15:22:07,SYS,
olAFl6_6nv7qC6x-pjbve5s2DHP0,0.00,67482442001886	,用户提现,148.90,用户提现-退费单RF2026070703151538442,2026-07-10 15:17:51,用户提现,
olAFl68BlqYvA5qawp38uzeXfZtU,0.00,69212621218268	,用户提现,490.00,用户提现-退费单RF2026071014180227222,2026-07-10 15:15:08,用户提现,
olAFl692kDPdJU-RJ12zuZXB4NSE,0.00,67862535043963	,用户提现,97.36,用户提现-退费单RF2026070903150378134,2026-07-10 15:13:31,用户提现,
ojb7F2IdbxTlwxi_5VYIRaatFoIY,0.00,67492610673749	,用户提现,469.00,用户提现-退费单RF2026071015121991778,2026-07-10 15:12:48,用户提现,
ojb7F2IdbxTlwxi_5VYIRaatFoIY,469.00,67492610673749	,订单退费转入,469.00,工单系统流量套餐退款,2026-07-10 15:12:20,SYS,
olAFl634hlMKww_O9yQdCRhKIiMI,100.60,69212536002534	,订单退费转入,100.60,系统处理工单时转移用户余额，订单号=WS2025091420571888143,2026-07-10 15:00:49,SYS,
olAFl6zR-9e86_MJChfA2Rr44EbM,0.00,67492454386488	,用户提现,166.10,用户提现-退费单RF2026070803152049913,2026-07-10 14:55:54,用户提现,
olAFl60Uu6K690mzoLVyqCp0S8WY,0.00,69212612182715	,用户提现,42.00,用户提现-退费单RF2026071014522263211,2026-07-10 14:54:01,用户提现,
olAFl60Uu6K690mzoLVyqCp0S8WY,42.00,69212612182715	,订单退费转入,42.00,系统处理工单时转移用户余额，订单号=WN2026060414421038473,2026-07-10 14:52:23,SYS,
olAFl67aQzxHBX9pWOKTneU8qf8Q,0.00,67492609640928	,用户提现,19.00,用户提现-退费单RF2026071014442453243,2026-07-10 14:45:08,用户提现,
olAFl67aQzxHBX9pWOKTneU8qf8Q,19.00,67492609640928	,订单退费转入,19.00,工单系统流量套餐退款,2026-07-10 14:44:25,SYS,
olAFl65abilsdTLFpEasc3iefm8I,0.00,68772538106495	,用户提现,19.00,用户提现-退费单RF2026071014411961891,2026-07-10 14:42:45,用户提现,
olAFl65abilsdTLFpEasc3iefm8I,19.00,68772538106495	,订单退费转入,19.00,工单系统流量套餐退款,2026-07-10 14:41:20,SYS,
olAFl6zhpn0NdvqiXGs9dJrF1P7s,0.00,67482610411826	,用户提现,199.00,用户提现-退费单RF2026070913042852385,2026-07-10 14:20:57,用户提现,
olAFl68BlqYvA5qawp38uzeXfZtU,490.00,69212621218268	,订单退费转入,490.00,工单系统流量套餐退款,2026-07-10 14:18:02,SYS,
odELQ6nrhkPvsoq_d-KaAwpCoIk8,0.00,67682451004063	,用户提现,112.00,用户提现-退费单RF2026071014015514953,2026-07-10 14:03:24,用户提现,
odELQ6nrhkPvsoq_d-KaAwpCoIk8,112.00,67682451004063	,订单退费转入,112.00,系统处理工单时转移用户余额，订单号=WS2026070621384614112,2026-07-10 14:01:55,SYS,
olAFl6-5GthKrxM8XOBI3XwCjqm0,0.00,67492552545442	,用户提现,22.00,用户提现-退费单RF2026062811582451096,2026-07-10 13:36:29,用户提现,
ojb7F2Ms5kuqo1MzBKSIkZK_ueAM,0.00,	,系统扣费,91.20,用户无可退退费单，钱包清零,2026-07-10 13:19:19,SYS,
ojb7F2P_hFrqp_rblyO_EUrCjEjs,0.00,68772604273476	,用户提现,337.00,用户提现-退费单RF2026071003151757340,2026-07-10 12:50:41,用户提现,
ojb7F2PEvDW4M9lgl_5GKCRvwavs,0.00,69212621226503	,用户提现,199.00,用户提现-退费单RF2026070917352100743,2026-07-10 12:23:59,用户提现,
ojb7F2EQEr8Qh5FEth-8Svt3eNb4,0.00,68032536033369	,用户提现,39.00,用户提现-退费单RF2026071012031552112,2026-07-10 12:15:23,用户提现,
olAFl67ccNBSDd7gKADrPkI91izc,0.00,67512534236602	,用户提现,15.30,用户提现-退费单RF2026062603152392711,2026-07-10 12:13:53,用户提现,
ojb7F2EQEr8Qh5FEth-8Svt3eNb4,39.00,68032536033369	,订单退费转入,39.00,工单系统流量套餐退款,2026-07-10 12:03:16,SYS,
olAFl6wBrC1YZpnCvHlumpwxV55k,0.00,864665070222273	,用户提现,420.00,用户提现-退费单RF2026071011471807217,2026-07-10 11:47:57,用户提现,
olAFl6wBrC1YZpnCvHlumpwxV55k,420.00,864665070222273	,订单退费转入,420.00,工单系统流量套餐退款 本单会员价格20.00元，不能退款,2026-07-10 11:47:18,SYS,
olAFl63w5rKlyxXHbhCk9RGLpias,0.00,69212612174080	,用户提现,109.00,用户提现-退费单RF2026071011310290933,2026-07-10 11:42:32,用户提现,
olAFl69Og92FLJra69zbz3X11kDo,0.00,67492602586270	,用户提现,135.00,用户提现-退费单RF2026070903150917353,2026-07-10 11:34:24,用户提现,
olAFl63w5rKlyxXHbhCk9RGLpias,109.00,69212612174080	,订单退费转入,109.00,工单系统流量套餐退款,2026-07-10 11:31:03,SYS,
olAFl63FV7WZdb-Oo4YWvfCeMsvk,19.00,69212621214855	,订单退费转入,19.00,工单系统流量套餐退款,2026-07-10 11:27:07,SYS,
olAFl6z1Gxnk8Ot2yen2ZYo80Cc4,45.10,864665064528222	,订单退费转入,45.10,工单系统流量套餐退款 组合支付：微信退费 45.10,2026-07-10 11:20:31,SYS,
olAFl6-508JmjOddLY1hrqAZBP7k,0.00,67492538508711	,用户提现,8.00,用户提现-退费单RF2026071010415742292,2026-07-10 11:12:10,用户提现,
ojb7F2N1GLywM8AKppFFcllol_9w,0.00,68772533075601	,用户提现,230.00,用户提现-退费单RF2026071003151064259,2026-07-10 11:06:37,用户提现,
olAFl68U_1JoC9pqie_AMHtC1wCA,46.80,67482503245216	,订单退费转入,46.80,系统处理工单时转移用户余额，订单号=WN2026050916563697925,2026-07-10 11:06:23,SYS,
olAFl6zuX6sgD-tRoJ2-5rmcZa84,0.00,86132437297613	,用户提现,66.00,用户提现-退费单RF2026071011041822226,2026-07-10 11:05:04,用户提现,
olAFl6zuX6sgD-tRoJ2-5rmcZa84,66.00,86132437297613	,订单退费转入,66.00,系统处理工单时转移用户余额，订单号=WS2025090119212123988,2026-07-10 11:04:18,SYS,
olAFl6zqeHDHQpm5C5DVrkeR5d6Q,0.00,69212621220979	,用户提现,89.00,用户提现-退费单RF2026071003154744248,2026-07-10 10:53:08,用户提现,
olAFl63uZLgngUyzMvdRsjH6vu5M,0.00,67482448032668	,用户提现,7.20,用户提现-退费单RF2026071003154520590,2026-07-10 10:48:22,用户提现,
olAFl6-508JmjOddLY1hrqAZBP7k,8.00,67492538508711	,订单退费转入,8.00,系统处理工单时转移用户余额，订单号=WS2025110600200438392,2026-07-10 10:41:57,SYS,
olAFl67BRgeUExqwSWy6WDfwbR6k,0.00,68772604279607	,用户提现,105.30,用户提现-退费单RF2026071010204969413,2026-07-10 10:21:50,用户提现,
olAFl67BRgeUExqwSWy6WDfwbR6k,105.30,68772604279607	,订单退费转入,105.30,系统处理工单时转移用户余额，订单号=WS2026040707172704095,2026-07-10 10:20:50,SYS,
olAFl6135tSodsSqEFGlkwrYLzzA,0.00,67492603605576	,用户提现,89.00,用户提现-退费单RF2026071009152311338,2026-07-10 10:14:36,用户提现,
o2uAP60A6RXsMsIPFwVQ5pjrdQl0,0.00,86337768	,用户提现,113.40,用户提现-退费单RF2026070818132855961,2026-07-10 10:10:35,用户提现,
odELQ6rmENKLaxP8iYpx6QRLM1oM,0.00,67682513018785	,用户提现,489.20,用户提现-退费单RF2026071003154523717,2026-07-10 10:08:23,用户提现,
odELQ6iE1viPQgcBYC2MCVQj_Y2o,0.00,68712522003831	,用户提现,30.40,用户提现-退费单RF2026070803152227094,2026-07-10 10:03:29,用户提现,
olAFl6_5U3Op2rMRXFF-RRtDUDHw,0.00,69212552124717	,用户提现,320.00,用户提现-退费单RF2026071010025612887,2026-07-10 10:03:17,用户提现,
olAFl6_5U3Op2rMRXFF-RRtDUDHw,320.00,69212552124717	,订单退费转入,320.00,系统处理工单时转移用户余额，订单号=WS2026070918160513363,2026-07-10 10:02:56,SYS,
olAFl6y3BlnSfKkJbfTAmDX2zlMk,123.00,67492538513852	,订单退费转入,89.00,工单系统流量套餐退款,2026-07-10 09:55:18,SYS,
ojb7F2LeZUqp1MlcCmwkU-8cJPCg,0.00,67492609652381	,用户提现,100.00,用户提现-退费单RF2026071009382606096,2026-07-10 09:39:24,用户提现,
ojb7F2LeZUqp1MlcCmwkU-8cJPCg,100.00,67492609652381	,订单退费转入,100.00,系统处理工单时转移用户余额，订单号=WN2026071009002458297,2026-07-10 09:38:26,SYS,
olAFl68pxbzrs1IPKZvAs-XVS1Gs,0.00,70032611009172	,用户提现,420.00,用户提现-退费单RF2026070923063433963,2026-07-10 09:33:16,用户提现,
olAFl66Kypt1oW2abJI9cYhg4t6E,0.00,68772621358571	,用户提现,47.00,用户提现-退费单RF2026071003153164498,2026-07-10 09:26:17,用户提现,
olAFl6zkaRYKWIqmXZPRdUmyYOVM,62.20,67492609641243	,订单退费转入,62.20,系统处理工单时转移用户余额，订单号=WN2026070821100298828,2026-07-10 09:21:31,SYS,
ojb7F2P3kPzWwi209siw2a6BlaEA,0.00,69212612173301	,用户提现,179.00,用户提现-退费单RF2026070722194439793,2026-07-10 09:17:01,用户提现,
olAFl68_klIunCKegZPt4JFaDUf0,0.00,68772528054996	,用户提现,76.10,用户提现-退费单RF2026071009141496743,2026-07-10 09:15:36,用户提现,
olAFl6135tSodsSqEFGlkwrYLzzA,89.00,67492603605576	,订单退费转入,89.00,工单系统流量套餐退款,2026-07-10 09:15:23,SYS,
ojb7F2G13Pd4LFXEWjJMCvtu0ck0,94.00,69142620031621	,订单退费转入,94.00,工单系统流量套餐退款,2026-07-10 09:14:49,SYS,
olAFl68_klIunCKegZPt4JFaDUf0,76.10,68772528054996	,订单退费转入,76.10,系统处理工单时转移用户余额，订单号=WS2025091912414529670,2026-07-10 09:14:15,SYS,
olAFl6xuH-E2B_rmktFp6bfzSsCE,0.00,86132347127706	,用户提现,146.00,用户提现-退费单RF2026071009102661729,2026-07-10 09:11:07,用户提现,
olAFl6xuH-E2B_rmktFp6bfzSsCE,146.00,86132347127706	,订单退费转入,146.00,工单系统流量套餐退款,2026-07-10 09:10:27,SYS,
ojb7F2HH1-UTjRgUD-WZ2PsC9vVU,0.00,67492602587887	,用户提现,121.20,用户提现-退费单RF2026071009005167367,2026-07-10 09:01:34,用户提现,
ojb7F2HH1-UTjRgUD-WZ2PsC9vVU,121.20,67492602587887	,订单退费转入,121.20,系统处理工单时转移用户余额，订单号=WS2026070922424631053,2026-07-10 09:00:52,SYS,
ojb7F2C9y7jKckGhWWZxof0zgVDE,0.00,69212621216159	,用户提现,199.00,用户提现-退费单RF2026070809253666635,2026-07-10 08:49:22,用户提现,
olAFl69MlJt1zvPZ_5_F8F5oXYI4,153.50,67512525200528	,订单退费转入,153.50,系统处理工单时转移用户余额，订单号=WS2026010612275847258,2026-07-10 08:30:29,SYS,
ojb7F2B2MoA09sCK0OCEjI03em5k,0.00,67492535500544	,用户提现,359.00,用户提现-退费单RF2026071006362057938,2026-07-10 06:37:18,用户提现,
ojb7F2B2MoA09sCK0OCEjI03em5k,359.00,67492535500544	,订单退费转入,359.00,工单系统流量套餐退款,2026-07-10 06:36:21,SYS,
olAFl6-x6EmMjyREuyGrxdkU9KiE,0.00,67512534239812	,用户提现,97.60,用户提现-退费单RF2026070112171106140,2026-07-10 06:19:21,用户提现,
ojb7F2G1-qTmTiKOl0WktJupo7B8,0.00,69212602145890	,用户提现,109.00,用户提现-退费单RF2026071005361183994,2026-07-10 05:36:36,用户提现,
ojb7F2G1-qTmTiKOl0WktJupo7B8,109.00,69212602145890	,订单退费转入,109.00,工单系统流量套餐退款,2026-07-10 05:36:12,SYS,
olAFl62o6GB4-bWi6fSnxsTjkeSE,38.60,58482339008012	,订单退费转入,38.60,系统处理工单时转移用户余额，订单号=WS2026040418230763471,2026-07-10 03:15:53,SYS,
odELQ6rHtTPJW2oO5hC3SVFLXf8I,39.00,864665067632963	,订单退费转入,39.00,工单系统流量套餐退款 本单会员价格20.00元，不能退款,2026-07-10 03:15:53,SYS,
olAFl68MmGjnuNex0R6H-G-7bzmU,138.00,68932532019322	,订单退费转入,138.00,工单系统流量套餐退款 本单会员价格20.00元，不能退款,2026-07-10 03:15:53,SYS,
olAFl65pOgMKlPZQEpIy44eQfpqI,179.80,864665069566987	,订单退费转入,179.80,系统处理工单时转移用户余额，订单号=WS2026062014105474687,2026-07-10 03:15:53,SYS,
olAFl69Xmi9czG3jKdf7o_cqyYGU,68.10,864665069091044	,订单退费转入,68.10,系统处理工单时转移用户余额，订单号=WN2026041609251377454,2026-07-10 03:15:51,SYS,
olAFl6_Xg0zF8bIQ_XNxXG6pUU4c,142.10,67492602588763	,订单退费转入,142.10,系统处理工单时转移用户余额，订单号=WS2026042617424647225,2026-07-10 03:15:51,SYS,
olAFl68orJeTPCYsJyQ-p81vJbZ4,69.00,60912426128461	,订单退费转入,69.00,工单系统审核退费单-套餐已作废/钱包已清零,2026-07-10 03:15:51,SYS,
olAFl614OP0bWdJqR__KmAmHAyTs,15.30,67482449086176	,订单退费转入,15.30,系统处理工单时转移用户余额，订单号=WN2025091511035497172,2026-07-10 03:15:49,SYS,
olAFl62ehlQZBfkRCmWH1KJ-6xW0,175.20,86132411246119	,订单退费转入,175.20,系统处理工单时转移用户余额，订单号=WS2026061811554959043,2026-07-10 03:15:49,SYS,
olAFl6wzYQjyjO0XdAZ8KOKVUN6o,499.00,68932546040624	,订单退费转入,499.00,工单系统审核退费单-套餐已作废/钱包已清零,2026-07-10 03:15:49,SYS,
olAFl6wgFGlGSaGsK12E6v33Fnas,134.20,67002509215223	,订单退费转入,134.20,系统处理工单时转移用户余额，订单号=WS2026061916484208029,2026-07-10 03:15:47,SYS,
olAFl61AvjpB25H4UlMFMyfMhYjs,1.10,68772537091919	,订单退费转入,1.10,系统处理工单时转移用户余额，订单号=WS2025092421390398180,2026-07-10 03:15:47,SYS,
olAFl6_3NhIs_vAI5MnZSmJVqAic,120.00,69212612169907	,订单退费转入,120.00,工单系统流量套餐退款 本单会员价格20.00元，不能退款,2026-07-10 03:15:47,SYS,
olAFl6zqeHDHQpm5C5DVrkeR5d6Q,89.00,69212621220979	,订单退费转入,89.00,工单系统流量套餐退款,2026-07-10 03:15:47,SYS,
odELQ6t79zkci8eHHoEugZdvuems,100.00,867061072543147	,订单退费转入,100.00,工单系统流量套餐退款,2026-07-10 03:15:47,SYS,
olAFl646I9Ni2kMp2D5PlPaVrs6Q,67.90,67002453180295	,订单退费转入,67.90,系统处理工单时转移用户余额，订单号=WS2026011919561830644,2026-07-10 03:15:45,SYS,
olAFl63uZLgngUyzMvdRsjH6vu5M,7.20,67482448032668	,订单退费转入,7.20,系统处理工单时转移用户余额，订单号=WS2025100900530311538,2026-07-10 03:15:45,SYS,
olAFl6-_IxALnkL6nhbhppCpy6mo,599.00,67512534237179	,订单退费转入,599.00,工单系统流量套餐退款,2026-07-10 03:15:45,SYS,
olAFl68wko2YEOPtxFqCJvmy8PGo,105.00,69212621220327	,订单退费转入,105.00,工单系统流量套餐退款,2026-07-10 03:15:45,SYS,
odELQ6rmENKLaxP8iYpx6QRLM1oM,489.20,67682513018785	,订单退费转入,489.20,工单系统流量套餐退款 本单会员价格20.00元，不能退款,2026-07-10 03:15:45,SYS,
olAFl68onBSeN7MV1hwgUdxqJzf8,6.00,69212621225288	,订单退费转入,6.00,系统处理工单时转移用户余额，订单号=WN2026061818271092051,2026-07-10 03:15:43,SYS,
olAFl61iT0SXN4gKuy9m62uyaKtY,37.70,67002452069844	,订单退费转入,37.70,系统处理工单时转移用户余额，订单号=WS2026022209130040734,2026-07-10 03:15:43,SYS,
olAFl67Zk_ULdSK5Al5E-1OHpcZ8,144.20,63272426060437	,订单退费转入,144.20,系统处理工单时转移用户余额，订单号=WS2026031917415007418,2026-07-10 03:15:41,SYS,
odELQ6p6Nrws0f4Z8_bB6dYZCReQ,100.20,67682522025502	,订单退费转入,100.20,系统处理工单时转移用户余额，订单号=WS2026060912534251672,2026-07-10 03:15:41,SYS,
olAFl62AJ-gO0L0HFVabHJekl_Tk,82.00,67512535259520	,订单退费转入,82.00,工单系统流量套餐退款,2026-07-10 03:15:41,SYS,
ojb7F2BpRpBtTpt7DuUJyXAbLVXg,468.00,70032617026918	,订单退费转入,468.00,工单系统流量套餐退款 本单会员价格20.00元，不能退款,2026-07-10 03:15:41,SYS,
olAFl63Jit_8OYm0ZoSohc5bb8Qw,179.00,68772520020309	,订单退费转入,179.00,工单系统流量套餐退款,2026-07-10 03:15:41,SYS,
ojb7F2FJbInImRhmY0b7HRmJpq9c,399.00,70032621088229	,订单退费转入,399.00,工单系统流量套餐退款,2026-07-10 03:15:41,SYS,
olAFl685uF57nJvcYix9APe_49cE,82.00,68772550201056	,订单退费转入,82.00,系统处理工单时转移用户余额，订单号=WS2026032900363940352,2026-07-10 03:15:40,SYS,
olAFl64xKleakzWl4oHbTqBdYeB8,110.60,86132411245799	,订单退费转入,110.60,系统处理工单时转移用户余额，订单号=WS2026042708583153583,2026-07-10 03:15:39,SYS,
odELQ6lRP4JWctFvewZWxCvnl8is,140.00,867061073952859	,订单退费转入,140.00,工单系统流量套餐退款 本单会员价格20.00元，不能退款,2026-07-10 03:15:39,SYS,
olAFl69SHv7FTwMz5Cg_9qDtkxZQ,102.00,68772550182515	,订单退费转入,102.00,系统处理工单时转移用户余额，订单号=WS2026021610405962938,2026-07-10 03:15:37,SYS,
olAFl69qk-yxGwR0vbTYiG5yFtr0,320.00,67002535363365	,订单退费转入,320.00,工单系统流量套餐退款 本单会员价格20.00元，不能退款,2026-07-10 03:15:37,SYS,
olAFl6_JebFfxNbZminRO3a5F5GI,113.30,67482448051103	,订单退费转入,113.30,系统处理工单时转移用户余额，订单号=WS2026022823184038394,2026-07-10 03:15:37,SYS,
ojb7F2CbTUfo-hyi_yEYXSa2_7uc,122.00,69142620033331	,订单退费转入,122.00,工单系统流量套餐退款,2026-07-10 03:15:37,SYS,
olAFl68yG79Ts-iQGBW_07PkLOk4,20.60,68772522028475	,订单退费转入,20.60,系统处理工单时转移用户余额，订单号=WS2026012021250768059,2026-07-10 03:15:36,SYS,
olAFl61wc5VoUt5AcZ_QloD53IdM,54.00,68772604274763	,订单退费转入,54.00,系统处理工单时转移用户余额，订单号=WS2026022807545995197,2026-07-10 03:15:35,SYS,
olAFl69_aIsxKpPI8j9n_y68x7IA,259.00,68932621084294	,订单退费转入,259.00,工单系统流量套餐退款,2026-07-10 03:15:35,SYS,
ojb7F2J201RwZ2xxizlEW7JLE-_Y,171.20,69142620031200	,订单退费转入,171.20,系统处理工单时转移用户余额，订单号=WS2026052816430637863,2026-07-10 03:15:34,SYS,
ojb7F2KnMRktbSjvRFP9COd5nrnc,342.00,69212602145897	,订单退费转入,342.00,工单系统流量套餐退款,2026-07-10 03:15:34,SYS,
ojb7F2LI2eIjvMx7bzBeWwPXbqBY,6.00,69212621222772	,订单退费转入,6.00,系统处理工单时转移用户余额，订单号=WN2026061510263566479,2026-07-10 03:15:33,SYS,
olAFl656zc0a5U8OI-651TsVSBYw,16.80,67002452071206	,订单退费转入,16.80,系统处理工单时转移用户余额，订单号=WS2026011015043410280,2026-07-10 03:15:32,SYS,
olAFl6-dQnQZoCeZUAb-eneMNrEw,91.50,67482445019210	,订单退费转入,91.50,系统处理工单时转移用户余额，订单号=WS2025122920493084163,2026-07-10 03:15:32,SYS,
olAFl61pvNFnoE7AVxyZFh_4etDY,60.00,68772612316039	,订单退费转入,60.00,工单系统流量套餐退款 本单会员价格20.00元，不能退款,2026-07-10 03:15:32,SYS,
olAFl66Kypt1oW2abJI9cYhg4t6E,47.00,68772621358571	,订单退费转入,47.00,工单系统流量套餐退款 本单会员价格20.00元，不能退款,2026-07-10 03:15:32,SYS,
olAFl60YSoA8cDOp5EMK64G6ibK8,59.00,69212602148405	,订单退费转入,59.00,工单系统审核退费单-套餐已作废/钱包已清零,2026-07-10 03:15:32,SYS,
olAFl65-eTrEwsCYniQl5NmsrWo0,134.00,68772550200572	,订单退费转入,134.00,系统处理工单时转移用户余额，订单号=WS2026021020423960247,2026-07-10 03:15:30,SYS,
olAFl6-w6BYzToyYc650DMeUpVYA,100.00,69142620032416	,订单退费转入,100.00,系统处理工单时转移用户余额，订单号=WN2026052210191640220,2026-07-10 03:15:30,SYS,
olAFl60OibVpgmOfcpvp3_bMNZ_c,12.10,86132411244282	,订单退费转入,12.10,系统处理工单时转移用户余额，订单号=WN2025121116593684654,2026-07-10 03:15:28,SYS,
olAFl672zGDdhC5-kfT5E5JphCZ0,8.90,58812443086118	,订单退费转入,8.90,系统处理工单时转移用户余额，订单号=WN2025112415190599391,2026-07-10 03:15:28,SYS,
olAFl69ezguy1YIj5dzm-mDnylVE,62.00,67482610412392	,订单退费转入,62.00,系统处理工单时转移用户余额，订单号=WS2026041222401635516,2026-07-10 03:15:26,SYS,
olAFl63qDJTT9QZ9XDW0YS4_sLmA,124.20,67492609650321	,订单退费转入,124.20,系统处理工单时转移用户余额，订单号=WS2026042110412961177,2026-07-10 03:15:26,SYS,
olAFl6xAwXY49SatkyNukzou9ZGk,102.00,69212612184776	,订单退费转入,102.00,系统处理工单时转移用户余额，订单号=WS2026060708282361018,2026-07-10 03:15:24,SYS,
olAFl65Bom8JT4gMoG8byl1IjZ8U,549.00,69212621222643	,订单退费转入,549.00,工单系统流量套餐退款,2026-07-10 03:15:24,SYS,
olAFl69HcWqxFsHpuhTB1IhFcbas,54.00,68772520020407	,订单退费转入,54.00,系统处理工单时转移用户余额，订单号=WS2026041307421933359,2026-07-10 03:15:24,SYS,
olAFl69Za1088beFtS7a3wr7CMAc,120.20,69212537029446	,订单退费转入,120.20,系统处理工单时转移用户余额，订单号=WS2025100219111310462,2026-07-10 03:15:22,SYS,
odELQ6i62SYpn-XRjAS8pQajOSMo,39.00,864665067621891	,订单退费转入,39.00,工单系统流量套餐退款,2026-07-10 03:15:22,SYS,
olAFl63Hy93WpN7nMUiN1P6t56-0,19.00,68772604278946	,订单退费转入,19.00,工单系统流量套餐退款,2026-07-10 03:15:22,SYS,
olAFl6-ehbttdYUTZnP4t_wyw3v0,66.00,68772604272618	,订单退费转入,66.00,系统处理工单时转移用户余额，订单号=WS2026030111281775621,2026-07-10 03:15:22,SYS,
olAFl68yARhvnisw55o3KBBnsm_E,179.00,68932606061916	,订单退费转入,179.00,工单系统流量套餐退款 本单会员价格20.00元，不能退款,2026-07-10 03:15:22,SYS,
olAFl6_qRoaoaF-YTdJ1C86HXvDc,121.20,69212612175566	,订单退费转入,121.20,系统处理工单时转移用户余额，订单号=WS2026042221291832656,2026-07-10 03:15:20,SYS,
olAFl6wIL20Ik3UV7djy8J1EqLB8,102.00,68772547166321	,订单退费转入,102.00,系统处理工单时转移用户余额，订单号=WS2025121820195738540,2026-07-10 03:15:20,SYS,
odELQ6mx6XJf9kX3CypAIjoYeUMk,29.90,68832532006191	,订单退费转入,29.90,工单系统流量套餐退款,2026-07-10 03:15:20,SYS,
olAFl6_bVBDZ3feIzgyuC565Sqmc,100.40,864665064408177	,订单退费转入,100.40,系统处理工单时转移用户余额，订单号=WS2026032812553499194,2026-07-10 03:15:18,SYS,
ojb7F2P_hFrqp_rblyO_EUrCjEjs,337.00,68772604273476	,订单退费转入,337.00,工单系统流量套餐退款 本单会员价格20.00元，不能退款,2026-07-10 03:15:18,SYS,
olAFl6zz0k0W7sMSciH8b3xhevMM,54.00,68772550176491	,订单退费转入,54.00,系统处理工单时转移用户余额，订单号=WS2025122719474228396,2026-07-10 03:15:18,SYS,
olAFl63QKXv7drfHzyq6DiC4J6_s,52.80,60992437004539	,订单退费转入,52.80,系统处理工单时转移用户余额，订单号=WS2025071514064851788,2026-07-10 03:15:16,SYS,
olAFl66LwcT85X5hsZKHh1jW-fXw,106.60,69212612190206	,订单退费转入,106.60,系统处理工单时转移用户余额，订单号=WS2026051323580974974,2026-07-10 03:15:16,SYS,
olAFl61mvDm-LkoM21u_kNBAxerc,17.30,67512445095544	,订单退费转入,17.30,系统处理工单时转移用户余额，订单号=WN2026021911240587654,2026-07-10 03:15:14,SYS,
ojb7F2G1b8oKYUWb2mXxE4zoHuro,549.00,69212621215247	,订单退费转入,549.00,工单系统审核退费单-套餐已作废/钱包已清零,2026-07-10 03:15:14,SYS,
olAFl6wnBCpX7rkBjvZYiMSRJGiM,98.70,67482513397135	,订单退费转入,98.70,系统处理工单时转移用户余额，订单号=WS2026051023561545137,2026-07-10 03:15:14,SYS,
olAFl674HIvAa8A5bJdx1GmnggHI,55.00,68772543147612	,订单退费转入,55.00,系统处理工单时转移用户余额，订单号=WS2025121522562354260,2026-07-10 03:15:12,SYS,
o2uAP66PZL_Jf33qcs0qz4w3blJ0,120.20,18006241	,订单退费转入,120.20,系统处理工单时转移用户余额，订单号=WS2026051801455635151,2026-07-10 03:15:12,SYS,
ojb7F2N1GLywM8AKppFFcllol_9w,230.00,68772533075601	,订单退费转入,230.00,工单系统流量套餐退款 本单会员价格20.00元，不能退款,2026-07-10 03:15:11,SYS,
olAFl62pju0ZFt_iIdtDwV_oXup8,180.00,35682253084588	,订单退费转入,180.00,系统处理工单时转移用户余额，订单号=WS2026061817492975014,2026-07-10 03:15:10,SYS,
olAFl64i8QP_aMcmlh6W1ZNFCRUI,38.20,68052517043365	,订单退费转入,38.20,系统处理工单时转移用户余额，订单号=WS2025081522303788071,2026-07-10 03:15:10,SYS,
olAFl60bph2oEGaYPpp43dz0cjIk,289.00,68772550183505	,订单退费转入,289.00,工单系统审核退费单-套餐已作废/钱包已清零,2026-07-10 03:15:10,SYS,
ojb7F2Ms5kuqo1MzBKSIkZK_ueAM,91.20,70032611015162	,订单退费转入,91.20,系统处理工单时转移用户余额，订单号=WN2026061316522803830,2026-07-10 03:15:08,SYS,
olAFl67h2qu1oEWiORoOLvXOhM3Q,54.00,69212621220510	,订单退费转入,54.00,系统处理工单时转移用户余额，订单号=WS2026062018033896765,2026-07-10 03:15:08,SYS,
odELQ6tTfBRdM8x1rsF7kpUjKC2k,150.00,67682522025384	,订单退费转入,150.00,工单系统流量套餐退款 本单会员价格20.00元，不能退款,2026-07-10 03:15:08,SYS,
olAFl60IwScLpQ5FjF0-IAYsBeNc,29.90,60912411000793	,订单退费转入,29.90,工单系统审核退费单-套餐已作废/钱包已清零,2026-07-10 03:15:08,SYS,
olAFl60_VlT-RjqUwS1-QBFpFe1M,0.70,63272421035847	,订单退费转入,0.70,系统处理工单时转移用户余额，订单号=WS2025081910154226857,2026-07-10 03:15:06,SYS,
olAFl6xosERYebs2I3AjVafzCrtc,19.00,69212621215366	,订单退费转入,19.00,工单系统流量套餐退款,2026-07-10 03:15:06,SYS,
olAFl65MpumCAgj1v0G6ddelyNsk,120.20,864665070174367	,订单退费转入,120.20,系统处理工单时转移用户余额，订单号=WS2026050407303696994,2026-07-10 03:15:06,SYS,
olAFl6wQmLh5JKMLO7ieZYGM8YJE,93.70,864665065332533	,订单退费转入,93.70,系统处理工单时转移用户余额，订单号=WS2025100318523347870,2026-07-10 03:15:04,SYS,
olAFl63HIww_rFTRqbtO60uwf1NU,34.80,68772550183052	,订单退费转入,34.80,系统处理工单时转移用户余额，订单号=WS2026030816374880677,2026-07-10 03:15:04,SYS,
o2uAP62VErLk_5ahtSy8Qtq6Amt8,0.00,328814002	,用户提现,599.00,用户提现-退费单RF2026070923433357484,2026-07-09 23:44:35,用户提现,
o2uAP62VErLk_5ahtSy8Qtq6Amt8,599.00,328814002	,订单退费转入,599.00,工单系统流量套餐退款,2026-07-09 23:43:34,SYS,
ojb7F2ONG8Ah_kkOU8GDY9BYX0Gs,0.00,69212621215356	,用户提现,19.00,用户提现-退费单RF2026070923261569912,2026-07-09 23:31:37,用户提现,
olAFl62nSmvAI9dzIpNiPJw_7g9s,0.00,60912422110156	,用户提现,59.00,用户提现-退费单RF2026070923145878890,2026-07-09 23:27:20,用户提现,
ojb7F2ONG8Ah_kkOU8GDY9BYX0Gs,19.00,69212621215356	,订单退费转入,19.00,工单系统流量套餐退款,2026-07-09 23:26:16,SYS,
ojb7F2AyXWLc1j89V_GlAsZOd4-g,0.00,67492610673508	,用户提现,189.00,用户提现-退费单RF2026070923210706332,2026-07-09 23:21:43,用户提现,
ojb7F2AyXWLc1j89V_GlAsZOd4-g,189.00,67492610673508	,订单退费转入,189.00,工单系统流量套餐退款,2026-07-09 23:21:07,SYS,
ojb7F2L2JrmZL5OPymiwB4bSmOX4,0.00,69142620031348	,用户提现,19.00,用户提现-退费单RF2026070923185244126,2026-07-09 23:20:31,用户提现,
ojb7F2L2JrmZL5OPymiwB4bSmOX4,19.00,69142620031348	,订单退费转入,19.00,工单系统流量套餐退款,2026-07-09 23:18:52,SYS,
olAFl62nSmvAI9dzIpNiPJw_7g9s,59.00,60912422110156	,订单退费转入,59.00,工单系统流量套餐退款,2026-07-09 23:14:59,SYS,
olAFl68pxbzrs1IPKZvAs-XVS1Gs,420.00,70032611009172	,订单退费转入,420.00,工单系统流量套餐退款,2026-07-09 23:06:34,SYS,
ojb7F2I2DcTr16nIzW8uF9zmMPXM,0.00,70032617035840	,用户提现,96.60,用户提现-退费单RF2026070922090968798,2026-07-09 23:05:32,用户提现,
olAFl61uMhAsf5Xl9XaJh36hD09A,0.00,63272421034887	,用户提现,11.80,用户提现-退费单RF2026070203152696546,2026-07-09 23:00:58,用户提现,
olAFl6zgorQIM4m6b55-gG1wjljI,0.00,67482454183270	,用户提现,157.30,用户提现-退费单RF2026070903151091959,2026-07-09 22:59:09,用户提现,
olAFl67qnlm6s3VsNddvWuih9nnw,0.00,67492442205780	,用户提现,171.20,用户提现-退费单RF2026070922570245853,2026-07-09 22:58:39,用户提现,
olAFl67qnlm6s3VsNddvWuih9nnw,171.20,67492442205780	,订单退费转入,171.20,系统处理工单时转移用户余额，订单号=WS2026061622263090928,2026-07-09 22:57:02,SYS,
olAFl64mb2Hkm6_QHUXm8nW9UQQY,0.00,67492509482321	,用户提现,82.20,用户提现-退费单RF2026070922383319487 微信退款失败：当前商户号暂不能进行“资金付款类”相关业务操作，可前往“微信支付商家助手”小程序 >“业务受限处理”了解原因,2026-07-09 22:38:58,用户提现,
olAFl64mb2Hkm6_QHUXm8nW9UQQY,82.20,67492509482321	,订单退费转入,82.20,系统处理工单时转移用户余额，订单号=WS2025110707471090594,2026-07-09 22:38:33,SYS,
olAFl6zoJdk7Ikoa1GdIc3gxQCC8,0.00,69212538044429	,用户提现,126.40,用户提现-退费单RF2026070922242671285,2026-07-09 22:24:54,用户提现,
olAFl6zoJdk7Ikoa1GdIc3gxQCC8,126.40,69212538044429	,订单退费转入,126.40,系统处理工单时转移用户余额，订单号=WS2026011716373261133,2026-07-09 22:24:27,SYS,
ojb7F2I2DcTr16nIzW8uF9zmMPXM,96.60,70032617035840	,订单退费转入,96.60,系统处理工单时转移用户余额，订单号=WS2026060700370401476,2026-07-09 22:09:10,SYS,
o2uAP6yoXnMY-tbTFaTcx0rJyypw,0.00,86353253	,用户提现,146.00,用户提现-退费单RF2026070921060168067,2026-07-09 22:06:15,用户提现,
olAFl606Id5Hs1sZHGWNW1RCg3xQ,0.00,69212602146551	,用户提现,42.00,用户提现-退费单RF2026070922045004524,2026-07-09 22:05:50,用户提现,
olAFl606Id5Hs1sZHGWNW1RCg3xQ,42.00,69212602146551	,订单退费转入,42.00,系统处理工单时转移用户余额，订单号=WN2026051612235320635,2026-07-09 22:04:50,SYS,
olAFl6zp57hkYl4Z-eiDpkeVIkaM,134.00,67492552542986	,订单退费转入,134.00,系统处理工单时转移用户余额，订单号=WS2026052711495261051,2026-07-09 21:56:06,SYS,
olAFl6xjldzA9OMhcsQ4NiwIo3oA,0.00,69212621221990	,用户提现,92.20,用户提现-退费单RF2026070921432886799,2026-07-09 21:46:03,用户提现,
olAFl6xjldzA9OMhcsQ4NiwIo3oA,92.20,69212621221990	,订单退费转入,92.20,系统处理工单时转移用户余额，订单号=WN2026062220415713324,2026-07-09 21:43:29,SYS,
olAFl687Nz4E-Yb8qMKhqaQwvLw8,0.00,70032621091538	,用户提现,152.30,用户提现-退费单RF2026070921220664772,2026-07-09 21:22:59,用户提现,
olAFl687Nz4E-Yb8qMKhqaQwvLw8,152.30,70032621091538	,订单退费转入,152.30,系统处理工单时转移用户余额，订单号=WS2026062219023561164,2026-07-09 21:22:07,SYS,
ojb7F2PID05gBt1qtTsIvLIgMaV4,0.00,69212621226971	,用户提现,179.00,用户提现-退费单RF2026070921142471137,2026-07-09 21:15:19,用户提现,
ojb7F2PID05gBt1qtTsIvLIgMaV4,179.00,69212621226971	,订单退费转入,179.00,工单系统流量套餐退款,2026-07-09 21:14:25,SYS,
ojb7F2PRFxsyhvEIxsQDhu6KzHKs,0.00,69212621217489	,用户提现,86.00,用户提现-退费单RF2026070921094187969,2026-07-09 21:10:36,用户提现,
ojb7F2PRFxsyhvEIxsQDhu6KzHKs,86.00,69212621217489	,订单退费转入,86.00,系统处理工单时转移用户余额，订单号=WS2026063012043526655,2026-07-09 21:09:42,SYS,
olAFl62KlApYMzH9IPmlV2wRlLg0,0.00,68032536029577	,用户提现,54.00,用户提现-退费单RF2026070920565813666,2026-07-09 21:06:13,用户提现,
o2uAP6yoXnMY-tbTFaTcx0rJyypw,146.00,86353253	,订单退费转入,146.00,工单系统流量套餐退款 本单会员价格20.00元，不能退款,2026-07-09 21:06:02,SYS,
olAFl6zWSQrhZeQsDw9bVG7kGoLs,0.00,68032504013237	,用户提现,89.00,用户提现-退费单RF2026070920421293975,2026-07-09 21:02:54,用户提现,
olAFl62KlApYMzH9IPmlV2wRlLg0,54.00,68032536029577	,订单退费转入,54.00,系统处理工单时转移用户余额，订单号=WS2026022410281566779,2026-07-09 20:56:58,SYS,
olAFl6zWSQrhZeQsDw9bVG7kGoLs,89.00,68032504013237	,订单退费转入,89.00,工单系统流量套餐退款,2026-07-09 20:42:13,SYS,
olAFl62HAJ8atzU_zWKlpvkIpMCA,0.00,58482339010398	,用户提现,92.20,用户提现-退费单RF2026070920174002522,2026-07-09 20:41:11,用户提现,
ojb7F2J66GzC2KUy-f84SR3RAH_4,29.00,67492552541021	,订单退费转入,29.00,工单系统流量套餐退款,2026-07-09 20:36:10,SYS,
ojb7F2I3B2xRFNxdq2Hfsbev3ABY,179.00,69212606158078	,订单退费转入,179.00,工单系统流量套餐退款,2026-07-09 20:32:08,SYS,
olAFl62HAJ8atzU_zWKlpvkIpMCA,92.20,58482339010398	,订单退费转入,92.20,系统处理工单时转移用户余额，订单号=WN2026070818264618445,2026-07-09 20:17:40,SYS,
ojb7F2DD5IYlr4UJH5H-pFc0vDL4,0.00,69212612186065	,用户提现,169.00,用户提现-退费单RF2026070818471367520,2026-07-09 19:54:13,用户提现,
olAFl67mTjlqI_BJmBTq8bQRj4bE,0.00,67512515168229	,用户提现,95.00,用户提现-退费单RF2026052803152760950,2026-07-09 19:42:41,用户提现,
olAFl67xzvES-kljg97bJhGIz9pQ,99.00,68772522032564	,订单退费转入,99.00,工单系统流量套餐退款,2026-07-09 19:38:06,SYS,
odELQ6sfKxjVId5owzQQO5kDkKzQ,0.00,67682509015072	,用户提现,159.00,用户提现-退费单RF2026070919332575126,2026-07-09 19:36:01,用户提现,
odELQ6sfKxjVId5owzQQO5kDkKzQ,159.00,67682509015072	,订单退费转入,159.00,工单系统流量套餐退款,2026-07-09 19:33:26,SYS,
olAFl6_iWraN9yFjvYkY2ce5d5IA,0.00,69212612181850	,用户提现,29.00,用户提现-退费单RF2026070820271791868,2026-07-09 19:32:54,用户提现,
olAFl62vdQLt695E2vHMKUWxlL8s,0.00,70032611012680	,用户提现,188.00,用户提现-退费单RF2026070803152230617,2026-07-09 19:04:11,用户提现,
ojb7F2Ds10NDQTucBQd4AwW83Ih4,0.00,69212612168872	,用户提现,78.00,用户提现-退费单RF2026070918470088862,2026-07-09 18:48:32,用户提现,
ojb7F2Ds10NDQTucBQd4AwW83Ih4,78.00,69212612168872	,订单退费转入,78.00,工单系统流量套餐退款,2026-07-09 18:47:01,SYS,
olAFl618DAOrz3gPSODCGYF3MkDo,25.50,69212538050395	,订单退费转入,25.50,系统处理工单时转移用户余额，订单号=WN2025101010082486938,2026-07-09 18:28:19,SYS,
o2uAP68BoKr9F7jxnphrnakstVmU,0.00,80177590	,用户提现,199.00,用户提现-退费单RF2026070903150921610,2026-07-09 18:04:26,用户提现,
olAFl67Xa9c5Oo4sT04OkBDHSI1Y,0.00,67492538520461	,用户提现,216.80,用户提现-退费单RF2026060103153309838,2026-07-09 17:49:24,用户提现,
olAFl60KOeWLFZxKbCdqX4smwIMY,0.00,67512515164008	,用户提现,54.00,用户提现-退费单RF2026070703151369530,2026-07-09 17:41:34,用户提现,
olAFl66iyvYPpndwdiob3o29OmqI,0.00,67002452076779	,用户提现,113.20,用户提现-退费单RF2026070917372974431,2026-07-09 17:37:55,用户提现,
olAFl66iyvYPpndwdiob3o29OmqI,113.20,67002452076779	,订单退费转入,113.20,系统处理工单时转移用户余额，订单号=WS2026010618301731293,2026-07-09 17:37:30,SYS,
ojb7F2PEvDW4M9lgl_5GKCRvwavs,199.00,69212621226503	,订单退费转入,199.00,工单系统流量套餐退款,2026-07-09 17:35:21,SYS,
olAFl6yZmlrPY0HGnfyBUAb31d0Q,0.00,68772528053440	,用户提现,29.00,用户提现-退费单RF2026061812271695087,2026-07-09 17:35:03,用户提现,
olAFl6-zLdbCG5S6jw46gzKI0oYw,49.00,67512525202790	,订单退费转入,49.00,工单系统流量套餐退款,2026-07-09 17:28:15,SYS,
olAFl64yf5UU_s5deTIaHH4WugCM,0.00,70032617031726	,用户提现,74.00,用户提现-退费单RF2026070916274970662,2026-07-09 17:27:31,用户提现,
ojb7F2JChoqbdIzQRPh40juz0_Y0,0.00,69212606156818	,用户提现,54.00,用户提现-退费单RF2026070820271510494,2026-07-09 17:23:19,用户提现,
olAFl65rwa-RbD5-fXxXFSLKwc-0,0.00,67482512334800	,用户提现,87.00,用户提现-退费单RF2026070916493580363,2026-07-09 16:50:00,用户提现,
olAFl65rwa-RbD5-fXxXFSLKwc-0,87.00,67482512334800	,订单退费转入,87.00,工单系统流量套餐退款,2026-07-09 16:49:36,SYS,
olAFl60oQl_jf_3J85rklWFMqpSI,0.00,69212621223959	,用户提现,142.20,用户提现-退费单RF2026070916444014346,2026-07-09 16:46:44,用户提现,
olAFl60oQl_jf_3J85rklWFMqpSI,142.20,69212621223959	,订单退费转入,142.20,系统处理工单时转移用户余额，订单号=WS2026062712351584095,2026-07-09 16:44:40,SYS,
ojb7F2PcNaB0qi8zW4BNZUaUOnBU,0.00,69142620028747	,用户提现,199.00,用户提现-退费单RF2026070916382369687,2026-07-09 16:40:48,用户提现,
ojb7F2PcNaB0qi8zW4BNZUaUOnBU,199.00,69142620028747	,订单退费转入,199.00,工单系统流量套餐退款,2026-07-09 16:38:24,SYS,
olAFl64yf5UU_s5deTIaHH4WugCM,74.00,70032617031726	,订单退费转入,74.00,系统处理工单时转移用户余额，订单号=WS2026062210111136534,2026-07-09 16:27:50,SYS,
olAFl6-5EEIHFqLLAYhl88NIZuEI,0.00,68772612330332	,用户提现,361.00,用户提现-退费单RF2026070916023265175,2026-07-09 16:03:24,用户提现,
olAFl6-5EEIHFqLLAYhl88NIZuEI,361.00,68772612330332	,订单退费转入,361.00,工单系统流量套餐退款,2026-07-09 16:02:33,SYS,
olAFl6-fhZKR7j2fWrjP_q3x7xmk,0.00,67492609639672	,用户提现,50.00,用户提现-退费单RF2026070903151336793,2026-07-09 15:51:26,用户提现,
ojb7F2GDL9KSiB9T5wzEY5QRYQus,0.00,67492609640404	,用户提现,39.00,用户提现-退费单RF2026070915315119123,2026-07-09 15:36:10,用户提现,
ojb7F2GDL9KSiB9T5wzEY5QRYQus,39.00,67492609640404	,订单退费转入,39.00,工单系统流量套餐退款,2026-07-09 15:31:51,SYS,
ojb7F2PwncahKdwmBdIUbGzFimRw,0.00,67492552539992	,用户提现,199.00,用户提现-退费单RF2026070915221821221,2026-07-09 15:25:37,用户提现,
olAFl6-8knZLThmOsBSxfqILMdSs,0.00,67492609641478	,用户提现,39.00,用户提现-退费单RF2026070909391897329,2026-07-09 15:24:38,用户提现,
ojb7F2PwncahKdwmBdIUbGzFimRw,199.00,67492552539992	,订单退费转入,199.00,工单系统流量套餐退款,2026-07-09 15:22:18,SYS,
olAFl6-PKTh2BdnBEP7dohbiEUFY,0.00,68772612327395	,用户提现,66.00,用户提现-退费单RF2026070915111988189,2026-07-09 15:13:13,用户提现,
olAFl6-PKTh2BdnBEP7dohbiEUFY,66.00,68772612327395	,订单退费转入,66.00,系统处理工单时转移用户余额，订单号=WS2026050309550478997,2026-07-09 15:11:20,SYS,
olAFl6zCGoYyb9vQ7YauH7_TbiUA,0.00,67002535388271	,用户提现,80.60,用户提现-退费单RF2026070902234378793,2026-07-09 14:46:52,用户提现,
olAFl6_YrPzSHQmjZPcwO-QBh6WI,0.00,68772539117520	,用户提现,119.00,用户提现-退费单RF2026070914372807884,2026-07-09 14:39:25,用户提现,
olAFl6_YrPzSHQmjZPcwO-QBh6WI,119.00,68772539117520	,订单退费转入,119.00,工单系统流量套餐退款,2026-07-09 14:37:28,SYS,
olAFl667WZVgEpc0jWpYKjgHRdks,0.00,67002453142896	,用户提现,27.60,用户提现-退费单RF2026061614421755363,2026-07-09 14:30:52,用户提现,
ojb7F2EqQ3TyTEFl653IGYxDoVA4,0.00,70032617027208	,用户提现,19.80,用户提现-退费单RF2026070913532563479,2026-07-09 14:28:14,用户提现,
olAFl6zoTcsKKklYkU92vbbGHR_g,0.00,60912422108752	,用户提现,87.80,用户提现-退费单RF2026070914224546790,2026-07-09 14:23:06,用户提现,
olAFl6zoTcsKKklYkU92vbbGHR_g,87.80,60912422108752	,订单退费转入,87.80,系统处理工单时转移用户余额，订单号=WS2026051912172356551,2026-07-09 14:22:45,SYS,
olAFl6_7EkR9vhwA86Mxtyzt-Axs,0.00,68772612326934	,用户提现,169.00,用户提现-退费单RF2026070717594339271,2026-07-09 14:16:49,用户提现,
ojb7F2Pm4Rq9g75wiazLBGzC-hOE,0.00,69212621219222	,用户提现,180.00,用户提现-退费单RF2026070818502820497,2026-07-09 14:04:54,用户提现,
olAFl6zJd9VPvUsPyXFGaO_Ff9Zs,0.00,68772535081347	,用户提现,138.00,用户提现-退费单RF2026070911102422473,2026-07-09 14:04:11,用户提现,
ojb7F2EqQ3TyTEFl653IGYxDoVA4,19.80,70032617027208	,订单退费转入,19.80,工单系统流量套餐退款,2026-07-09 13:53:26,SYS,
o2uAP6y0eY-X--VQC7kGvYsHc_MQ,0.00,328809560	,用户提现,171.00,用户提现-退费单RF2026070913431195692,2026-07-09 13:52:21,用户提现,
olAFl66ge4mJeP4_5OIt28I77cfU,0.00,67002523289864	,用户提现,180.00,用户提现-退费单RF2026070913442729182,2026-07-09 13:52:01,用户提现,
olAFl6-7Ad4PluvAI0jMJXamBATs,0.00,69212552124321	,用户提现,19.90,用户提现-退费单RF2026070913441618512,2026-07-09 13:44:38,用户提现,
olAFl66ge4mJeP4_5OIt28I77cfU,180.00,67002523289864	,订单退费转入,180.00,系统处理工单时转移用户余额，订单号=WS2026070208270894418,2026-07-09 13:44:27,SYS,
olAFl6-7Ad4PluvAI0jMJXamBATs,19.90,69212552124321	,订单退费转入,19.90,工单系统流量套餐退款,2026-07-09 13:44:16,SYS,
olAFl67WkJDVnj6sZ4954X42oEMQ,0.00,67002509217606	,用户提现,29.00,用户提现-退费单RF2026070913340124428,2026-07-09 13:44:10,用户提现,
o2uAP6y0eY-X--VQC7kGvYsHc_MQ,171.00,328809560	,订单退费转入,171.00,工单系统流量套餐退款,2026-07-09 13:43:12,SYS,
olAFl6xN7G1avAUqozQGhz98z1CM,0.00,68772604275687	,用户提现,99.00,用户提现-退费单RF2026062815174143977,2026-07-09 13:41:07,用户提现,
ojb7F2JzFjDApjnNDbbD7G_u3E10,142.20,69212612179371	,订单退费转入,142.20,系统处理工单时转移用户余额，订单号=WS2026070509211008256,2026-07-09 13:36:01,SYS,
olAFl67WkJDVnj6sZ4954X42oEMQ,29.00,67002509217606	,订单退费转入,29.00,工单系统流量套餐退款,2026-07-09 13:34:01,SYS,
olAFl64xRVdKD3xlRaVO_QJMtR4U,0.00,67512445096725	,用户提现,70.50,用户提现-退费单RF2026070912471000238,2026-07-09 13:31:21,用户提现,
olAFl6zhpn0NdvqiXGs9dJrF1P7s,199.00,67482610411826	,订单退费转入,199.00,工单系统流量套餐退款 本单会员价格20.00元，不能退款,2026-07-09 13:04:29,SYS,
olAFl64xRVdKD3xlRaVO_QJMtR4U,70.50,67512445096725	,订单退费转入,70.50,系统处理工单时转移用户余额，订单号=WS2026031218295240082,2026-07-09 12:47:10,SYS,
olAFl67UfPPM-aLWsD6kDHyHGyMQ,0.00,67482448035094	,用户提现,77.00,用户提现-退费单RF2026070912345160495,2026-07-09 12:43:33,用户提现,
ojb7F2B91yfpYwO4KWfFGWfwvzCo,0.00,70032617029648	,用户提现,39.00,用户提现-退费单RF2026070814191263833,2026-07-09 12:41:57,用户提现,
ojb7F2B91yfpYwO4KWfFGWfwvzCo,39.00,70032617029648	,订单退费转入,39.00,工单系统审核退费单-套餐已作废/钱包已清零,2026-07-09 12:40:41,SYS,
olAFl67UfPPM-aLWsD6kDHyHGyMQ,77.00,67482448035094	,订单退费转入,77.00,系统处理工单时转移用户余额，订单号=WN2026070518062186650,2026-07-09 12:34:52,SYS,
olAFl63QCJYQ_rJnp2LbfKpOxnyQ,129.00,86132335073063	,订单退费转入,129.00,工单系统流量套餐退款,2026-07-09 12:29:58,SYS,
olAFl6yeK0iJURBRnoVRKyL15vYw,0.00,864665067757000	,用户提现,507.00,用户提现-退费单RF2026070414051109374,2026-07-09 12:16:44,用户提现,
olAFl63W8sHvXUc6xeGtxKRn7S7o,0.00,67862447017473	,用户提现,144.20,用户提现-退费单RF2026070119233719981,2026-07-09 12:14:50,用户提现,
olAFl69B7peiGHDTvUCNgERweTOw,116.20,69212537039790	,订单退费转入,116.20,系统处理工单时转移用户余额，订单号=WS2026012622052953672,2026-07-09 12:14:21,SYS,
ojb7F2K23BIUvKf1In3uM5rw2h08,0.00,69212621221367	,用户提现,92.20,用户提现-退费单RF2026070912013565675,2026-07-09 12:14:20,用户提现,
olAFl630o4_Nqsg2JI0X6u4UVqPY,0.00,67492603605576	,用户提现,58.00,用户提现-退费单RF2026070912065041811,2026-07-09 12:08:45,用户提现,
olAFl630o4_Nqsg2JI0X6u4UVqPY,58.00,67492603605576	,订单退费转入,58.00,工单系统流量套餐退款,2026-07-09 12:06:50,SYS,
ojb7F2K23BIUvKf1In3uM5rw2h08,92.20,69212621221367	,订单退费转入,92.20,系统处理工单时转移用户余额，订单号=WN2026061720031454671,2026-07-09 12:01:36,SYS,
olAFl63IsHpOyumoOc31Be9635bM,0.00,864665067113980	,用户提现,68.00,用户提现-退费单RF2026070415103071385,2026-07-09 11:42:54,用户提现,
olAFl682k84XR0Ju6t6ayQDr2F5Y,0.00,67512535263512	,用户提现,34.00,用户提现-退费单RF2026060303150951454,2026-07-09 11:35:13,用户提现,
olAFl6zJd9VPvUsPyXFGaO_Ff9Zs,138.00,68772535081347	,订单退费转入,138.00,工单系统流量套餐退款 本单会员价格20.00元，不能退款,2026-07-09 11:10:24,SYS,
olAFl621Eza-yFvarugL3A6N2b4o,32.90,67512517180847	,订单退费转入,32.90,系统处理工单时转移用户余额，订单号=WN2026051210370588998,2026-07-09 11:09:20,SYS,
olAFl6xEPPirrfmSSkoGFRdD54Rs,0.00,67482610424672	,用户提现,64.40,用户提现-退费单RF2026060323381671131,2026-07-09 10:57:46,用户提现,
ojb7F2NHjsI5TbHoLf_D1dKTP_6A,0.00,68932621086612	,用户提现,138.00,用户提现-退费单RF2026070903150923279,2026-07-09 10:52:30,用户提现,
ojb7F2AC5cg1Ja2CPi6UZAFGq7cc,379.00,69142620027833	,订单退费转入,379.00,工单系统流量套餐退款,2026-07-09 10:36:28,SYS,
olAFl63IUdN0vOGBTYQ4gHa254uI,0.00,67492538513642	,用户提现,80.80,用户提现-退费单RF2026062603150768451,2026-07-09 10:17:59,用户提现,
o2uAP68OeTuil1U9A4e3gTiLGKXw,0.00,86348931	,用户提现,49.00,用户提现-退费单RF2026070802463044253,2026-07-09 10:15:01,用户提现,
o2uAP62O95U8RTBSpC7ZfrXsw0XM,0.00,90460965	,用户提现,799.00,用户提现-退费单RF2026070903150920044,2026-07-09 10:12:29,用户提现,
ojb7F2HucRL8nmRRa1CnWfio5ZJo,0.00,70032611012483	,用户提现,212.00,用户提现-退费单RF2026070910044471499,2026-07-09 10:11:55,用户提现,
ojb7F2HucRL8nmRRa1CnWfio5ZJo,212.00,70032611012483	,订单退费转入,212.00,工单系统流量套餐退款,2026-07-09 10:04:45,SYS,
ojb7F2FMGzui6E9Tau8ASIy0r1sE,0.00,67492538516577	,用户提现,443.00,用户提现-退费单RF2026070822184329338,2026-07-09 09:56:58,用户提现,
olAFl64JiRAObXQuMz1q3bRhgisg,0.00,69212612179798	,用户提现,479.00,用户提现-退费单RF2026070816012444599,2026-07-09 09:44:42,用户提现,
olAFl62AcEwPFjicxd-gJwe4Fibo,0.00,67492552542293	,用户提现,420.00,用户提现-退费单RF2026070809102624763,2026-07-09 09:39:30,用户提现,
olAFl6-8knZLThmOsBSxfqILMdSs,39.00,67492609641478	,订单退费转入,39.00,工单系统流量套餐退款,2026-07-09 09:39:19,SYS,
olAFl686KHCDVaukqDT7VsV0nQ6M,0.00,68772528046729	,用户提现,222.00,用户提现-退费单RF2026062313492296348,2026-07-09 09:25:51,用户提现,
olAFl64KxoIr1-ceMbrLRObNFj5A,0.00,68932612065105	,用户提现,199.00,用户提现-退费单RF2026070903151484340,2026-07-09 09:24:54,用户提现,
olAFl6_1ViA0wLuABIiGLHdZ7CBg,19.00,67492610672049	,订单退费转入,19.00,工单系统流量套餐退款,2026-07-09 09:24:46,SYS,
ojb7F2LBzgGJfNeQfXqV3gyNU4cQ,340.00,69142620029724	,订单退费转入,340.00,工单系统流量套餐退款,2026-07-09 09:23:09,SYS,
ojb7F2M7N7TttZFBSQl4DwADG9y0,0.00,70032617036519	,用户提现,117.50,用户提现-退费单RF2026070909010192612,2026-07-09 09:08:11,用户提现,
ojb7F2M7N7TttZFBSQl4DwADG9y0,117.50,70032617036519	,订单退费转入,117.50,系统处理工单时转移用户余额，订单号=WS2026060422431155617,2026-07-09 09:01:02,SYS,
olAFl668_r2Na6wvMbBWM9-A4EN4,0.00,67512534246199	,用户提现,103.30,用户提现-退费单RF2026070908524008335,2026-07-09 08:55:21,用户提现,
olAFl668_r2Na6wvMbBWM9-A4EN4,103.30,67512534246199	,订单退费转入,103.30,系统处理工单时转移用户余额，订单号=WS2026020716505886824,2026-07-09 08:52:40,SYS,
olAFl6_k8GoApJ0SlFX8lp-zPe7U,0.00,67512515169007	,用户提现,124.00,用户提现-退费单RF2026070903151501468,2026-07-09 08:39:08,用户提现,
olAFl653B4Miv7LzDE_7bkv961ek,0.00,67492602586054	,用户提现,302.00,用户提现-退费单RF2026070903150170684,2026-07-09 08:25:21,用户提现,
olAFl61TCHQaj21PAm1dD6ES-OXI,0.00,68772604277401	,用户提现,89.30,用户提现-退费单RF2026070303155361567,2026-07-09 06:23:48,用户提现,
olAFl663ddhECVMwyMSCbrmhClVM,0.00,69212612171804	,用户提现,399.00,用户提现-退费单RF2026070803152232592,2026-07-09 05:04:30,用户提现,
olAFl6891c9CBPsAYkwgasVwUZ_A,210.10,68932612067927	,订单退费转入,210.10,系统处理工单时转移用户余额，订单号=WS2026051817484243442,2026-07-09 03:15:18,SYS,
olAFl6-lnRFpPWwc4zXywMtdOc9Q,75.50,864665067719265	,订单退费转入,75.50,系统处理工单时转移用户余额，订单号=WS2026030118383500274,2026-07-09 03:15:17,SYS,
olAFl6zgf1Z-8swCHab4OWvu9uDI,260.00,69212621220320	,订单退费转入,260.00,系统处理工单时转移用户余额，订单号=WS2026061810331039724,2026-07-09 03:15:17,SYS,
olAFl65uF-jwGBd6fOo0K9PT5grY,49.60,67002509246359	,订单退费转入,49.60,系统处理工单时转移用户余额，订单号=WS2026021009173430326,2026-07-09 03:15:15,SYS,
olAFl64KxoIr1-ceMbrLRObNFj5A,199.00,68932612065105	,订单退费转入,199.00,工单系统流量套餐退款,2026-07-09 03:15:15,SYS,
olAFl6_k8GoApJ0SlFX8lp-zPe7U,124.00,67512515169007	,订单退费转入,124.00,系统处理工单时转移用户余额，订单号=WS2026030219570458170,2026-07-09 03:15:15,SYS,
olAFl6zUkAOscRxpoZtXmFxOeqCk,82.00,67512535268770	,订单退费转入,82.00,系统处理工单时转移用户余额，订单号=WS2025111513321372982,2026-07-09 03:15:13,SYS,
olAFl60aN-DvNzEnpTr9qI6X_rdA,79.00,67492610673634	,订单退费转入,79.00,工单系统流量套餐退款 组合支付：微信退费 79.00,2026-07-09 03:15:13,SYS,
olAFl63JKoPsa1r8ybuKzpKvS_x0,54.00,67492509453710	,订单退费转入,54.00,系统处理工单时转移用户余额，订单号=WS2026010808292904791,2026-07-09 03:15:13,SYS,
olAFl66T17MiNUUnhANneH65Xw4U,179.00,67492609640357	,订单退费转入,179.00,工单系统流量套餐退款,2026-07-09 03:15:13,SYS,
olAFl6yrlR4j1xgVoPraHMANBNIo,3.00,69212544103580	,订单退费转入,3.00,工单系统流量套餐退款 组合支付：微信退费 3.00,2026-07-09 03:15:13,SYS,
olAFl6-fhZKR7j2fWrjP_q3x7xmk,50.00,67492609639672	,订单退费转入,50.00,工单系统流量套餐退款,2026-07-09 03:15:13,SYS,
olAFl6zgorQIM4m6b55-gG1wjljI,157.30,67482454183270	,订单退费转入,157.30,系统处理工单时转移用户余额，订单号=WS2026051623121273530,2026-07-09 03:15:11,SYS,
olAFl65lz2TYjluzjGwfukpI1FJ0,54.00,67482504274728	,订单退费转入,54.00,系统处理工单时转移用户余额，订单号=WS2026010106153030720,2026-07-09 03:15:11,SYS,
olAFl66Zinwwj2dA1T4pHbLB-hYM,142.00,68772537092300	,订单退费转入,142.00,系统处理工单时转移用户余额，订单号=WS2026052618254094987,2026-07-09 03:15:09,SYS,
olAFl69Og92FLJra69zbz3X11kDo,135.00,67492602586270	,订单退费转入,135.00,工单系统流量套餐退款 本单会员价格20.00元，不能退款,2026-07-09 03:15:09,SYS,
o2uAP62O95U8RTBSpC7ZfrXsw0XM,799.00,90460965	,订单退费转入,799.00,工单系统流量套餐退款,2026-07-09 03:15:09,SYS,
o2uAP68BoKr9F7jxnphrnakstVmU,199.00,80177590	,订单退费转入,199.00,工单系统流量套餐退款,2026-07-09 03:15:09,SYS,
ojb7F2NHjsI5TbHoLf_D1dKTP_6A,138.00,68932621086612	,订单退费转入,138.00,工单系统流量套餐退款 本单会员价格20.00元，不能退款,2026-07-09 03:15:09,SYS,
olAFl69ElfC74i-pA2CtlOSMeBwo,171.20,70032611010596	,订单退费转入,171.20,系统处理工单时转移用户余额，订单号=WS2026061713241151522,2026-07-09 03:15:09,SYS,
olAFl68Dnbet84xVKyKvh2aqtOHY,155.30,69142620027180	,订单退费转入,155.30,系统处理工单时转移用户余额，订单号=WS2026052807202016384,2026-07-09 03:15:07,SYS,
olAFl67zJpRK0lPdp3iB-S7O7npE,140.10,67482504305255	,订单退费转入,140.10,系统处理工单时转移用户余额，订单号=WS2026050215063006694,2026-07-09 03:15:07,SYS,
olAFl6-fOJ6s1C1xoxF_LlxjwTpk,16.80,69212536000225	,订单退费转入,16.80,系统处理工单时转移用户余额，订单号=WS2026011420463139361,2026-07-09 03:15:06,SYS,
olAFl60pQgn7V8O52JEO1jkoNPOg,139.00,67492609641382	,订单退费转入,139.00,系统处理工单时转移用户余额，订单号=WS2026051410461150719,2026-07-09 03:15:05,SYS,
olAFl60AShF5g3nYl0iYNtL_W5VM,29.00,68772550179009	,订单退费转入,29.00,工单系统流量套餐退款,2026-07-09 03:15:05,SYS,
olAFl6_GqlngY7HTww9DKFWbVlZY,34.00,69212602135460	,订单退费转入,34.00,系统处理工单时转移用户余额，订单号=WS2026022101274690112,2026-07-09 03:15:04,SYS,
olAFl692kDPdJU-RJ12zuZXB4NSE,97.36,67862535043963	,订单退费转入,97.36,系统处理工单时转移用户余额，订单号=WS2025110109395244230,2026-07-09 03:15:04,SYS,
olAFl6yZmlrPY0HGnfyBUAb31d0Q,29.00,68772528053440	,订单退费转入,29.00,工单系统审核退费单-套餐已作废/钱包已清零,2026-07-09 03:15:04,SYS,
olAFl653B4Miv7LzDE_7bkv961ek,302.00,67492602586054	,订单退费转入,302.00,工单系统流量套餐退款,2026-07-09 03:15:02,SYS,
ojb7F2NBrsTM1DI7MRYKOFg5EGzc,39.00,69212621226796	,订单退费转入,39.00,工单系统流量套餐退款,2026-07-09 03:15:02,SYS,
olAFl6zCGoYyb9vQ7YauH7_TbiUA,80.60,67002535388271	,订单退费转入,80.60,系统处理工单时转移用户余额，订单号=WS2026051223475114481,2026-07-09 02:23:44,SYS,
olAFl64MFib8mYezcbvIOg5nMmdQ,0.00,67002523284951	,用户提现,78.40,用户提现-退费单RF2026070823424295271,2026-07-08 23:46:23,用户提现,
olAFl64MFib8mYezcbvIOg5nMmdQ,78.40,67002523284951	,订单退费转入,78.40,系统处理工单时转移用户余额，订单号=WN2025122613382689972,2026-07-08 23:42:43,SYS,
olAFl66rqLgjtTmBaQ7iEcahhEbE,0.00,67512445107485	,用户提现,96.20,用户提现-退费单RF2026070823354719971,2026-07-08 23:36:28,用户提现,
olAFl66rqLgjtTmBaQ7iEcahhEbE,96.20,67512445107485	,订单退费转入,96.20,系统处理工单时转移用户余额，订单号=WN2026050311391265488,2026-07-08 23:35:47,SYS,
olAFl6_gkhoN7RvZvlkEFuSFyV50,0.00,864665069417819	,用户提现,99.00,用户提现-退费单RF2026070718212071949,2026-07-08 23:29:51,用户提现,
o4p3p60-nAnx9nAmwJ9NQs8QDXUU,0.00,867921073629742	,用户提现,280.00,用户提现-退费单RF2026070803152644014,2026-07-08 23:18:52,用户提现,
olAFl6zcdOXw6pIeJLHtKg77fT80,0.00,67482504270500	,用户提现,46.60,用户提现-退费单RF2026070703152010610,2026-07-08 23:17:38,用户提现,
olAFl68dJ_qUUQJCIpAwqVI6Ta9Q,0.00,67512535272746	,用户提现,84.70,用户提现-退费单RF2026070823154831961,2026-07-08 23:16:12,用户提现,
olAFl68dJ_qUUQJCIpAwqVI6Ta9Q,84.70,67512535272746	,订单退费转入,84.70,系统处理工单时转移用户余额，订单号=WS2026042910553491511,2026-07-08 23:15:48,SYS,
olAFl69jECzGwGOqphgZzIW0t3xU,0.00,67002453174292	,用户提现,76.60,用户提现-退费单RF2026070822000797157,2026-07-08 22:44:47,用户提现,
ojb7F2FMGzui6E9Tau8ASIy0r1sE,443.00,67492538516577	,订单退费转入,443.00,工单系统流量套餐退款,2026-07-08 22:18:43,SYS,
ojb7F2BPP9cNTbl49xAGYd8RDvTI,0.00,69212621227121	,用户提现,179.00,用户提现-退费单RF2026070706514257357,2026-07-08 22:10:57,用户提现,
olAFl67uxcajMd3O3Bz8yPtDGSAU,0.00,86132330045240	,用户提现,168.00,用户提现-退费单RF2026070821562797588,2026-07-08 22:00:20,用户提现,
olAFl69jECzGwGOqphgZzIW0t3xU,76.60,67002453174292	,订单退费转入,76.60,系统处理工单时转移用户余额，订单号=WS2026042017021472536,2026-07-08 22:00:08,SYS,
olAFl67uxcajMd3O3Bz8yPtDGSAU,168.00,86132330045240	,订单退费转入,168.00,工单系统流量套餐退款,2026-07-08 21:56:28,SYS,
olAFl60wot9Hs7vI-diTEy_2_InM,0.00,69212536015466	,用户提现,19.00,用户提现-退费单RF2026070821550383882,2026-07-08 21:56:24,用户提现,
olAFl60wot9Hs7vI-diTEy_2_InM,19.00,69212536015466	,订单退费转入,19.00,系统处理工单时转移用户余额，订单号=WS2026011519363782274,2026-07-08 21:55:04,SYS,
olAFl69ZdauAcYRE-7jvRzsjIzLU,0.00,58482351168360	,用户提现,47.00,用户提现-退费单RF2026070821053775444,2026-07-08 21:24:24,用户提现,
olAFl68pKFsdQ2-6mnCj1xmwhab0,0.00,67002535388657	,用户提现,45.60,用户提现-退费单RF2026070821174171415,2026-07-08 21:18:14,用户提现,
olAFl68pKFsdQ2-6mnCj1xmwhab0,45.60,67002535388657	,订单退费转入,45.60,系统处理工单时转移用户余额，订单号=WN2025110218524634394,2026-07-08 21:17:42,SYS,
olAFl69ZdauAcYRE-7jvRzsjIzLU,47.00,58482351168360	,订单退费转入,47.00,工单系统流量套餐退款,2026-07-08 21:05:38,SYS,
olAFl6_iWraN9yFjvYkY2ce5d5IA,29.00,69212612181850	,订单退费转入,29.00,工单系统流量套餐退款,2026-07-08 20:27:18,SYS,
ojb7F2JChoqbdIzQRPh40juz0_Y0,54.00,69212606156818	,订单退费转入,54.00,系统处理工单时转移用户余额，订单号=WS2026063011500388960,2026-07-08 20:27:15,SYS,
olAFl6_UA4kb-Q8eEe8RyNCoRh5I,0.00,68772539117335	,用户提现,141.00,用户提现-退费单RF2026070303154174912,2026-07-08 20:07:28,用户提现,
olAFl6zUifO2WvS85_CQ1rEGMfm8,0.00,69212621223823	,用户提现,29.00,用户提现-退费单RF2026063018252234110,2026-07-08 20:01:02,用户提现,
ojb7F2O8cWDWKzCpRzyZCN7p7ung,0.00,70032621093499	,用户提现,396.00,用户提现-退费单RF2026070819411507196,2026-07-08 19:41:44,用户提现,
ojb7F2O8cWDWKzCpRzyZCN7p7ung,396.00,70032621093499	,订单退费转入,396.00,工单系统流量套餐退款,2026-07-08 19:41:15,SYS,
olAFl6worRBEhWbup3GeVEEj6bUA,0.00,69212602132887	,用户提现,62.20,用户提现-退费单RF2026070819265631943,2026-07-08 19:39:46,用户提现,
olAFl64kpyzld1yj5Ni6mSvqSwSE,0.00,68772602216405	,用户提现,175.20,用户提现-退费单RF2026070112533040462,2026-07-08 19:33:14,用户提现,
olAFl6y4yZzodU-jXAYP9hJSgHGw,0.00,67002523289812	,用户提现,32.40,用户提现-退费单RF2026070819255441537,2026-07-08 19:30:21,用户提现,
olAFl6worRBEhWbup3GeVEEj6bUA,62.20,69212602132887	,订单退费转入,62.20,系统处理工单时转移用户余额，订单号=WN2026070409293888128,2026-07-08 19:26:56,SYS,
olAFl6y4yZzodU-jXAYP9hJSgHGw,32.40,67002523289812	,订单退费转入,32.40,系统处理工单时转移用户余额，订单号=WS2026051217473868959,2026-07-08 19:25:54,SYS,
ojb7F2KrrZ8RXalw7j_gjX0QJEoY,0.00,70032621089121	,用户提现,73.00,用户提现-退费单RF2026070810164430454,2026-07-08 19:24:17,用户提现,
olAFl6wnAnJChGVAsY-fKI1064fo,81.20,67002509207050	,订单退费转入,81.20,系统处理工单时转移用户余额，订单号=WS2026042501085125990,2026-07-08 19:10:57,SYS,
olAFl60D6QJK-pSJ6KkKamgmeEhA,0.00,67482454165757	,用户提现,48.60,用户提现-退费单RF2026070819094348032,2026-07-08 19:10:01,用户提现,
olAFl60D6QJK-pSJ6KkKamgmeEhA,48.60,67482454165757	,订单退费转入,48.60,系统处理工单时转移用户余额，订单号=WN2026030721525639279,2026-07-08 19:09:43,SYS,
ojb7F2Pm4Rq9g75wiazLBGzC-hOE,180.00,69212621219222	,订单退费转入,180.00,系统处理工单时转移用户余额，订单号=WS2026062608494462221,2026-07-08 18:50:28,SYS,
ojb7F2DD5IYlr4UJH5H-pFc0vDL4,169.00,69212612186065	,订单退费转入,169.00,工单系统流量套餐退款,2026-07-08 18:47:14,SYS,
olAFl6wEibqV6Q1Vtc7gDnnFMii4,0.00,67002523288877	,用户提现,64.50,用户提现-退费单RF2026070818360683060,2026-07-08 18:39:11,用户提现,
olAFl64-F6GrKgSFBjUBJAv1HyIk,0.00,68772522031446	,用户提现,58.70,用户提现-退费单RF2026070818340565272,2026-07-08 18:38:56,用户提现,
olAFl6xGK3fdk5RJQMG1QQ9UEvTA,0.00,67492509457712	,用户提现,54.00,用户提现-退费单RF2026070818371351771,2026-07-08 18:37:53,用户提现,
olAFl6xGK3fdk5RJQMG1QQ9UEvTA,54.00,67492509457712	,订单退费转入,54.00,系统处理工单时转移用户余额，订单号=WS2025082611235945085,2026-07-08 18:37:14,SYS,
olAFl6wEibqV6Q1Vtc7gDnnFMii4,64.50,67002523288877	,订单退费转入,64.50,系统处理工单时转移用户余额，订单号=WN2025121608560595695,2026-07-08 18:36:07,SYS,
olAFl64-F6GrKgSFBjUBJAv1HyIk,58.70,68772522031446	,订单退费转入,58.70,系统处理工单时转移用户余额，订单号=WS2026031009144054423,2026-07-08 18:34:06,SYS,
ojb7F2K7vZIrbrgHxVG5P4fiqIr0,0.00,67492610675215	,用户提现,179.00,用户提现-退费单RF2026070818163078537,2026-07-08 18:28:34,用户提现,
olAFl6_i8IIkE0-gH8lUxJIWvSpM,0.00,67862539050613	,用户提现,33.00,用户提现-退费单RF2026070818165468389,2026-07-08 18:17:15,用户提现,
olAFl6_i8IIkE0-gH8lUxJIWvSpM,33.00,67862539050613	,订单退费转入,33.00,系统处理工单时转移用户余额，订单号=WS2026041807435171676,2026-07-08 18:16:55,SYS,
ojb7F2K7vZIrbrgHxVG5P4fiqIr0,179.00,67492610675215	,订单退费转入,179.00,工单系统流量套餐退款,2026-07-08 18:16:31,SYS,
olAFl61HlJitGtybPFaU_qn6X_Uk,0.00,67492609647213	,用户提现,85.40,用户提现-退费单RF2026070303152569830,2026-07-08 18:16:15,用户提现,
o2uAP60A6RXsMsIPFwVQ5pjrdQl0,113.40,86337768	,订单退费转入,113.40,系统处理工单时转移用户余额，订单号=WS2026041523055575081,2026-07-08 18:13:29,SYS,
olAFl6xAFVen7PTzDeGJhmLxLXxY,180.00,68032536036562	,订单退费转入,180.00,系统处理工单时转移用户余额，订单号=WS2026061109434376084,2026-07-08 18:08:15,SYS,
olAFl6-MJcScoJPYQpnWId2tNrJ0,0.00,86132414262849	,用户提现,93.40,用户提现-退费单RF2026070703151815019,2026-07-08 18:04:15,用户提现,
ojb7F2IeoFm7HkGAOE1pveYMbLpg,0.00,70032617027016	,用户提现,172.20,用户提现-退费单RF2026070817273691285,2026-07-08 17:28:35,用户提现,
ojb7F2IeoFm7HkGAOE1pveYMbLpg,172.20,70032617027016	,订单退费转入,172.20,系统处理工单时转移用户余额，订单号=WS2026061216373350576,2026-07-08 17:27:37,SYS,
olAFl65y7DJ_P3oNcmZjlncAr_zg,0.00,867061070042191	,用户提现,91.90,用户提现-退费单RF2026070817224564257,2026-07-08 17:24:16,用户提现,
olAFl65y7DJ_P3oNcmZjlncAr_zg,91.90,867061070042191	,订单退费转入,91.90,系统处理工单时转移用户余额，订单号=WS2025120317233467560,2026-07-08 17:22:46,SYS,
olAFl6x6f2O4_ENrF-qZ0MubSbpQ,0.00,67492509446326	,用户提现,140.20,用户提现-退费单RF2026070817063483624,2026-07-08 17:07:14,用户提现,
olAFl6w4PdS9YRdL3UBpN1-o41O8,0.00,67512534240087	,用户提现,106.00,用户提现-退费单RF2026070817053799765,2026-07-08 17:07:02,用户提现,
olAFl6x6f2O4_ENrF-qZ0MubSbpQ,140.20,67492509446326	,订单退费转入,140.20,系统处理工单时转移用户余额，订单号=WS2026060418200028782,2026-07-08 17:06:35,SYS,
olAFl6w4PdS9YRdL3UBpN1-o41O8,106.00,67512534240087	,订单退费转入,106.00,工单系统流量套餐退款 本单会员价格20.00元，不能退款,2026-07-08 17:05:38,SYS,
olAFl6zTc4sq6MwLnkuUXIzWc0hU,0.00,864665064280238	,用户提现,180.00,用户提现-退费单RF2026070807291284772,2026-07-08 17:01:59,用户提现,
olAFl60EhcG4jQ8cBKFRMLaNyy2s,10.80,67492603604448	,订单退费转入,10.80,系统处理工单时转移用户余额，订单号=WS2026032918114620587,2026-07-08 16:47:55,SYS,
olAFl64JiRAObXQuMz1q3bRhgisg,479.00,69212612179798	,订单退费转入,479.00,工单系统流量套餐退款,2026-07-08 16:01:24,SYS,
olAFl6zDQs47UKiCc-qkHl3i9rRk,0.00,70032611015960	,用户提现,106.00,用户提现-退费单RF2026070803152641662,2026-07-08 15:17:02,用户提现,
olAFl619GJuVOw6q3UHnYXZw05gU,0.00,867061075529267	,用户提现,11.80,用户提现-退费单RF2026070815094630539,2026-07-08 15:10:45,用户提现,
olAFl619GJuVOw6q3UHnYXZw05gU,11.80,867061075529267	,订单退费转入,11.80,系统处理工单时转移用户余额，订单号=WN2026050517102778561,2026-07-08 15:09:46,SYS,
olAFl63rqoRiDqAVF04X0dYY7G_E,117.30,67912450009397	,订单退费转入,117.30,系统处理工单时转移用户余额，订单号=WS2026052707531631821,2026-07-08 15:07:05,SYS,
ojb7F2MC6PjlDytMyXAHx1B_ZeT4,0.00,69142620029952	,用户提现,69.00,用户提现-退费单RF2026070815022341957,2026-07-08 15:03:51,用户提现,
ojb7F2MC6PjlDytMyXAHx1B_ZeT4,69.00,69142620029952	,订单退费转入,69.00,工单系统流量套餐退款,2026-07-08 15:02:23,SYS,
ojb7F2GVtQLMS7c-DXwzaK8qAIZM,0.00,69212621215645	,用户提现,19.00,用户提现-退费单RF2026062609280894216,2026-07-08 14:40:48,用户提现,
olAFl6_V3oCXbTMdFG8o_zQUHYkw,0.00,70032611006508	,用户提现,92.00,用户提现-退费单RF2026070814343412433,2026-07-08 14:34:49,用户提现,
olAFl6_V3oCXbTMdFG8o_zQUHYkw,92.00,70032611006508	,订单退费转入,92.00,工单系统流量套餐退款,2026-07-08 14:34:34,SYS,
olAFl6ziAEG9m-j-xMWh0RJNpBd0,54.00,68772538096791	,订单退费转入,54.00,系统处理工单时转移用户余额，订单号=WS2025100122503979670,2026-07-08 14:28:33,SYS,
olAFl67g2iRBtSiw6x6ToXGTg5Lk,0.00,68772543144274	,用户提现,8.60,用户提现-退费单RF2026070808451905256,2026-07-08 14:14:45,用户提现,
olAFl69wPXLTi3QYItHvA3J1ijy4,0.00,	,系统扣费,155.10,已退款，手动清零,2026-07-08 14:09:05,SYS,
olAFl63AnD4vqfRQVTPoENp_ofAg,0.00,	,系统扣费,62.20,已退款，手动清零,2026-07-08 14:08:21,SYS,
ojb7F2NjN-DhbHcr1-si70QUXawE ,0.00,	,订单退费转入,479.00,已系统退款，手动清零,2026-07-08 14:07:33,SYS,
olAFl6-9Xd5YC7DE9_VK-Kbpf2uo,0.00,	,系统扣费,180.00,已线下退款，手动清零,2026-07-08 14:06:51,SYS,
olAFl6wv1o7PcjOKKeFwtyAjoVq4,0.00,	,系统扣费,159.00,已线下退款，清零,2026-07-08 14:06:10,SYS,
olAFl6xHDxKgLBoNxtIsadCzzrLs,0.00,63272414003782	,用户提现,54.00,用户提现-退费单RF2026070813501155282,2026-07-08 13:51:35,用户提现,
olAFl6xHDxKgLBoNxtIsadCzzrLs,54.00,63272414003782	,订单退费转入,54.00,系统处理工单时转移用户余额，订单号=WS2025080108551454279,2026-07-08 13:50:12,SYS,
olAFl6-eoJrjCSmGsz7jlzMMP3Og,0.00,86132414258937	,用户提现,66.00,用户提现-退费单RF2026070110052877350,2026-07-08 13:06:40,用户提现,
olAFl602RqmMAjD2TzC88eda9lUM,0.00,864665069944978	,用户提现,140.20,用户提现-退费单RF2026061617382671773,2026-07-08 12:50:56,用户提现,
olAFl6zPYGQuYCfQxugFWZdBbd24,0.00,68032513023407	,用户提现,6.30,用户提现-退费单RF2026070803152054829,2026-07-08 12:47:44,用户提现,
odELQ6r73iSbU2Fg0xutGPF48ANM,0.00,68712517000155	,用户提现,799.00,用户提现-退费单RF2026070620143421632,2026-07-08 12:36:34,用户提现,
ojb7F2DZd6aOu5jQe33pjDvndcMY,0.00,69212621225665	,用户提现,95.00,用户提现-退费单RF2026070812255043049,2026-07-08 12:26:48,用户提现,
ojb7F2DZd6aOu5jQe33pjDvndcMY,95.00,69212621225665	,订单退费转入,95.00,工单系统流量套餐退款,2026-07-08 12:25:50,SYS,
olAFl630yK6in3WMGo1LiQ3TtPbI,0.00,86132325011305	,用户提现,43.40,用户提现-退费单RF2026070812134702017,2026-07-08 12:14:41,用户提现,
olAFl630yK6in3WMGo1LiQ3TtPbI,43.40,86132325011305	,订单退费转入,43.40,系统处理工单时转移用户余额，订单号=WS2025110612520994511,2026-07-08 12:13:47,SYS,
olAFl6y5uCgET_zGd3KJtS-vi_0Q,0.00,58482343094016	,用户提现,170.10,用户提现-退费单RF2026070811582637413,2026-07-08 12:02:36,用户提现,
olAFl6y5uCgET_zGd3KJtS-vi_0Q,170.10,58482343094016	,订单退费转入,170.10,系统处理工单时转移用户余额，订单号=WS2026062119105818671,2026-07-08 11:58:26,SYS,
ojb7F2PyzVNtS28ea5MMp8ZlyQp4,0.00,67002447021240	,用户提现,172.20,用户提现-退费单RF2026070603151098791,2026-07-08 11:02:08,用户提现,
olAFl6xR2bCNfiElzgieSH1hpikk,0.00,67002509209991	,用户提现,9.40,用户提现-退费单RF2026070810531510543,2026-07-08 10:53:47,用户提现,
olAFl6xR2bCNfiElzgieSH1hpikk,9.40,67002509209991	,订单退费转入,9.40,系统处理工单时转移用户余额，订单号=WS2025092312475780223,2026-07-08 10:53:15,SYS,
olAFl6yzvRahsO_pqzbvFSBngBdI,0.00,69212606159750	,用户提现,112.40,用户提现-退费单RF2026070703152037434,2026-07-08 10:35:02,用户提现,
olAFl63AnD4vqfRQVTPoENp_ofAg,62.20,70032617035654	,订单退费转入,62.20,系统处理工单时转移用户余额，订单号=WN2026070719504583467,2026-07-08 10:30:47,SYS,
ojb7F2KrrZ8RXalw7j_gjX0QJEoY,73.00,70032621089121	,订单退费转入,73.00,工单系统流量套餐退款 本单会员价格20.00元，不能退款,2026-07-08 10:16:44,SYS,
olAFl65sVA7icmx8HBlJfzYUGoKw,0.00,67492603608499	,用户提现,172.20,用户提现-退费单RF2026070603151952719,2026-07-08 10:15:08,用户提现,
olAFl6xHb3Tesu3W4TL6eJoiOwAU,0.00,67512535258170	,用户提现,0.80,用户提现-退费单RF2026070512393469747,2026-07-08 10:05:48,用户提现,
ojb7F2DddeeQ69TCIvIWFMLdPfoY,0.00,69212602133942	,用户提现,212.00,用户提现-退费单RF2026070809454661264,2026-07-08 09:49:04,用户提现,
ojb7F2DddeeQ69TCIvIWFMLdPfoY,212.00,69212602133942	,订单退费转入,212.00,工单系统流量套餐退款 本单会员价格20.00元，不能退款,2026-07-08 09:45:47,SYS,
ojb7F2Or0OP-CKBd89ddeclk93_k,0.00,70032621094094	,用户提现,180.00,用户提现-退费单RF2026070321572267183,2026-07-08 09:39:15,用户提现,
ojb7F2Bc6GKQhDQE-M2kxgavwPyg,0.00,68772604269101	,用户提现,199.00,用户提现-退费单RF2026061709393652426,2026-07-08 09:33:11,用户提现,
olAFl662_OKl7a6uO_9YlA4kiI7Y,0.00,60912426138991	,用户提现,94.00,用户提现-退费单RF2026070809293177084,2026-07-08 09:30:12,用户提现,
olAFl662_OKl7a6uO_9YlA4kiI7Y,94.00,60912426138991	,订单退费转入,94.00,工单系统流量套餐退款 本单会员价格20.00元，不能退款,2026-07-08 09:29:32,SYS,
ojb7F2C9y7jKckGhWWZxof0zgVDE,199.00,69212621216159	,订单退费转入,199.00,工单系统流量套餐退款,2026-07-08 09:25:37,SYS,
olAFl6yZs56Lp_lwqNwx6iuCins0,0.00,86132437297508	,用户提现,53.90,用户提现-退费单RF2026070809083203128,2026-07-08 09:17:27,用户提现,
olAFl6yZs56Lp_lwqNwx6iuCins0,53.90,86132437297508	,订单退费转入,53.90,工单系统审核退费单-套餐已作废/钱包已清零,2026-07-08 09:16:40,SYS,
olAFl62AcEwPFjicxd-gJwe4Fibo,420.00,67492552542293	,订单退费转入,420.00,工单系统流量套餐退款,2026-07-08 09:10:26,SYS,
olAFl63RJ4axpqKoDGAahCjYXkOM,0.00,864665063733062	,用户提现,98.00,用户提现-退费单RF2026070803152829628,2026-07-08 08:58:19,用户提现,
ojb7F2JyxucfnXBc3y0K70vG9vIg,0.00,70032621091497	,用户提现,78.00,用户提现-退费单RF2026070808445282258,2026-07-08 08:46:43,用户提现,
olAFl67g2iRBtSiw6x6ToXGTg5Lk,8.60,68772543144274	,订单退费转入,8.60,工单系统流量套餐退款 组合支付：微信退费 8.60,2026-07-08 08:45:19,SYS,
ojb7F2JyxucfnXBc3y0K70vG9vIg,78.00,70032621091497	,订单退费转入,78.00,工单系统流量套餐退款,2026-07-08 08:44:53,SYS,
olAFl6w06wQl29zaSeuljfLbyEI8,0.00,58812443086244	,用户提现,69.30,用户提现-退费单RF2026070803151117445,2026-07-08 08:30:28,用户提现,
olAFl6zTc4sq6MwLnkuUXIzWc0hU,180.00,864665064280238	,订单退费转入,180.00,系统处理工单时转移用户余额，订单号=WS2026070111065358155,2026-07-08 07:29:13,SYS,
olAFl626Dhao07Ge7LKoHmDdODrU,34.00,69212602146606	,订单退费转入,34.00,系统处理工单时转移用户余额，订单号=WS2026051712303981471,2026-07-08 03:15:30,SYS,
olAFl62S3MV8JPmzr1mnuudV9DRU,4.70,867061070058858	,订单退费转入,4.70,系统处理工单时转移用户余额，订单号=WS2025112320041582967,2026-07-08 03:15:30,SYS,
olAFl67bH_48S-hUYEpPLmtoNPK0,113.40,69212606159259	,订单退费转入,113.40,系统处理工单时转移用户余额，订单号=WS2026031717135304125,2026-07-08 03:15:28,SYS,
olAFl63RJ4axpqKoDGAahCjYXkOM,98.00,864665063733062	,订单退费转入,98.00,工单系统流量套餐退款 本单会员价格20.00元，不能退款,2026-07-08 03:15:28,SYS,
olAFl6zs3Kg1NYqCLH4pcDn5-dOU,65.80,67482503244005	,订单退费转入,65.80,系统处理工单时转移用户余额，订单号=WS2025112614443513557,2026-07-08 03:15:28,SYS,
ojb7F2JDN8v2Pxr-3mpvuS_enQMA,172.20,70032617029241	,订单退费转入,172.20,系统处理工单时转移用户余额，订单号=WS2026061412491843475,2026-07-08 03:15:26,SYS,
ojb7F2KCtDZ413ts8qSD7VyEMYqs,69.00,69212621219634	,订单退费转入,69.00,工单系统流量套餐退款,2026-07-08 03:15:26,SYS,
olAFl6-OZo2vy-6WE7VEeEnIV9AQ,88.40,67492609649608	,订单退费转入,88.40,系统处理工单时转移用户余额，订单号=WS2026040619224097829,2026-07-08 03:15:26,SYS,
olAFl6zDQs47UKiCc-qkHl3i9rRk,106.00,70032611015960	,订单退费转入,106.00,工单系统流量套餐退款,2026-07-08 03:15:26,SYS,
o4p3p60-nAnx9nAmwJ9NQs8QDXUU,280.00,867921073629742	,订单退费转入,280.00,工单系统流量套餐退款,2026-07-08 03:15:26,SYS,
olAFl64BiXA4HcXiire91yQYEbNg,12.40,67482610411906	,订单退费转入,12.40,工单系统流量套餐退款 组合支付：微信退费 12.40,2026-07-08 03:15:26,SYS,
olAFl63uIik5o0QcesWq6KVmaAWI,78.00,68772538096850	,订单退费转入,78.00,系统处理工单时转移用户余额，订单号=WS2025110316245841533,2026-07-08 03:15:25,SYS,
o2uAP6_t9zJjUO19PZa2KheNJTtQ,73.60,80888771	,订单退费转入,73.60,系统处理工单时转移用户余额，订单号=WS2025120609584482656,2026-07-08 03:15:24,SYS,
odELQ6iE1viPQgcBYC2MCVQj_Y2o,30.40,68712522003831	,订单退费转入,30.40,系统处理工单时转移用户余额，订单号=WS2026052111223241277,2026-07-08 03:15:22,SYS,
olAFl62vdQLt695E2vHMKUWxlL8s,188.00,70032611012680	,订单退费转入,188.00,工单系统流量套餐退款 本单会员价格20.00元，不能退款,2026-07-08 03:15:22,SYS,
olAFl663ddhECVMwyMSCbrmhClVM,399.00,69212612171804	,订单退费转入,399.00,工单系统流量套餐退款,2026-07-08 03:15:22,SYS,
olAFl6_Viq0vEYlHRSG7iYNQ4BHI,73.60,69212606157979	,订单退费转入,73.60,系统处理工单时转移用户余额，订单号=WS2026040613383304263,2026-07-08 03:15:22,SYS,
olAFl62a3NqCPlnlHllRrTbd9M10,64.00,68032504009038	,订单退费转入,64.00,工单系统流量套餐退款,2026-07-08 03:15:22,SYS,
olAFl6zR-9e86_MJChfA2Rr44EbM,166.10,67492454386488	,订单退费转入,166.10,系统处理工单时转移用户余额，订单号=WS2026061622093533478,2026-07-08 03:15:21,SYS,
olAFl6zPYGQuYCfQxugFWZdBbd24,6.30,68032513023407	,订单退费转入,6.30,系统处理工单时转移用户余额，订单号=WS2026032921161665292,2026-07-08 03:15:21,SYS,
olAFl65nwQ6Nt8PfvRiD8xd1QUoc,62.90,67512535259903	,订单退费转入,62.90,系统处理工单时转移用户余额，订单号=WS2025120712475836377,2026-07-08 03:15:18,SYS,
olAFl69_ThN3fOnN-bjkkSHRs7N4,54.00,69142529005809	,订单退费转入,54.00,系统处理工单时转移用户余额，订单号=WS2025090808472725540,2026-07-08 03:15:18,SYS,
olAFl65DfSaw7mryUOUDNI3uPVmU,54.00,68772550182965	,订单退费转入,54.00,系统处理工单时转移用户余额，订单号=WS2026010213191059376,2026-07-08 03:15:16,SYS,
olAFl66ZPbb_RYWwXOh3ZUxM-m_M,54.00,69142529004390	,订单退费转入,54.00,系统处理工单时转移用户余额，订单号=WS2025090100233159781,2026-07-08 03:15:15,SYS,
ojb7F2Bc6GKQhDQE-M2kxgavwPyg,199.00,68772604269101	,订单退费转入,199.00,工单系统审核退费单-套餐已作废/钱包已清零,2026-07-08 03:15:15,SYS,
ojb7F2Aorg0fRtA_5niGvj4vx0L8,172.20,69212612169277	,订单退费转入,172.20,系统处理工单时转移用户余额，订单号=WS2026060819494419480,2026-07-08 03:15:13,SYS,
olAFl699sxdzmRMLqJp5vPCOG31M,80.10,67512448131184	,订单退费转入,80.10,系统处理工单时转移用户余额，订单号=WN2026050209013484132,2026-07-08 03:15:13,SYS,
olAFl6w06wQl29zaSeuljfLbyEI8,69.30,58812443086244	,订单退费转入,69.30,系统处理工单时转移用户余额，订单号=WS2025121519395751042,2026-07-08 03:15:11,SYS,
ojb7F2F9pXA10_L3sLTL8eusldXE,170.10,70032606001544	,订单退费转入,170.10,系统处理工单时转移用户余额，订单号=WS2026061709354344115,2026-07-08 03:15:11,SYS,
olAFl6zACf_0FAIpXqTMvGHRGZgI,56.00,67492507399143	,订单退费转入,56.00,系统处理工单时转移用户余额，订单号=WS2026012008473218912,2026-07-08 03:15:09,SYS,
olAFl6xQtqc8sODA9b0AgLs5Uo6g,151.20,67492552543228	,订单退费转入,151.20,系统处理工单时转移用户余额，订单号=WS2026060910325410560,2026-07-08 03:15:09,SYS,
olAFl65PpdyekN2d0PYjFo2I9Ulw,29.00,68772520019320	,订单退费转入,29.00,工单系统流量套餐退款,2026-07-08 03:15:09,SYS,
odELQ6oZ2QmJGpIv1vPtt9r0fjnA,164.00,63272426058816	,订单退费转入,164.00,工单系统流量套餐退款,2026-07-08 03:15:07,SYS,
olAFl6wQVH9wRx6HL5SwaFSIMSi4,34.00,67002509209051	,订单退费转入,34.00,系统处理工单时转移用户余额，订单号=WS2026032711283057363,2026-07-08 03:15:07,SYS,
olAFl6zE9LRvcvjw1cYDFM_jEElQ,120.20,68032536035050	,订单退费转入,120.20,系统处理工单时转移用户余额，订单号=WS2026041809460441042,2026-07-08 03:15:06,SYS,
olAFl6wlMfK8F590MTJtIZmdvR8s,15.20,67512515164227	,订单退费转入,15.20,系统处理工单时转移用户余额，订单号=WS2025081211253541817,2026-07-08 03:15:05,SYS,
olAFl66vFhivb7-V_nidUrq9QGgw,2.70,67862443003744	,订单退费转入,2.70,系统处理工单时转移用户余额，订单号=WS2025090317044130624,2026-07-08 03:15:04,SYS,
olAFl6_62WAJfjh5qhNRat2obCbc,29.00,69212621222433	,订单退费转入,29.00,工单系统流量套餐退款 本单会员价格20.00元，不能退款,2026-07-08 03:15:02,SYS,
o2uAP68OeTuil1U9A4e3gTiLGKXw,49.00,86348931	,订单退费转入,49.00,工单系统流量套餐退款,2026-07-08 02:46:30,SYS,
olAFl63pPkgsNow6TzvZEfVksZhg,0.00,58482343084989	,用户提现,206.40,用户提现-退费单RF2026070703152221251,2026-07-08 01:14:32,用户提现,
olAFl69-roIjquZD763Y8LwveRWA,0.00,67482445016880	,用户提现,140.00,用户提现-退费单RF2026070723203692420,2026-07-07 23:21:06,用户提现,
olAFl69-roIjquZD763Y8LwveRWA,140.00,67482445016880	,订单退费转入,140.00,系统处理工单时转移用户余额，订单号=WS2026042218395654126 本单会员价格20.00元，不能退款,2026-07-07 23:20:37,SYS,
olAFl6y3yOZAbW9oAh688g34fFVI,0.00,86132410219505	,用户提现,75.40,用户提现-退费单RF2026070723044141354,2026-07-07 23:05:07,用户提现,
olAFl6y3yOZAbW9oAh688g34fFVI,75.40,86132410219505	,订单退费转入,75.40,系统处理工单时转移用户余额，订单号=WN2026032518564809249,2026-07-07 23:04:41,SYS,
ojb7F2EXE5oSokjOOSaBtwvlpdhc,0.00,70032617036267	,用户提现,195.00,用户提现-退费单RF2026070720000648659,2026-07-07 22:58:41,用户提现,
ojb7F2NfFfd8m8rn28JRYOKnzcuw,72.64,69142620026036	,订单退费转入,72.64,工单系统审核退费单-套餐已作废/钱包已清零,2026-07-07 22:54:58,SYS,
ojb7F2M6OOpvKZ8nayVVyog7otjA,58.00,69212621226137	,订单退费转入,58.00,工单系统流量套餐退款,2026-07-07 22:42:18,SYS,
o4p3p63Iv_IEJ6paKZ9FpwkCfA6k,0.00,866801080201720	,用户提现,59.00,用户提现-退费单RF2026070722312962970,2026-07-07 22:31:45,用户提现,
o4p3p63Iv_IEJ6paKZ9FpwkCfA6k,59.00,866801080201720	,订单退费转入,59.00,工单系统流量套餐退款,2026-07-07 22:31:30,SYS,
olAFl65CYW93l0wY9mRSBG_3VZzM,46.60,69212606160976	,订单退费转入,46.60,系统处理工单时转移用户余额，订单号=WS2026030511515291919,2026-07-07 22:26:20,SYS,
ojb7F2P3kPzWwi209siw2a6BlaEA,179.00,69212612173301	,订单退费转入,179.00,工单系统流量套餐退款,2026-07-07 22:19:44,SYS,
olAFl6wozSL63xQqFB0PonYvuS6k,0.00,67492518498494	,用户提现,99.00,用户提现-退费单RF2026070722041409376,2026-07-07 22:05:23,用户提现,
olAFl6wozSL63xQqFB0PonYvuS6k,99.00,67492518498494	,订单退费转入,99.00,工单系统流量套餐退款 本单会员价格20.00元，不能退款 组合支付：微信退费 99.00,2026-07-07 22:04:14,SYS,
olAFl6-9ONTbjpWqCQ4oBnG6_9wQ,0.00,864665068046387	,用户提现,78.70,用户提现-退费单RF2026070721551514247,2026-07-07 21:56:08,用户提现,
olAFl6-9ONTbjpWqCQ4oBnG6_9wQ,78.70,864665068046387	,订单退费转入,78.70,系统处理工单时转移用户余额，订单号=WS2026020611413648271,2026-07-07 21:55:15,SYS,
olAFl6xg3p3YKryG4buXju0Pr2Ns,0.00,67512525223595	,用户提现,106.00,用户提现-退费单RF2026070720370311010,2026-07-07 21:42:18,用户提现,
ojb7F2DfB0-s7FdHtvIBSHa2Emiw,9.90,69142620030199	,订单退费转入,9.90,工单系统流量套餐退款 本单会员价格20.00元，不能退款,2026-07-07 21:34:25,SYS,
olAFl64PmnIRsQ7U0kwC4hX2gUIo,0.00,67482449090832	,用户提现,159.00,用户提现-退费单RF2026070603150945741,2026-07-07 21:13:31,用户提现,
ojb7F2Fnob-W0dKNVOKufsxpxEy8,0.00,67002452099464	,用户提现,122.00,用户提现-退费单RF2026070718564840514,2026-07-07 21:08:52,用户提现,
odELQ6sDSgB4B5DjL2JvYlWj6wn4,0.00,67682450000803	,用户提现,68.00,用户提现-退费单RF2026070720410770185,2026-07-07 21:04:43,用户提现,
olAFl64krHyx0XWozhQzIiD1FVA0,0.00,69212602147104	,用户提现,212.00,用户提现-退费单RF2026070720422245121,2026-07-07 20:42:52,用户提现,
olAFl64krHyx0XWozhQzIiD1FVA0,212.00,69212602147104	,订单退费转入,212.00,工单系统流量套餐退款,2026-07-07 20:42:22,SYS,
odELQ6sDSgB4B5DjL2JvYlWj6wn4,68.00,67682450000803	,订单退费转入,68.00,工单系统流量套餐退款 本单会员价格20.00元，不能退款,2026-07-07 20:41:08,SYS,
olAFl6xg3p3YKryG4buXju0Pr2Ns,106.00,67512525223595	,订单退费转入,106.00,工单系统流量套餐退款 本单会员价格20.00元，不能退款,2026-07-07 20:37:03,SYS,
olAFl62fue4wtWEGm9PnugSXFnuQ,0.00,69212612187387	,用户提现,142.20,用户提现-退费单RF2026070609300985027,2026-07-07 20:34:05,用户提现,
olAFl63VRLz7_WYzzQMC1fiizccc,0.00,67482449098828	,用户提现,69.00,用户提现-退费单RF2026060618165731120,2026-07-07 20:17:00,用户提现,
ojb7F2FmL09S9uSIqApro4uUu56M,0.00,67482610411700	,用户提现,94.00,用户提现-退费单RF2026070720071221183,2026-07-07 20:07:53,用户提现,
ojb7F2FmL09S9uSIqApro4uUu56M,94.00,67482610411700	,订单退费转入,94.00,工单系统流量套餐退款,2026-07-07 20:07:12,SYS,
ojb7F2EXE5oSokjOOSaBtwvlpdhc,195.00,70032617036267	,订单退费转入,195.00,工单系统流量套餐退款,2026-07-07 20:00:06,SYS,
olAFl6yH6GMgdszvtCvxzEDFvNyM,0.00,67492442209601	,用户提现,37.80,用户提现-退费单RF2026070622222051867,2026-07-07 19:37:21,用户提现,
olAFl6wXJuJvPtho3gbwSpXMKSv0,0.00,69142620032763	,用户提现,379.00,用户提现-退费单RF2026070719172477874,2026-07-07 19:23:17,用户提现,
olAFl6wXJuJvPtho3gbwSpXMKSv0,379.00,69142620032763	,订单退费转入,379.00,工单系统流量套餐退款,2026-07-07 19:17:25,SYS,
olAFl6xybfUsr7aSuMVRZhSEj1Zo,0.00,68772602226563	,用户提现,34.00,用户提现-退费单RF2026070103151258469,2026-07-07 19:15:14,用户提现,
ojb7F2Fnob-W0dKNVOKufsxpxEy8,122.00,67002452099464	,订单退费转入,122.00,系统处理工单时转移用户余额，订单号=WS2026070715440719814,2026-07-07 18:56:48,SYS,
olAFl69RuyyiIiWvKn8Uy-QK2WyE,0.00,70032621092664	,用户提现,469.00,用户提现-退费单RF2026070714392528179,2026-07-07 18:54:06,用户提现,
olAFl62dGGzN6iWTfgiUEUAvy0eM,0.00,67512515168864	,用户提现,129.00,用户提现-退费单RF2026070718455256670,2026-07-07 18:47:51,用户提现,
olAFl62dGGzN6iWTfgiUEUAvy0eM,129.00,67512515168864	,订单退费转入,129.00,工单系统审核退费单-套餐已作废/钱包已清零,2026-07-07 18:47:11,SYS,
olAFl6-ahyiFUACZhERpwSC_P4k4,0.00,68772543132503	,用户提现,47.00,用户提现-退费单RF2026070718430862685,2026-07-07 18:44:08,用户提现,
olAFl6-ahyiFUACZhERpwSC_P4k4,47.00,68772543132503	,订单退费转入,47.00,系统处理工单时转移用户余额，订单号=WS2025112009533212443,2026-07-07 18:43:09,SYS,
olAFl6_gkhoN7RvZvlkEFuSFyV50,99.00,864665069417819	,订单退费转入,99.00,工单系统流量套餐退款,2026-07-07 18:21:21,SYS,
olAFl64kb6HbHiKw6lFk6aGC3STc,0.00,69212538051003	,用户提现,35.10,用户提现-退费单RF2026070718072521030,2026-07-07 18:14:48,用户提现,
olAFl64kb6HbHiKw6lFk6aGC3STc,35.10,69212538051003	,订单退费转入,35.10,系统处理工单时转移用户余额，订单号=WS2025100920080202294,2026-07-07 18:07:25,SYS,
olAFl6_7EkR9vhwA86Mxtyzt-Axs,169.00,68772612326934	,订单退费转入,169.00,工单系统流量套餐退款,2026-07-07 17:59:43,SYS,
ojb7F2Mx91-esMI_ukzQPya3plU0,0.00,67492603608386	,用户提现,46.00,用户提现-退费单RF2026070716422315365,2026-07-07 16:51:49,用户提现,
olAFl6w02Nsaw-hFgojv1xIiQ67g,0.00,67512535291476	,用户提现,69.60,用户提现-退费单RF2026070220442724665,2026-07-07 16:47:06,用户提现,
ojb7F2Mx91-esMI_ukzQPya3plU0,46.00,67492603608386	,订单退费转入,46.00,工单系统流量套餐退款,2026-07-07 16:42:23,SYS,
olAFl605OMtGfYkdMDAJQcglO3Jw,0.00,68932612067872	,用户提现,90.50,用户提现-退费单RF2026070703150206763,2026-07-07 16:30:41,用户提现,
ojb7F2JPrW7i1JxCPF3yz4c6FA84,0.00,70032611013958	,用户提现,468.00,用户提现-退费单RF2026070716095533418,2026-07-07 16:12:06,用户提现,
ojb7F2JPrW7i1JxCPF3yz4c6FA84,468.00,70032611013958	,订单退费转入,468.00,工单系统流量套餐退款 本单会员价格20.00元，不能退款,2026-07-07 16:09:55,SYS,
olAFl6767z4bzBDoSU8gr3kIvtDQ,0.00,864665066228680	,用户提现,69.00,用户提现-退费单RF2026052103151608047,2026-07-07 16:07:19,用户提现,
olAFl61u5F9ah-IxdVybtlkHPQj4,0.00,67862447017974	,用户提现,100.80,用户提现-退费单RF2026070511445133921,2026-07-07 15:30:54,用户提现,
olAFl6y-TFWjHAB2agJMXo2of25E,129.20,68052513033842	,订单退费转入,129.20,系统处理工单时转移用户余额，订单号=WS2026050907350132467,2026-07-07 15:12:34,SYS,
olAFl614LIQcYSWL1KDk-czrMp-s,0.00,69142620030876	,用户提现,92.40,用户提现-退费单RF2026070709465444919,2026-07-07 15:06:10,用户提现,
olAFl6zde9Ixkrzx3xbAbKu49FZA,0.00,67002509221218	,用户提现,106.00,用户提现-退费单RF2026070703151491714,2026-07-07 15:03:39,用户提现,
ojb7F2JwJJqunS69K7C9Rc_CQCC4,0.00,67002447021144	,用户提现,89.00,用户提现-退费单RF2026062018444911992 微信退款失败：订单已全额退款,2026-07-07 15:01:36,用户提现,
olAFl6wx5TsaO2_Q7ycynw7oehGY,0.00,67482448049621	,用户提现,26.10,用户提现-退费单RF2026070203151533522,2026-07-07 14:41:19,用户提现,
olAFl69RuyyiIiWvKn8Uy-QK2WyE,469.00,70032621092664	,订单退费转入,469.00,工单系统流量套餐退款 本单会员价格20.00元，不能退款,2026-07-07 14:39:25,SYS,
olAFl6y7EoIr3_TaAM77TWvsklno,0.00,68772612334155	,用户提现,127.00,用户提现-退费单RF2026070714055391589,2026-07-07 14:38:12,用户提现,
olAFl6yOcngED-mUevy5x9st256I,0.00,63272426057015	,用户提现,42.30,用户提现-退费单RF2026070714093650875,2026-07-07 14:14:05,用户提现,
olAFl6yOcngED-mUevy5x9st256I,42.30,63272426057015	,订单退费转入,42.30,系统处理工单时转移用户余额，订单号=WN2026022414541252458,2026-07-07 14:09:37,SYS,
olAFl6y7EoIr3_TaAM77TWvsklno,127.00,68772612334155	,订单退费转入,127.00,工单系统流量套餐退款,2026-07-07 14:05:54,SYS,
olAFl61tkShLQ7mZtaOfBamXeXQs,0.00,67492610672890	,用户提现,172.26,用户提现-退费单RF2026070713270226358,2026-07-07 13:37:43,用户提现,
olAFl68t96hG7O-fzZfRHx32OkW0,0.00,67002453183475	,用户提现,106.00,用户提现-退费单RF2026070713280512710,2026-07-07 13:28:28,用户提现,
olAFl68t96hG7O-fzZfRHx32OkW0,106.00,67002453183475	,订单退费转入,106.00,系统处理工单时转移用户余额，订单号=WS2026051021585337223,2026-07-07 13:28:05,SYS,
olAFl61tkShLQ7mZtaOfBamXeXQs,172.26,67492610672890	,订单退费转入,172.26,工单系统流量套餐退款 本单会员价格20.00元，不能退款,2026-07-07 13:27:02,SYS,
ojb7F2PTSh7tOJb0__yMIGEWt71U,0.00,	,系统扣费,154.00,用户无可退退费单，钱包清零,2026-07-07 13:23:14,SYS,
olAFl68zW-uS97fsaVma7KqtuoyQ,0.00,68772522028358	,用户提现,133.40,用户提现-退费单RF2026070303154749492,2026-07-07 12:40:47,用户提现,
olAFl67U8Qj2F2v05b-xvyApq-mM,0.00,69212621217244	,用户提现,89.00,用户提现-退费单RF2026070703151489910,2026-07-07 12:39:20,用户提现,
olAFl6-w4zD7ZiWmSqSa1HnsY94w,106.00,864665068125215	,订单退费转入,106.00,工单系统流量套餐退款 本单会员价格20.00元，不能退款,2026-07-07 12:30:25,SYS,
olAFl62uvmySok8NDmuuabnT3oLk,0.00,67002452102121	,用户提现,49.00,用户提现-退费单RF2026070712160359282,2026-07-07 12:20:58,用户提现,
olAFl62uvmySok8NDmuuabnT3oLk,49.00,67002452102121	,订单退费转入,49.00,工单系统流量套餐退款,2026-07-07 12:16:04,SYS,
olAFl65xQIjgdsnV39Qx_0sV03rw,179.00,68052517042256	,订单退费转入,179.00,工单系统流量套餐退款,2026-07-07 12:15:20,SYS,
odELQ6imGV9RxQAV54n6JJqcJfRE,0.00,86706107023087	,用户提现,109.00,用户提现-退费单RF2026070711525347630,2026-07-07 12:05:13,用户提现,
olAFl6-kR7I0cW8jT3HZcyuSXTRA,0.00,69212544104512	,用户提现,136.60,用户提现-退费单RF2026070712001161258,2026-07-07 12:00:35,用户提现,
olAFl6-kR7I0cW8jT3HZcyuSXTRA,136.60,69212544104512	,订单退费转入,136.60,系统处理工单时转移用户余额，订单号=WS2026041309330861188,2026-07-07 12:00:12,SYS,
olAFl69f7nP8UMk9pxMFsSnXlcLE,0.00,67492509463295	,用户提现,111.40,用户提现-退费单RF2026070711543110713,2026-07-07 11:56:55,用户提现,
olAFl69f7nP8UMk9pxMFsSnXlcLE,111.40,67492509463295	,订单退费转入,111.40,系统处理工单时转移用户余额，订单号=WS2026050818382445735,2026-07-07 11:54:31,SYS,
odELQ6imGV9RxQAV54n6JJqcJfRE,109.00,86706107023087	,订单退费转入,109.00,工单系统流量套餐退款,2026-07-07 11:52:53,SYS,
olAFl63d0M9rd-rjWenOiYxv8z2k,0.00,68772610296416	,用户提现,28.00,用户提现-退费单RF2026070711190661537,2026-07-07 11:22:18,用户提现,
olAFl63d0M9rd-rjWenOiYxv8z2k,28.00,68772610296416	,订单退费转入,28.00,系统处理工单时转移用户余额，订单号=WS2026040618011013569,2026-07-07 11:19:07,SYS,
ojb7F2HPfRYIO8Er4Deol9RDRHv4,0.00,70032621088693	,用户提现,180.00,用户提现-退费单RF2026070711105764523,2026-07-07 11:12:30,用户提现,
ojb7F2HPfRYIO8Er4Deol9RDRHv4,180.00,70032621088693	,订单退费转入,180.00,系统处理工单时转移用户余额，订单号=WS2026070710220066634,2026-07-07 11:10:58,SYS,
olAFl65YCu2PoRc7X-4H6CH3be_0,0.00,60992437012427	,用户提现,92.60,用户提现-退费单RF2026070711084375432,2026-07-07 11:09:20,用户提现,
olAFl65YCu2PoRc7X-4H6CH3be_0,92.60,60992437012427	,订单退费转入,92.60,系统处理工单时转移用户余额，订单号=WN2026060317494820743,2026-07-07 11:08:44,SYS,
olAFl6-bNGXcLu-7_r7sq8Eb0GNE,42.40,63272426060516	,订单退费转入,42.40,系统处理工单时转移用户余额，订单号=WN2025102823205782683,2026-07-07 11:01:41,SYS,
ojb7F2M5BWVqLPrr16cqTmrcoDV4,347.00,69212621222375	,订单退费转入,347.00,工单系统流量套餐退款,2026-07-07 10:52:31,SYS,
olAFl60D9sjFX_dYhYYjXr2m8CU8,0.00,68772539117046	,用户提现,18.20,用户提现-退费单RF2026070710473943074,2026-07-07 10:51:52,用户提现,
ojb7F2ABAjg33qOzg1q8uYpo4d7k,0.00,69212621215609	,用户提现,109.00,用户提现-退费单RF2026070710480064242,2026-07-07 10:48:42,用户提现,
ojb7F2ABAjg33qOzg1q8uYpo4d7k,109.00,69212621215609	,订单退费转入,109.00,工单系统流量套餐退款,2026-07-07 10:48:01,SYS,
olAFl60D9sjFX_dYhYYjXr2m8CU8,18.20,68772539117046	,订单退费转入,18.20,系统处理工单时转移用户余额，订单号=WS2025101709395877773,2026-07-07 10:47:39,SYS,
olAFl6-_OVqZaoS6mmRFOEjymFLA,0.00,67002509217155	,用户提现,29.00,用户提现-退费单RF2026070710135885894,2026-07-07 10:20:29,用户提现,
olAFl66OepCYBP2IorNimBX3kbdg,0.00,68772522035021	,用户提现,310.00,用户提现-退费单RF2026051503150571,2026-07-07 10:15:11,用户提现,
olAFl6-_OVqZaoS6mmRFOEjymFLA,29.00,67002509217155	,订单退费转入,29.00,工单系统流量套餐退款,2026-07-07 10:13:59,SYS,
olAFl61e7XKdVyxJA9DoGlFH3HaQ,0.00,58812421073198	,用户提现,174.90,用户提现-退费单RF2026070709253093424,2026-07-07 10:02:02,用户提现,
olAFl614LIQcYSWL1KDk-czrMp-s,92.40,69142620030876	,订单退费转入,92.40,系统处理工单时转移用户余额，订单号=WS2026051813431849818,2026-07-07 09:46:54,SYS,
olAFl6wm4Hly_FW8XoXaXxieq6eM,0.00,68032536031484	,用户提现,103.30,用户提现-退费单RF2026070709403722550,2026-07-07 09:41:08,用户提现,
olAFl6wm4Hly_FW8XoXaXxieq6eM,103.30,68032536031484	,订单退费转入,103.30,系统处理工单时转移用户余额，订单号=WS2026021221120721127,2026-07-07 09:40:37,SYS,
olAFl61e7XKdVyxJA9DoGlFH3HaQ,174.90,58812421073198	,订单退费转入,174.90,系统处理工单时转移用户余额，订单号=WS2026070615310872135 本单会员价格20.00元，不能退款,2026-07-07 09:25:31,SYS,
ojb7F2DyGOvZze5NJKF68j_Zj9qU,0.00,67492610671729	,用户提现,19.00,用户提现-退费单RF2026070709045465185,2026-07-07 09:05:31,用户提现,
ojb7F2DyGOvZze5NJKF68j_Zj9qU,19.00,67492610671729	,订单退费转入,19.00,工单系统流量套餐退款,2026-07-07 09:04:55,SYS,
ojb7F2PpTA8Eh87QGfzPmzkE7ARE,0.00,70032611016119	,用户提现,180.00,用户提现-退费单RF2026070708192780961,2026-07-07 08:23:17,用户提现,
olAFl6xHVk_P4h8__gnCz6NNgTxw,0.00,68772610296412	,用户提现,120.00,用户提现-退费单RF2026070707460244078,2026-07-07 08:20:26,用户提现,
ojb7F2PpTA8Eh87QGfzPmzkE7ARE,180.00,70032611016119	,订单退费转入,180.00,系统处理工单时转移用户余额，订单号=WS2026070618103746258,2026-07-07 08:19:28,SYS,
odELQ6hDEBIQWgoxMys9iR1bkAAQ,0.00,68712535008556	,用户提现,59.00,用户提现-退费单RF2026070703151115655,2026-07-07 08:15:47,用户提现,
olAFl6w_wRVTqf5OyNJ3gwHBLzJA,0.00,69212602147582	,用户提现,39.00,用户提现-退费单RF2026070703150723453,2026-07-07 08:14:46,用户提现,
olAFl67mnid6JjIcbm5y-O9Gp6Qk,0.00,67512443066384	,用户提现,77.60,用户提现-退费单RF2026070707564380660,2026-07-07 07:59:25,用户提现,
olAFl67mnid6JjIcbm5y-O9Gp6Qk,77.60,67512443066384	,订单退费转入,77.60,系统处理工单时转移用户余额，订单号=WS2025072123525330978,2026-07-07 07:56:44,SYS,
olAFl6xHVk_P4h8__gnCz6NNgTxw,120.00,68772610296412	,订单退费转入,120.00,工单系统流量套餐退款,2026-07-07 07:46:02,SYS,
ojb7F2BPP9cNTbl49xAGYd8RDvTI,179.00,69212621227121	,订单退费转入,179.00,工单系统流量套餐退款,2026-07-07 06:51:43,SYS,
olAFl63tTKodf8Y-qiSNV_o48agc,0.00,69212612177906	,用户提现,82.00,用户提现-退费单RF2026070706320074646,2026-07-07 06:32:51,用户提现,
olAFl63tTKodf8Y-qiSNV_o48agc,82.00,69212612177906	,订单退费转入,82.00,系统处理工单时转移用户余额，订单号=WS2026051119262255469,2026-07-07 06:32:01,SYS,
olAFl63MxZbP5b6BreTcuXYzaxcE,0.00,68772604277195	,用户提现,179.00,用户提现-退费单RF2026070705463334345,2026-07-07 05:47:50,用户提现,
olAFl63MxZbP5b6BreTcuXYzaxcE,179.00,68772604277195	,订单退费转入,179.00,工单系统流量套餐退款,2026-07-07 05:46:33,SYS,
olAFl63pPkgsNow6TzvZEfVksZhg,206.40,58482343084989	,订单退费转入,206.40,系统处理工单时转移用户余额，订单号=WS2026022100121415125,2026-07-07 03:15:22,SYS,
olAFl62iCCdW1dT7kWQuqn7FIIOg,58.00,60912411007587	,订单退费转入,58.00,工单系统流量套餐退款,2026-07-07 03:15:22,SYS,
olAFl6wVGLrGpyKs0ETAsY0ZZvjQ,53.50,67482448037882	,订单退费转入,53.50,系统处理工单时转移用户余额，订单号=WS2026031019150302352,2026-07-07 03:15:22,SYS,
olAFl6zcdOXw6pIeJLHtKg77fT80,46.60,67482504270500	,订单退费转入,46.60,系统处理工单时转移用户余额，订单号=WS2026040411311699071,2026-07-07 03:15:20,SYS,
olAFl6yzvRahsO_pqzbvFSBngBdI,112.40,69212606159750	,订单退费转入,112.40,系统处理工单时转移用户余额，订单号=WS2026051210452549251,2026-07-07 03:15:20,SYS,
olAFl6-ogaBpgQ-p5vtYqPiuwa9g,63.70,67492509483759	,订单退费转入,63.70,系统处理工单时转移用户余额，订单号=WN2025090722475570579,2026-07-07 03:15:19,SYS,
olAFl6-MJcScoJPYQpnWId2tNrJ0,93.40,86132414262849	,订单退费转入,93.40,系统处理工单时转移用户余额，订单号=WS2025091507313530162,2026-07-07 03:15:18,SYS,
ojb7F2Fcehmre4s3TRcev3kr6Fmk,479.00,70032611013984	,订单退费转入,479.00,工单系统流量套餐退款 本单会员价格20.00元，不能退款,2026-07-07 03:15:18,SYS,
olAFl669xkhN2Ef3naxsZTNDH590,72.00,67002453140122	,订单退费转入,72.00,工单系统流量套餐退款,2026-07-07 03:15:18,SYS,
olAFl63Ts3XfoL-rKhFIukN2DuVE,180.00,67492552542795	,订单退费转入,180.00,系统处理工单时转移用户余额，订单号=WS2026061615472495778,2026-07-07 03:15:17,SYS,
olAFl63Ts3XfoL-rKhFIukN2DuVE,195.00,67492552542795	,订单退费转入,15.00,系统处理工单时转移用户余额，订单号=WS2026012313301880531,2026-07-07 03:15:17,SYS,
olAFl6z8amDAU3UWvM3kZVQxxRUo,64.80,67512535262096	,订单退费转入,64.80,系统处理工单时转移用户余额，订单号=WS2026011900092203637,2026-07-07 03:15:17,SYS,
ojb7F2I7QajYuWOY9uW_529NBDcU,360.20,70032611012898	,订单退费转入,172.20,系统处理工单时转移用户余额，订单号=WS2026061611463713738,2026-07-07 03:15:15,SYS,
olAFl67U8Qj2F2v05b-xvyApq-mM,89.00,69212621217244	,订单退费转入,89.00,工单系统流量套餐退款 本单会员价格20.00元，不能退款,2026-07-07 03:15:15,SYS,
olAFl6zde9Ixkrzx3xbAbKu49FZA,106.00,67002509221218	,订单退费转入,106.00,工单系统流量套餐退款 本单会员价格20.00元，不能退款,2026-07-07 03:15:15,SYS,
olAFl6_6nv7qC6x-pjbve5s2DHP0,148.90,67482442001886	,订单退费转入,148.90,系统处理工单时转移用户余额，订单号=WS2026040109422519091,2026-07-07 03:15:15,SYS,
olAFl60KOeWLFZxKbCdqX4smwIMY,54.00,67512515164008	,订单退费转入,54.00,系统处理工单时转移用户余额，订单号=WS2026032808121084091,2026-07-07 03:15:14,SYS,
olAFl6yaHVCotBYY7oGQW2YZCeGE,79.00,864665064562015	,订单退费转入,79.00,工单系统流量套餐退款,2026-07-07 03:15:14,SYS,
olAFl6_5e8Ch3Se4Y498RBKYNrs0,34.00,67512534245177	,订单退费转入,34.00,系统处理工单时转移用户余额，订单号=WS2025102807331259596,2026-07-07 03:15:13,SYS,
olAFl67T_2ZajDOZFMbPcvn7wjV8,54.00,67862539051180	,订单退费转入,54.00,系统处理工单时转移用户余额，订单号=WS2026053013121174970,2026-07-07 03:15:12,SYS,
olAFl6w5zyMn_VsIroYNU3Ouy8WY,44.00,69212537039214	,订单退费转入,44.00,系统处理工单时转移用户余额，订单号=WS2026012323474972944,2026-07-07 03:15:11,SYS,
odELQ6hDEBIQWgoxMys9iR1bkAAQ,59.00,68712535008556	,订单退费转入,59.00,工单系统流量套餐退款 本单会员价格20.00元，不能退款,2026-07-07 03:15:11,SYS,
olAFl6zO4U7OQwtIokMh_ROoeqik,106.00,67002447031779	,订单退费转入,106.00,工单系统流量套餐退款,2026-07-07 03:15:11,SYS,
olAFl6wS2HHKTG-B-y_6lyBGsnM0,130.10,70032611012137	,订单退费转入,130.10,系统处理工单时转移用户余额，订单号=WS2026051307303930286,2026-07-07 03:15:10,SYS,
ojb7F2PTSh7tOJb0__yMIGEWt71U,154.00,67492603601674	,订单退费转入,154.00,系统处理工单时转移用户余额，订单号=WS2026061614450894098,2026-07-07 03:15:10,SYS,
olAFl6ydXHHaGYbYo8xkGtSRZQlY,14.00,67002509211739	,订单退费转入,14.00,系统处理工单时转移用户余额，订单号=WS2025071921223803276,2026-07-07 03:15:09,SYS,
olAFl65qKnL9iqdL-ZW-XysQ08bY,177.50,68772522031716	,订单退费转入,177.50,系统处理工单时转移用户余额，订单号=WS2026061512295019934,2026-07-07 03:15:08,SYS,
olAFl6yWXz753mjupzatnh4UIS84,150.00,67492507394257	,订单退费转入,150.00,工单系统流量套餐退款 本单会员价格20.00元，不能退款,2026-07-07 03:15:08,SYS,
olAFl67oIVENcWcUM4sojfNDEpk0,11.00,867061073645263	,订单退费转入,11.00,系统处理工单时转移用户余额，订单号=WS2026020509020069421,2026-07-07 03:15:07,SYS,
olAFl6w_wRVTqf5OyNJ3gwHBLzJA,39.00,69212602147582	,订单退费转入,39.00,工单系统流量套餐退款,2026-07-07 03:15:07,SYS,
olAFl62W6yB4J06qnequx_0-bdK4,39.00,68772528053733	,订单退费转入,39.00,工单系统流量套餐退款,2026-07-07 03:15:07,SYS,
olAFl6xrS7ogzn2x5SDturAGGETg,133.40,67492509452147	,订单退费转入,133.40,系统处理工单时转移用户余额，订单号=WS2026010810325449913,2026-07-07 03:15:06,SYS,
olAFl68YMAKFaDYlfGeXUPvpP-ro,172.20,67492552544183	,订单退费转入,172.20,系统处理工单时转移用户余额，订单号=WS2026061608002585746,2026-07-07 03:15:06,SYS,
olAFl667WZVgEpc0jWpYKjgHRdks,27.60,67002453142896	,订单退费转入,27.60,工单系统审核退费单-套餐已作废/钱包已清零,2026-07-07 03:15:06,SYS,
olAFl6-rj_75k0ZoeFyIToVr-1pQ,2.60,69212621219727	,订单退费转入,2.60,工单系统审核退费单-套餐已作废/钱包已清零,2026-07-07 03:15:06,SYS,
olAFl6x9nIsxf62LNjM1d8iqg3rs,61.80,67002452070822	,订单退费转入,61.80,系统处理工单时转移用户余额，订单号=WS2026020409300562514,2026-07-07 03:15:04,SYS,
olAFl6-TN0H_n4gaXotXiBoj89uw,66.00,67492602582230	,订单退费转入,66.00,系统处理工单时转移用户余额，订单号=WS2026031120065768030,2026-07-07 03:15:04,SYS,
ojb7F2I7QajYuWOY9uW_529NBDcU,188.00,70032611012898	,订单退费转入,188.00,工单系统审核退费单-套餐已作废/钱包已清零,2026-07-07 03:15:04,SYS,
olAFl605OMtGfYkdMDAJQcglO3Jw,90.50,68932612067872	,订单退费转入,90.50,工单系统流量套餐退款,2026-07-07 03:15:02,SYS,
olAFl62rTr6wUhJxGS8waoNGz4bA,26.00,70032617027245	,订单退费转入,26.00,工单系统审核退费单-套餐已作废/钱包已清零,2026-07-07 03:15:02,SYS,
olAFl6_y4owHWqWpsMRxa5NY_dvo,340.00,67492609640765	,订单退费转入,340.00,工单系统流量套餐退款,2026-07-07 03:15:02,SYS,
olAFl60bAokE2drcDMJNW8uO_WS8,0.00,70032611014272	,用户提现,180.00,用户提现-退费单RF2026070623030291829,2026-07-06 23:04:53,用户提现,
olAFl60bAokE2drcDMJNW8uO_WS8,180.00,70032611014272	,订单退费转入,180.00,系统处理工单时转移用户余额，订单号=WS2026062019554518818,2026-07-06 23:03:03,SYS,
ojb7F2JCegGyfEuEDHyaJE6wyaqw,0.00,69212621218721	,用户提现,142.20,用户提现-退费单RF2026070622224050359,2026-07-06 22:51:37,用户提现,
olAFl671wnVg0MTGyA_rknQZmUCo,159.00,867061070145796	,订单退费转入,159.00,工单系统流量套餐退款,2026-07-06 22:47:19,SYS,
ojb7F2H_ZtIgd-KCPMCjvVAmjgxw,0.00,67492603606077	,用户提现,86.00,用户提现-退费单RF2026070621111713389,2026-07-06 22:43:38,用户提现,
ojb7F2NjN-DhbHcr1-si70QUXawE,479.00,69212621223540	,订单退费转入,479.00,工单系统流量套餐退款,2026-07-06 22:35:57,SYS,
olAFl64o41HQM2XU-gO1_oEmxWi4,0.00,70032621092736	,用户提现,479.00,用户提现-退费单RF2026070622225290837,2026-07-06 22:29:59,用户提现,
olAFl64o41HQM2XU-gO1_oEmxWi4,479.00,70032621092736	,订单退费转入,479.00,工单系统审核退费单-套餐已作废/钱包已清零,2026-07-06 22:29:50,SYS,
olAFl64of-R6-WhgTw9KZ9Gq8xig,0.00,67492538517708	,用户提现,66.00,用户提现-退费单RF2026070622251225566,2026-07-06 22:27:54,用户提现,
olAFl64of-R6-WhgTw9KZ9Gq8xig,66.00,67492538517708	,订单退费转入,66.00,系统处理工单时转移用户余额，订单号=WS2026050923273962369,2026-07-06 22:25:12,SYS,
ojb7F2JCegGyfEuEDHyaJE6wyaqw,142.20,69212621218721	,订单退费转入,142.20,系统处理工单时转移用户余额，订单号=WS2026062808204133825,2026-07-06 22:22:41,SYS,
olAFl6yH6GMgdszvtCvxzEDFvNyM,37.80,67492442209601	,订单退费转入,37.80,系统处理工单时转移用户余额，订单号=WS2026050621102342156,2026-07-06 22:22:21,SYS,
olAFl67jYn9IUM6H1uQeDOjgtr9Y,0.00,67492552539575	,用户提现,180.00,用户提现-退费单RF2026070516512797910,2026-07-06 22:01:40,用户提现,
olAFl6_Cf8XkNq3iXH4aQe0yHsSw,0.00,864665069572555	,用户提现,147.50,用户提现-退费单RF2026070621531272964,2026-07-06 21:56:15,用户提现,
olAFl6_Cf8XkNq3iXH4aQe0yHsSw,147.50,864665069572555	,订单退费转入,147.50,系统处理工单时转移用户余额，订单号=WS2026052615095615750,2026-07-06 21:53:13,SYS,
ojb7F2G9_PKyZ-L6eDT92hxJ43Pc,0.00,69212621215981	,用户提现,109.00,用户提现-退费单RF2026070621305286941,2026-07-06 21:32:14,用户提现,
olAFl60JPU2YjjnwHkP_RFfGiqL4,0.00,67002509248740	,用户提现,106.00,用户提现-退费单RF2026063009452737328,2026-07-06 21:31:37,用户提现,
olAFl69UHWxf8jMeSlcimMgDs6yc,0.00,70032606001661	,用户提现,102.00,用户提现-退费单RF2026052603151779662,2026-07-06 21:31:14,用户提现,
ojb7F2G9_PKyZ-L6eDT92hxJ43Pc,109.00,69212621215981	,订单退费转入,109.00,工单系统流量套餐退款,2026-07-06 21:30:53,SYS,
olAFl6y2OwVykR7B9tI8o3tyAfnc,69.00,67002447035403	,订单退费转入,69.00,工单系统流量套餐退款,2026-07-06 21:11:47,SYS,
ojb7F2H_ZtIgd-KCPMCjvVAmjgxw,86.00,67492603606077	,订单退费转入,86.00,系统处理工单时转移用户余额，订单号=WS2026070119454811547,2026-07-06 21:11:17,SYS,
ojb7F2E2OBK8IjxBKM6TYqPV4zOI,0.00,69212621220764	,用户提现,141.20,用户提现-退费单RF2026070621010459080,2026-07-06 21:01:25,用户提现,
ojb7F2E2OBK8IjxBKM6TYqPV4zOI,141.20,69212621220764	,订单退费转入,141.20,系统处理工单时转移用户余额，订单号=WS2026062611000288753,2026-07-06 21:01:05,SYS,
olAFl63FjK5X3L4kW53AlU-kI8XU,0.00,69212621217095	,用户提现,171.20,用户提现-退费单RF2026070620345732938,2026-07-06 20:52:00,用户提现,
olAFl6y3BlnSfKkJbfTAmDX2zlMk,34.00,67492538513852	,订单退费转入,34.00,工单系统流量套餐退款,2026-07-06 20:38:25,SYS,
olAFl63FjK5X3L4kW53AlU-kI8XU,171.20,69212621217095	,订单退费转入,171.20,系统处理工单时转移用户余额，订单号=WS2026062113465049899,2026-07-06 20:34:57,SYS,
odELQ6r73iSbU2Fg0xutGPF48ANM,799.00,68712517000155	,订单退费转入,799.00,工单系统流量套餐退款,2026-07-06 20:14:34,SYS,
olAFl65AG5QNpBzLiSkOIMVbYoI8,0.00,70032611011519	,用户提现,112.40,用户提现-退费单RF2026070303150606739,2026-07-06 19:49:31,用户提现,
olAFl6zLAUv-LbN4N352ciQtVSf0,0.00,58812351021472	,用户提现,177.00,用户提现-退费单RF2026070619463720785,2026-07-06 19:47:48,用户提现,
olAFl6zLAUv-LbN4N352ciQtVSf0,177.00,58812351021472	,订单退费转入,177.00,系统处理工单时转移用户余额，订单号=WS2026070615074392858,2026-07-06 19:46:37,SYS,
olAFl65MSJ_0-x3KjbjA2z785ARk,0.00,67512534237633	,用户提现,120.00,用户提现-退费单RF2026070619231882363,2026-07-06 19:23:33,用户提现,
olAFl65MSJ_0-x3KjbjA2z785ARk,120.00,67512534237633	,订单退费转入,120.00,工单系统流量套餐退款,2026-07-06 19:23:19,SYS,
olAFl60SuXAPH4gAU8jpZVelFHDw,8.30,67482513394085	,订单退费转入,8.30,系统处理工单时转移用户余额，订单号=WS2025082418381974783,2026-07-06 19:14:52,SYS,
olAFl63s1Ze7V-T0PjBXlwR7euVI,0.00,69212623243933	,用户提现,122.20,用户提现-退费单RF2026070619045115421,2026-07-06 19:09:21,用户提现,
olAFl63s1Ze7V-T0PjBXlwR7euVI,122.20,69212623243933	,订单退费转入,122.20,系统处理工单时转移用户余额，订单号=WS2026070413260670995,2026-07-06 19:04:51,SYS,
olAFl67FGVjwaFiluNdnIZ8LZhzQ,0.00,67492603605099	,用户提现,28.40,用户提现-退费单RF2026070618262349676,2026-07-06 18:27:32,用户提现,
olAFl67FGVjwaFiluNdnIZ8LZhzQ,28.40,67492603605099	,订单退费转入,28.40,系统处理工单时转移用户余额，订单号=WN2026050823093142940,2026-07-06 18:26:23,SYS,
olAFl6218QKzETGk1L6vNYXjRwOQ,0.00,864665066175899	,用户提现,69.00,用户提现-退费单RF2026070518422203919,2026-07-06 18:26:21,用户提现,
olAFl64e3iSgNsCeEu12ksUOy1Zs,0.00,67492445313852	,用户提现,75.90,用户提现-退费单RF2026070617511377652,2026-07-06 17:51:53,用户提现,
olAFl64e3iSgNsCeEu12ksUOy1Zs,75.90,67492445313852	,订单退费转入,75.90,系统处理工单时转移用户余额，订单号=WN2026062118075232255,2026-07-06 17:51:14,SYS,
olAFl65N8agxjKfGJujyly9EXx1I,0.00,67482447027696	,用户提现,180.00,用户提现-退费单RF2026070519300491833,2026-07-06 17:05:28,用户提现,
olAFl6_TLpbPw79TLBcwCSMdVOrs,0.00,864665064630556	,用户提现,128.40,用户提现-退费单RF2026070616345890785,2026-07-06 16:35:35,用户提现,
olAFl6_TLpbPw79TLBcwCSMdVOrs,128.40,864665064630556	,订单退费转入,128.40,系统处理工单时转移用户余额，订单号=WS2026062907561222698,2026-07-06 16:34:59,SYS,
olAFl66TV9yOwQiTZf6uIhpkifRY,0.00,67002509242977	,用户提现,166.30,用户提现-退费单RF2026070616320086784,2026-07-06 16:32:29,用户提现,
olAFl66TV9yOwQiTZf6uIhpkifRY,166.30,67002509242977	,订单退费转入,166.30,系统处理工单时转移用户余额，订单号=WS2026070322422293443,2026-07-06 16:32:01,SYS,
olAFl6zL_vCBwSvlaTyRAcmTSSfQ,0.00,35682243071383	,用户提现,158.00,用户提现-退费单RF2026070608270649845,2026-07-06 16:28:55,用户提现,
olAFl6-rFk2XePHcgUH-XvD5WfEU,0.00,68772604276549	,用户提现,359.00,用户提现-退费单RF2026061413215003538,2026-07-06 16:22:13,用户提现,
olAFl67VnPHatsZVwdE7oKJCF5fA,0.00,67492609641248	,用户提现,100.00,用户提现-退费单RF2026070616201619735,2026-07-06 16:21:22,用户提现,
olAFl67VnPHatsZVwdE7oKJCF5fA,100.00,67492609641248	,订单退费转入,100.00,系统处理工单时转移用户余额，订单号=WN2026070612020023981,2026-07-06 16:20:16,SYS,
olAFl69wPXLTi3QYItHvA3J1ijy4,155.10,86132335068421	,订单退费转入,155.10,系统处理工单时转移用户余额，订单号=WS2026060713373507663,2026-07-06 15:50:55,SYS,
olAFl65-uFuDb4kSb_uRfyoHDw0M,16.40,67482503213742	,订单退费转入,16.40,系统处理工单时转移用户余额，订单号=WS2025092315103823239,2026-07-06 15:46:53,SYS,
ojb7F2LJrpa0VdWEFf7pTil7tub0,116.00,67492552545385	,订单退费转入,116.00,工单系统流量套餐退款,2026-07-06 15:39:47,SYS,
olAFl6wfkEfRO7-MKDOLtPzkhvwo,0.00,60992438025064	,用户提现,160.40,用户提现-退费单RF2026070615301369223,2026-07-06 15:30:48,用户提现,
olAFl6wfkEfRO7-MKDOLtPzkhvwo,160.40,60992438025064	,订单退费转入,160.40,系统处理工单时转移用户余额，订单号=WS2026060306201681567,2026-07-06 15:30:14,SYS,
olAFl60P34trO-tS_3Octh7hXW9k,0.00,86132327025521	,用户提现,88.00,用户提现-退费单RF2026070603151313160,2026-07-06 15:11:55,用户提现,
ojb7F2Cn6RyGxiYI1zPP9LzmcrGw,0.00,67492442214013	,用户提现,58.00,用户提现-退费单RF2026070615053662284,2026-07-06 15:05:59,用户提现,
ojb7F2Cn6RyGxiYI1zPP9LzmcrGw,58.00,67492442214013	,订单退费转入,58.00,工单系统流量套餐退款,2026-07-06 15:05:37,SYS,
olAFl62ftV9NUxzZtfhnXfPnDRNo,0.00,67482448042875	,用户提现,169.00,用户提现-退费单RF2026070614174254169,2026-07-06 14:45:50,用户提现,
olAFl62UQxnY8ETkpTqKtPwIWRfE,0.00,35682316123994	,用户提现,69.00,用户提现-退费单RF2026070614364689077,2026-07-06 14:37:24,用户提现,
olAFl62UQxnY8ETkpTqKtPwIWRfE,69.00,35682316123994	,订单退费转入,69.00,工单系统流量套餐退款,2026-07-06 14:36:47,SYS,
olAFl642tvFGnYUhgqIScohIWnYM,0.00,86132327025401	,用户提现,81.30,用户提现-退费单RF2026070103152468136,2026-07-06 14:21:22,用户提现,
olAFl62ftV9NUxzZtfhnXfPnDRNo,169.00,67482448042875	,订单退费转入,169.00,工单系统流量套餐退款 本单会员价格20.00元，不能退款,2026-07-06 14:17:43,SYS,
olAFl6xTbHR1729aEJUO5YOCERkY,0.00,69142620026517	,用户提现,120.00,用户提现-退费单RF2026070603151527194,2026-07-06 14:06:59,用户提现,
olAFl6_r2YDwB82t0SSeWSgqFuvI,0.00,68772610300851	,用户提现,74.00,用户提现-退费单RF2026070603151668495,2026-07-06 14:05:55,用户提现,
olAFl62dL0Zi6WHusJrCq3Ke3208,0.00,	,系统扣费,65.40,用户无可退退费单，钱包清零,2026-07-06 13:58:59,SYS,
olAFl63GdkmEgxZhMxbTJ00Jmju8,0.00,69212621220274	,用户提现,549.00,用户提现-退费单RF2026070603150700487,2026-07-06 13:57:02,用户提现,
ojb7F2HlN3B9eXKp5PTbrnoZFxwo,0.00,68772602258442	,用户提现,172.20,用户提现-退费单RF2026070613431138428,2026-07-06 13:53:10,用户提现,
ojb7F2HlN3B9eXKp5PTbrnoZFxwo,172.20,68772602258442	,订单退费转入,172.20,系统处理工单时转移用户余额，订单号=WS2026061511544067377,2026-07-06 13:43:11,SYS,
olAFl6_O3Sv0iOdbWe_dE4QETf8s,0.00,67492509452748	,用户提现,66.00,用户提现-退费单RF2026070511082983096,2026-07-06 13:17:45,用户提现,
olAFl63JokYI_3R9j4GUvrFhuh8g,0.00,69142620029261	,用户提现,379.00,用户提现-退费单RF2026070613111666760,2026-07-06 13:11:44,用户提现,
olAFl63JokYI_3R9j4GUvrFhuh8g,379.00,69142620029261	,订单退费转入,379.00,工单系统流量套餐退款,2026-07-06 13:11:17,SYS,
ojb7F2HZayUUYrQQCalaVGMXlhmM,0.00,67492609639872	,用户提现,549.00,用户提现-退费单RF2026070613061396678,2026-07-06 13:10:41,用户提现,
ojb7F2NaqLrM8ZezwisllR45rfOI,0.00,68932621084757	,用户提现,120.00,用户提现-退费单RF2026070613022099855,2026-07-06 13:08:36,用户提现,
ojb7F2HZayUUYrQQCalaVGMXlhmM,549.00,67492609639872	,订单退费转入,549.00,工单系统流量套餐退款,2026-07-06 13:06:14,SYS,
olAFl60oCeckrzU7wPsmOKv2MiaY,0.00,60992437003664	,用户提现,75.90,用户提现-退费单RF2026070613054917947,2026-07-06 13:06:08,用户提现,
olAFl60oCeckrzU7wPsmOKv2MiaY,75.90,60992437003664	,订单退费转入,75.90,系统处理工单时转移用户余额，订单号=WN2026032414221910846,2026-07-06 13:05:49,SYS,
ojb7F2NaqLrM8ZezwisllR45rfOI,120.00,68932621084757	,订单退费转入,120.00,工单系统流量套餐退款 本单会员价格20.00元，不能退款,2026-07-06 13:02:21,SYS,
ojb7F2E_TaiDqQpa8qtiYQTIN2VE,0.00,70032621087661	,用户提现,39.00,用户提现-退费单RF2026070612295496617,2026-07-06 12:30:28,用户提现,
ojb7F2E_TaiDqQpa8qtiYQTIN2VE,39.00,70032621087661	,订单退费转入,39.00,工单系统流量套餐退款,2026-07-06 12:29:55,SYS,
ojb7F2NHzkmqsIcF0lQzlerolqaU,0.00,69212621220791	,用户提现,179.00,用户提现-退费单RF2026070421104455580,2026-07-06 12:07:15,用户提现,
olAFl69uAxe3WWJL6g43r-dCIkqI,0.00,67482454165910	,用户提现,69.00,用户提现-退费单RF2026070603151905525,2026-07-06 11:48:34,用户提现,
olAFl68oCraNRR_4hGa0r5W9Hl-Y,0.00,69212612187147	,用户提现,39.00,用户提现-退费单RF2026070519442263232,2026-07-06 11:44:24,用户提现,
olAFl661LlgycBUnVg4KKDlHksWE,0.00,67482503241149	,用户提现,121.50,用户提现-退费单RF2026070303154343629,2026-07-06 11:08:49,用户提现,
olAFl60l1rE2y20V6wodmEXbFZjE,0.00,60912432188218	,用户提现,58.00,用户提现-退费单RF2026070418462993655,2026-07-06 11:08:42,用户提现,
o2uAP633HI_kWdVjIr0Cd5SXgC-0,0.00,8084267	,用户提现,239.00,用户提现-退费单RF2026070610430552251,2026-07-06 10:43:52,用户提现,
o2uAP633HI_kWdVjIr0Cd5SXgC-0,239.00,8084267	,订单退费转入,239.00,工单系统流量套餐退款 本单会员价格20.00元，不能退款,2026-07-06 10:43:06,SYS,
olAFl67_l-MQuRbN6ZuqVaz9QDK4,0.00,68772528055028	,用户提现,66.00,用户提现-退费单RF2026070610235076850,2026-07-06 10:24:11,用户提现,
olAFl67_l-MQuRbN6ZuqVaz9QDK4,66.00,68772528055028	,订单退费转入,66.00,系统处理工单时转移用户余额，订单号=WS2025092219303226290,2026-07-06 10:23:51,SYS,
olAFl6y0osNZKhHRUBtYThtd5GV8,0.00,867061074938717	,用户提现,77.30,用户提现-退费单RF2026070610130191044,2026-07-06 10:15:05,用户提现,
olAFl6y0osNZKhHRUBtYThtd5GV8,77.30,867061074938717	,订单退费转入,77.30,系统处理工单时转移用户余额，订单号=WN2026041411021091423,2026-07-06 10:13:02,SYS,
olAFl69WJ3PA8WQZ6A1lu2_7N-6A,0.00,68772528047772	,用户提现,106.00,用户提现-退费单RF2026070603151483732,2026-07-06 10:10:07,用户提现,
ojb7F2LkU1_t4rhr_W6djQciuop0,0.00,69212623243776	,用户提现,39.00,用户提现-退费单RF2026070607035513545,2026-07-06 10:09:25,用户提现,
olAFl63_YiXeCIY9cSf1yUkBEOJU,0.00,69212621219304	,用户提现,142.20,用户提现-退费单RF2026070511541130470,2026-07-06 10:02:21,用户提现,
olAFl63hvgQH6j-Jshg1Fndq9u5k,0.00,69212612183096	,用户提现,142.20,用户提现-退费单RF2026070502261555474,2026-07-06 09:58:53,用户提现,
ojb7F2EJQ_meptKZqOM38V9exx9o,0.00,70032621092120	,用户提现,399.00,用户提现-退费单RF2026070223182334915,2026-07-06 09:58:31,用户提现,
olAFl651KpJ-2zhKTM5Rh31mYNGI,0.00,68772612326832	,用户提现,214.40,用户提现-退费单RF2026070303150423194,2026-07-06 09:58:20,用户提现,
olAFl6yPbEpEJfrlh-k4tcwBiAhU,0.00,68772535082675	,用户提现,10.80,用户提现-退费单RF2026070606401862552,2026-07-06 09:43:30,用户提现,
olAFl6z9YjqNT50H470lgQQt28mM,50.40,67512440008385	,订单退费转入,50.40,系统处理工单时转移用户余额，订单号=WN2025121709042827841,2026-07-06 09:36:41,SYS,
olAFl62fue4wtWEGm9PnugSXFnuQ,142.20,69212612187387	,订单退费转入,142.20,系统处理工单时转移用户余额，订单号=WS2026070523462194267,2026-07-06 09:30:10,SYS,
olAFl6zmzqIKFPy3j9XCJu880bkE,0.00,68772602227813	,用户提现,190.50,用户提现-退费单RF2026070603150727354,2026-07-06 09:18:16,用户提现,
olAFl63uYcWexX_nAk8BwCkrkQxY,0.00,67512525223195	,用户提现,121.20,用户提现-退费单RF2026070303160546861,2026-07-06 09:16:01,用户提现,
olAFl67DhUL5aUHOWwcJ5T6Xw1aw,0.00,67862445008956	,用户提现,10.20,用户提现-退费单RF2026070416214578093,2026-07-06 09:13:09,用户提现,
olAFl68F7maUrgPaFNg3MaZa6LF0,0.00,67512534244288	,用户提现,66.00,用户提现-退费单RF2026070609060550734,2026-07-06 09:08:13,用户提现,
olAFl68F7maUrgPaFNg3MaZa6LF0,66.00,67512534244288	,订单退费转入,66.00,系统处理工单时转移用户余额，订单号=WS2026011215434802127,2026-07-06 09:06:06,SYS,
olAFl6_2XCP-mww52fM2huaxgSH0,0.00,864665070554238	,用户提现,369.00,用户提现-退费单RF2026070608441334327,2026-07-06 08:52:29,用户提现,
olAFl6_2XCP-mww52fM2huaxgSH0,369.00,864665070554238	,订单退费转入,369.00,工单系统流量套餐退款,2026-07-06 08:44:13,SYS,
olAFl64YKOEo4RqMoEXIywjniKCI,0.00,	,系统扣费,90.00,用户无可退退费单，钱包清零,2026-07-06 08:35:55,SYS,
olAFl6zL_vCBwSvlaTyRAcmTSSfQ,158.00,35682243071383	,订单退费转入,158.00,工单系统流量套餐退款 本单会员价格20.00元，不能退款,2026-07-06 08:27:07,SYS,
ojb7F2MVnyBxcUP5TVfSenvQJgzw,0.00,67482610416857	,用户提现,153.30,用户提现-退费单RF2026070608214906948,2026-07-06 08:22:02,用户提现,
ojb7F2MVnyBxcUP5TVfSenvQJgzw,153.30,67482610416857	,订单退费转入,153.30,系统处理工单时转移用户余额，订单号=WS2026060108311607714,2026-07-06 08:21:49,SYS,
olAFl697CVq7P3pr8FGpWG_EBqYQ,0.00,69212612178116	,用户提现,84.40,用户提现-退费单RF2026070608020596739,2026-07-06 08:02:56,用户提现,
olAFl697CVq7P3pr8FGpWG_EBqYQ,84.40,69212612178116	,订单退费转入,84.40,系统处理工单时转移用户余额，订单号=WS2026041620033576826,2026-07-06 08:02:06,SYS,
ojb7F2LkU1_t4rhr_W6djQciuop0,39.00,69212623243776	,订单退费转入,39.00,工单系统流量套餐退款,2026-07-06 07:03:55,SYS,
olAFl6yPbEpEJfrlh-k4tcwBiAhU,10.80,68772535082675	,订单退费转入,10.80,系统处理工单时转移用户余额，订单号=WS2026012721125732898,2026-07-06 06:40:19,SYS,
ojb7F2CEB2gfuvoTO1BG4OUjvZzk,0.00,69212621215141	,用户提现,199.00,用户提现-退费单RF2026070606281806920,2026-07-06 06:36:22,用户提现,
ojb7F2CEB2gfuvoTO1BG4OUjvZzk,199.00,69212621215141	,订单退费转入,199.00,工单系统流量套餐退款,2026-07-06 06:28:18,SYS,
olAFl65sVA7icmx8HBlJfzYUGoKw,172.20,67492603608499	,订单退费转入,172.20,系统处理工单时转移用户余额，订单号=WS2026061514485457023,2026-07-06 03:15:20,SYS,
olAFl66Geuj25zBPMKMvO3P01BBc,172.20,70032617033881	,订单退费转入,172.20,系统处理工单时转移用户余额，订单号=WS2026061209021196485,2026-07-06 03:15:19,SYS,
olAFl69uAxe3WWJL6g43r-dCIkqI,69.00,67482454165910	,订单退费转入,69.00,工单系统流量套餐退款,2026-07-06 03:15:19,SYS,
olAFl6_r2YDwB82t0SSeWSgqFuvI,74.00,68772610300851	,订单退费转入,74.00,系统处理工单时转移用户余额，订单号=WS2026060809100916498,2026-07-06 03:15:17,SYS,
olAFl6-wdFtODEYQjqw5Vzds4kuU,176.00,68772604280757	,订单退费转入,176.00,工单系统流量套餐退款,2026-07-06 03:15:17,SYS,
olAFl69qyOFg-Rid50nQHATBby4Y,86.00,68772539114811	,订单退费转入,86.00,工单系统流量套餐退款,2026-07-06 03:15:17,SYS,
olAFl6-dq17XX8L2rqoxDdVO1-XY,37.70,69212544103991	,订单退费转入,37.70,系统处理工单时转移用户余额，订单号=WS2026020209034797812,2026-07-06 03:15:17,SYS,
o2uAP68SoXlcNm0egO4pYFjvcbx4,40.60,328800176	,订单退费转入,40.60,系统处理工单时转移用户余额，订单号=WS2026011717451553351,2026-07-06 03:15:15,SYS,
olAFl69WJ3PA8WQZ6A1lu2_7N-6A,106.00,68772528047772	,订单退费转入,106.00,工单系统流量套餐退款,2026-07-06 03:15:15,SYS,
olAFl6wHufqLzMTqMxIhQlpYE3g0,29.00,69212602144529	,订单退费转入,29.00,工单系统流量套餐退款,2026-07-06 03:15:15,SYS,
olAFl6720Sxo0eOVLgDM7-YkuJV0,39.90,68772612320208	,订单退费转入,39.90,工单系统流量套餐退款,2026-07-06 03:15:15,SYS,
olAFl67YK2HsjJQ5B2ulajJpXQHI,30.50,67482445016720	,订单退费转入,30.50,系统处理工单时转移用户余额，订单号=WS2025123010294014752,2026-07-06 03:15:15,SYS,
olAFl66PShFFS1S5bwjYYJc-K30Q,34.30,86132342102446	,订单退费转入,34.30,工单系统流量套餐退款 组合支付：微信退费 34.30,2026-07-06 03:15:15,SYS,
olAFl68DTf0flkZ6vQsZmPqrWXyI,87.30,67002535356482	,订单退费转入,87.30,工单系统审核退费单-套餐已作废/钱包已清零,2026-07-06 03:15:15,SYS,
olAFl6xTbHR1729aEJUO5YOCERkY,120.00,69142620026517	,订单退费转入,120.00,工单系统流量套餐退款,2026-07-06 03:15:15,SYS,
olAFl646hHfUnL6-BAUkXcDHFWeU,6.00,68772543149258	,订单退费转入,6.00,系统处理工单时转移用户余额，订单号=WN2025122413585940064,2026-07-06 03:15:13,SYS,
olAFl6yAjSHFESCRBjYTXrEMzoF0,27.20,67002509214780	,订单退费转入,27.20,工单系统审核退费单-套餐已作废/钱包已清零,2026-07-06 03:15:13,SYS,
olAFl62fruN-PrkMRo9lh7C9qHuo,82.40,69212536009027	,订单退费转入,82.40,系统处理工单时转移用户余额，订单号=WS2026040100083522395,2026-07-06 03:15:13,SYS,
ojb7F2K04PkqXg0bGrY0aUdvrZsk,50.00,69142620029296	,订单退费转入,50.00,工单系统流量套餐退款,2026-07-06 03:15:13,SYS,
olAFl60P34trO-tS_3Octh7hXW9k,88.00,86132327025521	,订单退费转入,88.00,工单系统流量套餐退款,2026-07-06 03:15:13,SYS,
ojb7F2PyzVNtS28ea5MMp8ZlyQp4,172.20,67002447021240	,订单退费转入,172.20,系统处理工单时转移用户余额，订单号=WS2026060208221906935,2026-07-06 03:15:11,SYS,
olAFl62-s8xwZM1b8fMGS3BvD7jY,75.90,67482503243067	,订单退费转入,75.90,系统处理工单时转移用户余额，订单号=WS2026012910540158937,2026-07-06 03:15:11,SYS,
ojb7F2MNk2RiOf74Na-A7OMaY-AY,39.00,69212606156743	,订单退费转入,39.00,工单系统流量套餐退款,2026-07-06 03:15:11,SYS,
olAFl66KcZ3z9WzqvfgHKjf7qDMI,46.00,67512445102424	,订单退费转入,46.00,系统处理工单时转移用户余额，订单号=WS2025120311413096329,2026-07-06 03:15:09,SYS,
ojb7F2FE0MQTb0PKKMfYydsHFqGU,179.00,70032617033994	,订单退费转入,179.00,工单系统审核退费单-套餐已作废/钱包已清零,2026-07-06 03:15:09,SYS,
olAFl6_Fp-XxX8CQs49WYDLTUugE,163.00,70032617035002	,订单退费转入,163.00,工单系统审核退费单-套餐已作废/钱包已清零,2026-07-06 03:15:09,SYS,
olAFl6yJhDTRVVyPFqeFk846J9MY,72.60,68772550175544	,订单退费转入,72.60,系统处理工单时转移用户余额，订单号=WS2026010322470541273,2026-07-06 03:15:09,SYS,
olAFl6_uNIHsgzRqX-1GWqTNcr88,19.80,68772539115820	,订单退费转入,19.80,工单系统流量套餐退款,2026-07-06 03:15:09,SYS,
olAFl63o0EfvJwYQWL9V9w_weQe4,174.00,70032617029928	,订单退费转入,174.00,工单系统审核退费单-套餐已作废/钱包已清零,2026-07-06 03:15:09,SYS,
olAFl64PmnIRsQ7U0kwC4hX2gUIo,159.00,67482449090832	,订单退费转入,159.00,工单系统流量套餐退款,2026-07-06 03:15:09,SYS,
olAFl61AaoWC9KZB6sO7wB2NAB1w,46.00,69212621220889	,订单退费转入,46.00,工单系统审核退费单-套餐已作废/钱包已清零,2026-07-06 03:15:09,SYS,
olAFl6wSzhKq3u7uvdarfyCa1mkg,77.20,68772528058187	,订单退费转入,77.20,系统处理工单时转移用户余额，订单号=WS2025091111331497231,2026-07-06 03:15:07,SYS,
olAFl6y1TmIq4KM3pNkjKCpqdkjY,151.20,69142620030350	,订单退费转入,151.20,系统处理工单时转移用户余额，订单号=WS2026052710462029415,2026-07-06 03:15:07,SYS,
olAFl63GdkmEgxZhMxbTJ00Jmju8,549.00,69212621220274	,订单退费转入,549.00,工单系统流量套餐退款,2026-07-06 03:15:07,SYS,
odELQ6gsWV6QFc1tjjlBGLBtzKJo,299.00,867061073943452	,订单退费转入,299.00,工单系统审核退费单-套餐已作废/钱包已清零,2026-07-06 03:15:07,SYS,
olAFl6zmzqIKFPy3j9XCJu880bkE,190.50,68772602227813	,订单退费转入,190.50,工单系统流量套餐退款,2026-07-06 03:15:07,SYS,
olAFl629sljKL64Cf87TxtpLMVUY,105.30,67002523285507	,订单退费转入,105.30,系统处理工单时转移用户余额，订单号=WS2025111517085306894,2026-07-06 03:15:05,SYS,
olAFl6-m7TIS4lFHViscLvgaiDJA,54.00,67492538515761	,订单退费转入,54.00,系统处理工单时转移用户余额，订单号=WS2026052012410798431,2026-07-06 03:15:05,SYS,
ojb7F2GeRDLo8bo9QxypKOEfn1FY,0.00,69212602145686	,用户提现,39.90,用户提现-退费单RF2026070600451007128,2026-07-06 01:21:58,用户提现,
ojb7F2JwJJqunS69K7C9Rc_CQCC4,89.00,67002447021144	,订单退费转入,89.00,工单系统审核退费单-套餐已作废/钱包已清零,2026-07-06 00:50:21,SYS,
ojb7F2GeRDLo8bo9QxypKOEfn1FY,39.90,69212602145686	,订单退费转入,39.90,工单系统流量套餐退款,2026-07-06 00:45:10,SYS,
olAFl62jjFhJX5krtRlWxFd6Fp40,0.00,60912432193786	,用户提现,104.50,用户提现-退费单RF2026070523482825583,2026-07-05 23:48:53,用户提现,
olAFl62jjFhJX5krtRlWxFd6Fp40,104.50,60912432193786	,订单退费转入,104.50,系统处理工单时转移用户余额，订单号=WS2026041518234820570,2026-07-05 23:48:28,SYS,
olAFl6-ypSjBfJavZHHooB9VLJzw,0.00,67482448046539	,用户提现,106.00,用户提现-退费单RF2026070422213769263,2026-07-05 23:00:28,用户提现,
olAFl66_9cbUwgBq8BDsvGNKLT1Q,0.00,67512535264813	,用户提现,64.00,用户提现-退费单RF2026070522520964095,2026-07-05 22:52:31,用户提现,
olAFl66_9cbUwgBq8BDsvGNKLT1Q,64.00,67512535264813	,订单退费转入,64.00,系统处理工单时转移用户余额，订单号=WS2026011719414712896,2026-07-05 22:52:10,SYS,
olAFl61javirQTBEmOBfGsyCkGno,16.90,70032611009165	,订单退费转入,16.90,系统处理工单时转移用户余额，订单号=WS2026062312521596192,2026-07-05 22:51:42,SYS,
olAFl658sMNpTAb4mSJBW4Su5Tho,0.00,67492603607579	,用户提现,54.00,用户提现-退费单RF2026070522433437471,2026-07-05 22:48:19,用户提现,
olAFl658sMNpTAb4mSJBW4Su5Tho,54.00,67492603607579	,订单退费转入,54.00,系统处理工单时转移用户余额，订单号=WS2026022212205224687,2026-07-05 22:43:34,SYS,
olAFl61JwhRQdGZy60VYsxj5mTwQ,0.00,67002452074807	,用户提现,61.50,用户提现-退费单RF2026070522230004586,2026-07-05 22:27:52,用户提现,
olAFl61JwhRQdGZy60VYsxj5mTwQ,61.50,67002452074807	,订单退费转入,61.50,系统处理工单时转移用户余额，订单号=WS2026010918273472467,2026-07-05 22:23:00,SYS,
olAFl6yaYFnrTHX9GbQSPEaqIcAU,0.00,67512535260773	,用户提现,13.00,用户提现-退费单RF2026070522135579426,2026-07-05 22:14:20,用户提现,
olAFl6yaYFnrTHX9GbQSPEaqIcAU,13.00,67512535260773	,订单退费转入,13.00,系统处理工单时转移用户余额，订单号=WS2025111718155550433,2026-07-05 22:13:56,SYS,
ojb7F2EYl9i1JtqNqv4t84xwGEhk,0.00,69212621225013	,用户提现,66.00,用户提现-退费单RF2026070521244717581,2026-07-05 21:25:00,用户提现,
ojb7F2EYl9i1JtqNqv4t84xwGEhk,66.00,69212621225013	,订单退费转入,66.00,工单系统流量套餐退款,2026-07-05 21:24:47,SYS,
olAFl657xsT2z3iwUaSxt439hUgQ,0.00,69212538052582	,用户提现,23.90,用户提现-退费单RF2026070521030477148,2026-07-05 21:16:49,用户提现,
ojb7F2MJ_6t8xTFCqr9Qx9tqKqpg,0.00,69212621224283	,用户提现,9.90,用户提现-退费单RF2026070521031162667,2026-07-05 21:04:50,用户提现,
ojb7F2MJ_6t8xTFCqr9Qx9tqKqpg,9.90,69212621224283	,订单退费转入,9.90,工单系统流量套餐退款,2026-07-05 21:03:12,SYS,
olAFl657xsT2z3iwUaSxt439hUgQ,23.90,69212538052582	,订单退费转入,23.90,系统处理工单时转移用户余额，订单号=WS2026050600475049493,2026-07-05 21:03:05,SYS,
ojb7F2AIYQ6j4c7yo8U6xonNKWo8,0.00,67492602589066	,用户提现,188.00,用户提现-退费单RF2026070520545850880,2026-07-05 20:56:21,用户提现,
ojb7F2AIYQ6j4c7yo8U6xonNKWo8,188.00,67492602589066	,订单退费转入,188.00,工单系统流量套餐退款,2026-07-05 20:54:59,SYS,
odELQ6tsKxEESzEsvbzua-ybaoIM,0.00,68712535007893	,用户提现,159.00,用户提现-退费单RF2026070419271002472,2026-07-05 20:53:58,用户提现,
olAFl6xRbxANrIExVBntSKu-kzwQ,0.00,70032611015783	,用户提现,122.20,用户提现-退费单RF2026070520490498797,2026-07-05 20:49:50,用户提现,
olAFl6xRbxANrIExVBntSKu-kzwQ,122.20,70032611015783	,订单退费转入,122.20,系统处理工单时转移用户余额，订单号=WS2026051914144579044,2026-07-05 20:49:05,SYS,
olAFl6xIaxfUWoj3CuaNjzAWDPFQ,0.00,	,系统扣费,38.40,用户无可退退费单，钱包清零,2026-07-05 20:23:29,SYS,
ojb7F2J49kcDzFMemhQNaWpLk040,0.00,68032513025577	,用户提现,162.10,用户提现-退费单RF2026070519461194781,2026-07-05 19:48:19,用户提现,
o2uAP6xtwI-rpFMnnACkoXIDkjz0,0.00,328810299	,用户提现,39.90,用户提现-退费单RF2026070519471710968,2026-07-05 19:48:00,用户提现,
o2uAP6xtwI-rpFMnnACkoXIDkjz0,39.90,328810299	,订单退费转入,39.90,工单系统流量套餐退款,2026-07-05 19:47:17,SYS,
ojb7F2J49kcDzFMemhQNaWpLk040,162.10,68032513025577	,订单退费转入,162.10,系统处理工单时转移用户余额，订单号=WS2026062721182355750,2026-07-05 19:46:12,SYS,
olAFl68oCraNRR_4hGa0r5W9Hl-Y,39.00,69212612187147	,订单退费转入,39.00,工单系统流量套餐退款,2026-07-05 19:44:23,SYS,
olAFl635ETDqlCKLd7rJHSyxorGQ,0.00,69212612189838	,用户提现,74.00,用户提现-退费单RF2026070519401179368,2026-07-05 19:41:36,用户提现,
olAFl635ETDqlCKLd7rJHSyxorGQ,74.00,69212612189838	,订单退费转入,74.00,系统处理工单时转移用户余额，订单号=WS2026070519163236895,2026-07-05 19:40:12,SYS,
olAFl65N8agxjKfGJujyly9EXx1I,180.00,67482447027696	,订单退费转入,180.00,系统处理工单时转移用户余额，订单号=WS2026070421475833386,2026-07-05 19:30:05,SYS,
olAFl63JGD8uZmdOZGvYBM7NSm58,0.00,69212606156171	,用户提现,19.00,用户提现-退费单RF2026070519143494681,2026-07-05 19:15:56,用户提现,
olAFl63JGD8uZmdOZGvYBM7NSm58,19.00,69212606156171	,订单退费转入,19.00,工单系统流量套餐退款,2026-07-05 19:14:35,SYS,
olAFl6218QKzETGk1L6vNYXjRwOQ,69.00,864665066175899	,订单退费转入,69.00,工单系统流量套餐退款 本单会员价格20.00元，不能退款,2026-07-05 18:42:22,SYS,
olAFl69GIGkl2B8F9-VYf_7n4Dm4,0.00,86132437293988	,用户提现,49.00,用户提现-退费单RF2026070518302855457,2026-07-05 18:33:21,用户提现,
olAFl69GIGkl2B8F9-VYf_7n4Dm4,49.00,86132437293988	,订单退费转入,49.00,工单系统流量套餐退款,2026-07-05 18:30:29,SYS,
olAFl6wJQgKwGf_mGc5NhHpr7uQQ,0.00,69212538044728	,用户提现,233.00,用户提现-退费单RF2026070517001395637,2026-07-05 18:19:51,用户提现,
odELQ6ld53g9zduG-glLSF9Ijj9s,0.00,86706107476046	,用户提现,100.00,用户提现-退费单RF2026070303152354394,2026-07-05 18:19:23,用户提现,
olAFl66AkhlHxJt5wdTO6tAx3aEI,0.00,68772612318811	,用户提现,29.00,用户提现-退费单RF2026070111212425056,2026-07-05 17:46:57,用户提现,
olAFl6zyGjXAsMn5PNwCokGFA9Ro,0.00,68932604052447	,用户提现,80.00,用户提现-退费单RF2026070517434478855,2026-07-05 17:45:25,用户提现,
olAFl6zyGjXAsMn5PNwCokGFA9Ro,80.00,68932604052447	,订单退费转入,80.00,工单系统流量套餐退款,2026-07-05 17:43:45,SYS,
olAFl63F_cUV15CHvjKj6RD4OreI,0.00,67482453145780	,用户提现,64.00,用户提现-退费单RF2026070517301328181,2026-07-05 17:39:52,用户提现,
olAFl6yqJ9aLe74YFkN4p2nZ0Qnc,0.00,69212606156501	,用户提现,420.00,用户提现-退费单RF2026070517301767713,2026-07-05 17:32:54,用户提现,
olAFl6yqJ9aLe74YFkN4p2nZ0Qnc,420.00,69212606156501	,订单退费转入,420.00,工单系统流量套餐退款 本单会员价格20.00元，不能退款,2026-07-05 17:30:18,SYS,
olAFl63F_cUV15CHvjKj6RD4OreI,64.00,67482453145780	,订单退费转入,64.00,工单系统流量套餐退款 本单会员价格20.00元，不能退款,2026-07-05 17:30:13,SYS,
odELQ6vpmHJeMqkNpizDpcOsuO-w,0.00,67872535008539	,用户提现,322.00,用户提现-退费单RF2026070303153568253,2026-07-05 17:19:55,用户提现,
olAFl6_0oGFYIdLgEaXHw2riB_iY,0.00,63272414007921	,用户提现,109.00,用户提现-退费单RF2026070517131199111,2026-07-05 17:14:06,用户提现,
olAFl6_0oGFYIdLgEaXHw2riB_iY,109.00,63272414007921	,订单退费转入,109.00,工单系统流量套餐退款,2026-07-05 17:13:12,SYS,
ojb7F2OCjB_fMMutj7tTo1ESBKGo,0.00,67492610674111	,用户提现,109.00,用户提现-退费单RF2026070517080542595,2026-07-05 17:12:59,用户提现,
ojb7F2OCjB_fMMutj7tTo1ESBKGo,109.00,67492610674111	,订单退费转入,109.00,工单系统审核退费单-套餐已作废/钱包已清零,2026-07-05 17:10:28,SYS,
olAFl6wJQgKwGf_mGc5NhHpr7uQQ,233.00,69212538044728	,订单退费转入,233.00,工单系统流量套餐退款,2026-07-05 17:00:14,SYS,
olAFl67jYn9IUM6H1uQeDOjgtr9Y,180.00,67492552539575	,订单退费转入,180.00,系统处理工单时转移用户余额，订单号=WS2026070211012675976,2026-07-05 16:51:28,SYS,
olAFl67MtlCf88zOnBeRfc2ipeSc,0.00,69212621220356	,用户提现,192.00,用户提现-退费单RF2026070500003008664,2026-07-05 16:43:29,用户提现,
olAFl62wmOg9RyPzfjb4Tqzy6Tzs,0.00,67482442004577	,用户提现,21.50,用户提现-退费单RF2026070515062141661,2026-07-05 15:52:45,用户提现,
odELQ6ufydk18W298Fw606K4YIxI,0.00,67682522025312	,用户提现,10.20,用户提现-退费单RF2026070515391076843,2026-07-05 15:39:35,用户提现,
odELQ6ufydk18W298Fw606K4YIxI,10.20,67682522025312	,订单退费转入,10.20,系统处理工单时转移用户余额，订单号=WS2026042410473345585,2026-07-05 15:39:11,SYS,
ojb7F2E9mXNdqK3bTEeHzFATLWRw,0.00,70032611008460	,用户提现,180.00,用户提现-退费单RF2026070515192586611,2026-07-05 15:19:41,用户提现,
ojb7F2E9mXNdqK3bTEeHzFATLWRw,180.00,70032611008460	,订单退费转入,180.00,系统处理工单时转移用户余额，订单号=WS2026070408312798059,2026-07-05 15:19:26,SYS,
olAFl6x55_AxbKRb0ruaNhXggI4s,0.00,67482610415375	,用户提现,88.40,用户提现-退费单RF2026070515170004036,2026-07-05 15:17:56,用户提现,
olAFl6x55_AxbKRb0ruaNhXggI4s,88.40,67482610415375	,订单退费转入,88.40,系统处理工单时转移用户余额，订单号=WS2026041318210443041,2026-07-05 15:17:00,SYS,
olAFl61eqmfvkFvH4qPc9TraCKMM,0.00,58812351050069	,用户提现,94.00,用户提现-退费单RF2026070515125067144,2026-07-05 15:13:23,用户提现,
olAFl61eqmfvkFvH4qPc9TraCKMM,94.00,58812351050069	,订单退费转入,94.00,工单系统流量套餐退款,2026-07-05 15:12:51,SYS,
olAFl62wmOg9RyPzfjb4Tqzy6Tzs,21.50,67482442004577	,订单退费转入,21.50,系统处理工单时转移用户余额，订单号=WS2026020615580349566,2026-07-05 15:06:21,SYS,
olAFl6-bRple5Uz4Urn_i54ONZfY,0.00,67482610412855	,用户提现,109.00,用户提现-退费单RF2026070513081581729,2026-07-05 15:03:08,用户提现,
ojb7F2NZiLo_SR9a3WynUaGgHWgQ,0.00,68032536032269	,用户提现,599.00,用户提现-退费单RF2026070509472410178,2026-07-05 14:52:16,用户提现,
olAFl66CYNmeAiwu6rt1xNLwoS5s,0.00,67492602580195	,用户提现,31.70,用户提现-退费单RF2026070514241702311,2026-07-05 14:42:57,用户提现,
olAFl66CYNmeAiwu6rt1xNLwoS5s,31.70,67492602580195	,订单退费转入,31.70,系统处理工单时转移用户余额，订单号=WS2026020115560512899,2026-07-05 14:24:17,SYS,
ojb7F2LyZIoxv1GlM4wwJf6_PMoQ,0.00,69142620030998	,用户提现,179.00,用户提现-退费单RF2026070514113383981,2026-07-05 14:19:37,用户提现,
ojb7F2LyZIoxv1GlM4wwJf6_PMoQ,179.00,69142620030998	,订单退费转入,179.00,工单系统流量套餐退款,2026-07-05 14:11:34,SYS,
olAFl66_l1u-hCyBmQR7waPBnniE,0.00,67002453173403	,用户提现,361.00,用户提现-退费单RF2026070513473268550,2026-07-05 13:47:59,用户提现,
olAFl66_l1u-hCyBmQR7waPBnniE,361.00,67002453173403	,订单退费转入,361.00,工单系统流量套餐退款 本单会员价格20.00元，不能退款,2026-07-05 13:47:33,SYS,
olAFl662qIJkUKJYxh7tYf16zBlA,0.00,69212612179938	,用户提现,261.00,用户提现-退费单RF2026070513350056565,2026-07-05 13:37:35,用户提现,
olAFl662qIJkUKJYxh7tYf16zBlA,261.00,69212612179938	,订单退费转入,261.00,工单系统流量套餐退款 本单会员价格20.00元，不能退款,2026-07-05 13:35:01,SYS,
olAFl66-NYPJX587PN0dfkHM0bz0,0.00,70032611015742	,用户提现,92.20,用户提现-退费单RF2026070513205647817,2026-07-05 13:26:15,用户提现,
odELQ6v31KtxVj7hGS08YQOEoZU0,0.00,68772612335065	,用户提现,29.90,用户提现-退费单RF2026070513232246390,2026-07-05 13:24:21,用户提现,
odELQ6v31KtxVj7hGS08YQOEoZU0,29.90,68772612335065	,订单退费转入,29.90,工单系统流量套餐退款,2026-07-05 13:23:22,SYS,
olAFl66-NYPJX587PN0dfkHM0bz0,92.20,70032611015742	,订单退费转入,92.20,系统处理工单时转移用户余额，订单号=WN2026061609063773028,2026-07-05 13:20:56,SYS,
ojb7F2KSp0jXXXWkHq0ygr8MkGaA,0.00,70032621088142	,用户提现,14.00,用户提现-退费单RF2026070513145042033,2026-07-05 13:16:11,用户提现,
ojb7F2KSp0jXXXWkHq0ygr8MkGaA,14.00,70032621088142	,订单退费转入,14.00,工单系统流量套餐退款,2026-07-05 13:14:50,SYS,
olAFl63YJHHOGlmBj7TJ2T6iorys,0.00,	,系统扣费,171.20,用户无可退退费单，钱包清零,2026-07-05 13:14:31,SYS,
olAFl6-bRple5Uz4Urn_i54ONZfY,109.00,67482610412855	,订单退费转入,109.00,工单系统流量套餐退款,2026-07-05 13:08:16,SYS,
ojb7F2PEqEXThvPOd_ZNpvO7OT_s,0.00,69212612187433	,用户提现,399.00,用户提现-退费单RF2026070420155670097,2026-07-05 13:01:40,用户提现,
olAFl61XWUnAJBaUhdnCmJw-rENU,33.10,67482504280453	,订单退费转入,33.10,系统处理工单时转移用户余额，订单号=WN2026040912424816552,2026-07-05 12:57:18,SYS,
olAFl64qkg01uOGbb5hZ8LaeGDtY,0.00,67862535042875	,用户提现,119.00,用户提现-退费单RF2026070512495675955,2026-07-05 12:50:50,用户提现,
olAFl64qkg01uOGbb5hZ8LaeGDtY,119.00,67862535042875	,订单退费转入,119.00,工单系统流量套餐退款,2026-07-05 12:49:57,SYS,
olAFl6xHb3Tesu3W4TL6eJoiOwAU,0.80,67512535258170	,订单退费转入,0.80,系统处理工单时转移用户余额，订单号=WS2026010308055291347,2026-07-05 12:39:35,SYS,
ojb7F2MyOL9_l_ihTQzg2bsqUAyY,0.00,69212621217103	,用户提现,39.00,用户提现-退费单RF2026070415013149620,2026-07-05 12:31:52,用户提现,
olAFl63_YiXeCIY9cSf1yUkBEOJU,142.20,69212621219304	,订单退费转入,142.20,系统处理工单时转移用户余额，订单号=WS2026063010200906172,2026-07-05 11:54:11,SYS,
olAFl61u5F9ah-IxdVybtlkHPQj4,100.80,67862447017974	,订单退费转入,100.80,系统处理工单时转移用户余额，订单号=WS2026040622051279461,2026-07-05 11:44:51,SYS,
olAFl6-arbZ1LfY2jjl0wiy0-lHo,0.00,67492603601545	,用户提现,153.30,用户提现-退费单RF2026070511380407739,2026-07-05 11:41:36,用户提现,
olAFl6-QJ0ss01M0ju3ulKsf4zYo,0.00,68772513001617	,用户提现,29.00,用户提现-退费单RF2026070511380733536,2026-07-05 11:39:48,用户提现,
olAFl6-QJ0ss01M0ju3ulKsf4zYo,29.00,68772513001617	,订单退费转入,29.00,工单系统流量套餐退款,2026-07-05 11:38:07,SYS,
olAFl6-arbZ1LfY2jjl0wiy0-lHo,153.30,67492603601545	,订单退费转入,153.30,系统处理工单时转移用户余额，订单号=WS2026060617221897492,2026-07-05 11:38:04,SYS,
odELQ6h-AqrerxoehFaUOfGw9k3k,0.00,67682453007834	,用户提现,150.10,用户提现-退费单RF2026070511355793419,2026-07-05 11:36:11,用户提现,
odELQ6h-AqrerxoehFaUOfGw9k3k,150.10,67682453007834	,订单退费转入,150.10,系统处理工单时转移用户余额，订单号=WS2026070209183770440,2026-07-05 11:35:58,SYS,
o2uAP6_UN9jumJ7o84Umr2wyH0wQ,0.00,90462594	,用户提现,399.00,用户提现-退费单RF2026070511315197521,2026-07-05 11:33:15,用户提现,
o2uAP6_UN9jumJ7o84Umr2wyH0wQ,399.00,90462594	,订单退费转入,399.00,工单系统流量套餐退款 本单会员价格20.00元，不能退款,2026-07-05 11:31:52,SYS,
olAFl6-Gf7kRYZrL6aQIANKw_ltM,0.00,67002447032462	,用户提现,43.50,用户提现-退费单RF2026070510563244263,2026-07-05 11:29:12,用户提现,
olAFl62fX0uhJicz-HF6zrYbI0nQ,0.00,68772610299616	,用户提现,24.40,用户提现-退费单RF2026070103151673298,2026-07-05 11:17:45,用户提现,
olAFl6_O3Sv0iOdbWe_dE4QETf8s,66.00,67492509452748	,订单退费转入,66.00,系统处理工单时转移用户余额，订单号=WS2025082209233735060,2026-07-05 11:08:30,SYS,
olAFl64H00M_t7DWuZo3mdt_TSAw,0.00,68032536035389	,用户提现,144.00,用户提现-退费单RF2026070412383039863,2026-07-05 11:08:18,用户提现,
ojb7F2FjZHfl_yEOv9SehTj9lP68,0.00,67492602586197	,用户提现,94.00,用户提现-退费单RF2026070510551823171,2026-07-05 11:04:50,用户提现,
olAFl64GnzjR4BrSWIu-MM0j2GHk,0.00,69212602144038	,用户提现,76.00,用户提现-退费单RF2026070510423619629,2026-07-05 10:59:50,用户提现,
olAFl6-Gf7kRYZrL6aQIANKw_ltM,43.50,67002447032462	,订单退费转入,43.50,工单系统流量套餐退款 组合支付：微信退费 43.50,2026-07-05 10:56:32,SYS,
ojb7F2FjZHfl_yEOv9SehTj9lP68,94.00,67492602586197	,订单退费转入,94.00,工单系统流量套餐退款,2026-07-05 10:55:18,SYS,
olAFl69TjjdASmd2mSZOi__H9kjw,6.00,70032617033317	,订单退费转入,6.00,系统处理工单时转移用户余额，订单号=WN2026061714344683249,2026-07-05 10:49:54,SYS,
olAFl6wZx3-yFw7QiBOcMMhiql5c,0.00,864665064176055	,用户提现,111.80,用户提现-退费单RF2026070510415216869,2026-07-05 10:43:09,用户提现,
olAFl64GnzjR4BrSWIu-MM0j2GHk,76.00,69212602144038	,订单退费转入,76.00,工单系统流量套餐退款,2026-07-05 10:42:36,SYS,
olAFl6wZx3-yFw7QiBOcMMhiql5c,111.80,864665064176055	,订单退费转入,111.80,系统处理工单时转移用户余额，订单号=WS2025100513170154398,2026-07-05 10:41:52,SYS,
olAFl61b-2Om6nvGIosPtve_5hh8,0.00,69212544101508	,用户提现,188.00,用户提现-退费单RF2026050603152849,2026-07-05 10:33:05,用户提现,
olAFl68yFc5mHLByBuYnWqgBs3Q0,0.00,68772612325503	,用户提现,94.40,用户提现-退费单RF2026070510294914610,2026-07-05 10:30:55,用户提现,
olAFl68yFc5mHLByBuYnWqgBs3Q0,94.40,68772612325503	,订单退费转入,94.40,系统处理工单时转移用户余额，订单号=WS2026050121181214343,2026-07-05 10:29:49,SYS,
ojb7F2C3ZM708wxUrhwRtfc_3knI,0.00,	,系统扣费,479.00,用户无可退退费单，钱包清零,2026-07-05 10:11:47,SYS,
odELQ6qEgNbFGcw0fmRK6H1qxbjw,0.00,86706107478206	,用户提现,48.00,用户提现-退费单RF2026070303153364366,2026-07-05 10:10:29,用户提现,
olAFl6w0q2-CO0gz6DqjU-ww-5RU,0.00,67482610414948	,用户提现,82.40,用户提现-退费单RF2026070303151782411,2026-07-05 10:08:02,用户提现,
ojb7F2NZiLo_SR9a3WynUaGgHWgQ,599.00,68032536032269	,订单退费转入,599.00,工单系统流量套餐退款,2026-07-05 09:47:24,SYS,
olAFl6wohb1Wlm1tGE2R5zLY5t7o,0.00,68932550046279	,用户提现,19.90,用户提现-退费单RF2026070509372848075,2026-07-05 09:38:38,用户提现,
ojb7F2P_XGwnMm1neyXHrGtT94pI,0.00,70032621090551	,用户提现,100.00,用户提现-退费单RF2026070409413060616,2026-07-05 09:38:27,用户提现,
olAFl6wohb1Wlm1tGE2R5zLY5t7o,19.90,68932550046279	,订单退费转入,19.90,工单系统审核退费单-套餐已作废/钱包已清零,2026-07-05 09:37:51,SYS,
olAFl6xP1VbWVY-dcVfnG4HoaFQg,0.00,67862510033278	,用户提现,82.80,用户提现-退费单RF2026070509301854082,2026-07-05 09:30:47,用户提现,
olAFl6xP1VbWVY-dcVfnG4HoaFQg,82.80,67862510033278	,订单退费转入,82.80,系统处理工单时转移用户余额，订单号=WN2026021516192266332,2026-07-05 09:30:19,SYS,
ojb7F2BVr1nxtI415d0hyFFrFkgs,0.00,70032621091960	,用户提现,94.00,用户提现-退费单RF2026070508472196862,2026-07-05 08:50:52,用户提现,
ojb7F2BVr1nxtI415d0hyFFrFkgs,94.00,70032621091960	,订单退费转入,94.00,工单系统流量套餐退款,2026-07-05 08:47:22,SYS,
olAFl6wP_ym0cHS1oUyOOmH1INso,0.00,69212623243915	,用户提现,239.00,用户提现-退费单RF2026070508450120038,2026-07-05 08:46:50,用户提现,
olAFl6wP_ym0cHS1oUyOOmH1INso,239.00,69212623243915	,订单退费转入,239.00,工单系统流量套餐退款,2026-07-05 08:45:01,SYS,
ojb7F2ONXm19U415Rj_zA8T1O978,0.00,69212621224870	,用户提现,109.00,用户提现-退费单RF2026070508344410959,2026-07-05 08:39:57,用户提现,
ojb7F2ONXm19U415Rj_zA8T1O978,109.00,69212621224870	,订单退费转入,109.00,工单系统流量套餐退款,2026-07-05 08:34:44,SYS,
ojb7F2FlUEcdb-9Q2dGuH2QNJxJ8,0.00,70032611007207	,用户提现,172.20,用户提现-退费单RF2026070508024171965,2026-07-05 08:03:19,用户提现,
ojb7F2FlUEcdb-9Q2dGuH2QNJxJ8,172.20,70032611007207	,订单退费转入,172.20,系统处理工单时转移用户余额，订单号=WS2026060818381602388,2026-07-05 08:02:42,SYS,
olAFl6xDJNJ5YOnNAAdBiXenvY34,0.00,67492509464984	,用户提现,100.30,用户提现-退费单RF2026070203151296399,2026-07-05 07:14:20,用户提现,
olAFl63hvgQH6j-Jshg1Fndq9u5k,142.20,69212612183096	,订单退费转入,142.20,系统处理工单时转移用户余额，订单号=WS2026052310321975410,2026-07-05 02:26:16,SYS,
olAFl6whcKj_6kQh2Xi1uH_OZqQU,0.00,67482610415411	,用户提现,34.00,用户提现-退费单RF2026070500252362692,2026-07-05 00:25:57,用户提现,
olAFl6whcKj_6kQh2Xi1uH_OZqQU,34.00,67482610415411	,订单退费转入,34.00,系统处理工单时转移用户余额，订单号=WS2026041521190078138,2026-07-05 00:25:24,SYS,
ojb7F2LhcdTEkl8vQPXus7uYCq48,0.00,69212621226193	,用户提现,171.20,用户提现-退费单RF2026070500124901159,2026-07-05 00:25:05,用户提现,
olAFl60isFN_uyU36Q5uiIygLNwc,0.00,67492552547099	,用户提现,32.70,用户提现-退费单RF2026070303153566597,2026-07-05 00:17:44,用户提现,
ojb7F2LhcdTEkl8vQPXus7uYCq48,171.20,69212621226193	,订单退费转入,171.20,系统处理工单时转移用户余额，订单号=WS2026061821515960269,2026-07-05 00:12:49,SYS,
olAFl67MtlCf88zOnBeRfc2ipeSc,192.00,69212621220356	,订单退费转入,192.00,工单系统流量套餐退款,2026-07-05 00:00:30,SYS,
olAFl6_w195LSc6o1i8e0JrWu4pU,0.00,69212536007535	,用户提现,29.00,用户提现-退费单RF2026070422473671520,2026-07-04 23:15:13,用户提现,
olAFl696guZMTF4UHV0rQV6JjwnI,0.00,68032504011302	,用户提现,54.00,用户提现-退费单RF2026070303155769056,2026-07-04 23:09:19,用户提现,
olAFl6_w195LSc6o1i8e0JrWu4pU,29.00,69212536007535	,订单退费转入,29.00,系统处理工单时转移用户余额，订单号=WS2026060613302221579,2026-07-04 22:47:37,SYS,
olAFl6_kfh5PJLMG0pX_Mdhxz3rQ,0.00,68772550200540	,用户提现,68.80,用户提现-退费单RF2026070422384738080,2026-07-04 22:39:31,用户提现,
olAFl6_kfh5PJLMG0pX_Mdhxz3rQ,68.80,68772550200540	,订单退费转入,68.80,系统处理工单时转移用户余额，订单号=WS2026032618052484699,2026-07-04 22:38:47,SYS,
olAFl6-ypSjBfJavZHHooB9VLJzw,106.00,67482448046539	,订单退费转入,106.00,工单系统流量套餐退款,2026-07-04 22:21:38,SYS,
olAFl6401U7IePPfilJ69pknudB0,0.00,60992438029863	,用户提现,105.10,用户提现-退费单RF2026070422162434285,2026-07-04 22:18:37,用户提现,
olAFl6xJKB_GImB8Ok93xvOQX2ak,0.00,864665065462389	,用户提现,85.10,用户提现-退费单RF2026070422174075875,2026-07-04 22:17:52,用户提现,
olAFl6xJKB_GImB8Ok93xvOQX2ak,85.10,864665065462389	,订单退费转入,85.10,系统处理工单时转移用户余额，订单号=WS2026031010114352930,2026-07-04 22:17:41,SYS,
olAFl6401U7IePPfilJ69pknudB0,105.10,60992438029863	,订单退费转入,105.10,系统处理工单时转移用户余额，订单号=WS2026041719340104798,2026-07-04 22:16:24,SYS,
olAFl6wTcELeI5dUd3IuLTF7SDdI,0.00,67002453180145	,用户提现,19.00,用户提现-退费单RF2026063021354640115,2026-07-04 22:09:20,用户提现,
olAFl60aC6BkwQQW33cbXZqgug5k,0.00,70032621092871	,用户提现,69.00,用户提现-退费单RF2026070422071902638,2026-07-04 22:07:45,用户提现,
olAFl60aC6BkwQQW33cbXZqgug5k,69.00,70032621092871	,订单退费转入,69.00,工单系统流量套餐退款,2026-07-04 22:07:19,SYS,
ojb7F2C7r6p06pjvX_gs36JBOoM0,0.00,69212621226159	,用户提现,109.00,用户提现-退费单RF2026070421463509449,2026-07-04 21:47:37,用户提现,
ojb7F2C7r6p06pjvX_gs36JBOoM0,109.00,69212621226159	,订单退费转入,109.00,工单系统流量套餐退款,2026-07-04 21:46:35,SYS,
ojb7F2MYkfwV_pAOt7PbQce2je0s,0.00,69212623244170	,用户提现,94.00,用户提现-退费单RF2026070421404979468,2026-07-04 21:42:51,用户提现,
ojb7F2MYkfwV_pAOt7PbQce2je0s,94.00,69212623244170	,订单退费转入,94.00,工单系统流量套餐退款,2026-07-04 21:40:50,SYS,
olAFl622qDemnimisvcbYmCP4x-A,0.00,69212606160048	,用户提现,340.00,用户提现-退费单RF2026070419031543638,2026-07-04 21:29:20,用户提现,
ojb7F2NHzkmqsIcF0lQzlerolqaU,179.00,69212621220791	,订单退费转入,179.00,工单系统流量套餐退款,2026-07-04 21:10:45,SYS,
olAFl6_S1gBCsq9XQa7136l_SB4w,0.00,864665068950372	,用户提现,189.00,用户提现-退费单RF2026070421060793851,2026-07-04 21:07:24,用户提现,
olAFl6_S1gBCsq9XQa7136l_SB4w,189.00,864665068950372	,订单退费转入,189.00,工单系统流量套餐退款 本单会员价格20.00元，不能退款,2026-07-04 21:06:08,SYS,
olAFl6-wpc_ea-3GJ6dzfqv-Gn3M,5.10,67492538510891	,订单退费转入,5.10,系统处理工单时转移用户余额，订单号=WS2025110809074746659 本单会员价格20.00元，不能退款,2026-07-04 20:36:56,SYS,
ojb7F2PEqEXThvPOd_ZNpvO7OT_s,399.00,69212612187433	,订单退费转入,399.00,工单系统流量套餐退款,2026-07-04 20:15:57,SYS,
ojb7F2MOsL_oIwwu_DujxqhfIElE,0.00,69212621226692	,用户提现,180.00,用户提现-退费单RF2026070420114892687,2026-07-04 20:14:15,用户提现,
ojb7F2MOsL_oIwwu_DujxqhfIElE,180.00,69212621226692	,订单退费转入,180.00,系统处理工单时转移用户余额，订单号=WS2026070420015846494,2026-07-04 20:11:49,SYS,
odELQ6lp4-xGRTTpMBBr9qj25r5U,0.00,68832532006085	,用户提现,29.90,用户提现-退费单RF2026070420063699764,2026-07-04 20:07:24,用户提现,
odELQ6lp4-xGRTTpMBBr9qj25r5U,29.90,68832532006085	,订单退费转入,29.90,工单系统流量套餐退款,2026-07-04 20:06:37,SYS,
olAFl66ll2vEWTTYE13rcQCpijls,0.00,68772612331143	,用户提现,164.40,用户提现-退费单RF2026070419521058672,2026-07-04 19:52:40,用户提现,
olAFl66ll2vEWTTYE13rcQCpijls,164.40,68772612331143	,订单退费转入,164.40,系统处理工单时转移用户余额，订单号=WS2026060219070346965,2026-07-04 19:52:11,SYS,
odELQ6tsKxEESzEsvbzua-ybaoIM,159.00,68712535007893	,订单退费转入,159.00,工单系统流量套餐退款,2026-07-04 19:27:10,SYS,
olAFl64PhdGVjuMkphFUe7dpt9yo,0.00,67492538516159	,用户提现,80.00,用户提现-退费单RF2026070419215822267 微信退款失败：当前商户号暂不能进行“资金付款类”相关业务操作，可前往“微信支付商家助手”小程序 >“业务受限处理”了解原因,2026-07-04 19:22:13,用户提现,
olAFl64PhdGVjuMkphFUe7dpt9yo,80.00,67492538516159	,订单退费转入,80.00,系统处理工单时转移用户余额，订单号=WS2025122600154540726,2026-07-04 19:21:58,SYS,
o2uAP6_gcgqLHgCHiGsFZkx_W7ho,0.00,328810252	,用户提现,19.90,用户提现-退费单RF2026063012240092847,2026-07-04 19:05:09,用户提现,
olAFl622qDemnimisvcbYmCP4x-A,340.00,69212606160048	,订单退费转入,340.00,工单系统流量套餐退款,2026-07-04 19:03:15,SYS,
olAFl62K5YepKnJW84IF5wT4UFyE,0.00,67492609647545	,用户提现,221.20,用户提现-退费单RF2026070303153150785,2026-07-04 18:55:04,用户提现,
olAFl60l1rE2y20V6wodmEXbFZjE,58.00,60912432188218	,订单退费转入,58.00,工单系统流量套餐退款,2026-07-04 18:46:30,SYS,
ojb7F2PQkXQ_GGkh-t_cRfRgKbhU,0.00,69212621225729	,用户提现,549.00,用户提现-退费单RF2026070119000181811,2026-07-04 18:34:22,用户提现,
olAFl65-E9O2auhqcAjRANlCwGr8,0.00,67512525219951	,用户提现,233.00,用户提现-退费单RF2026070418222394755,2026-07-04 18:23:30,用户提现,
olAFl65-E9O2auhqcAjRANlCwGr8,233.00,67512525219951	,订单退费转入,233.00,工单系统流量套餐退款,2026-07-04 18:22:24,SYS,
ojb7F2AQPsFf5I9RISsPJZyRQQTc,0.00,70032617030418	,用户提现,147.50,用户提现-退费单RF2026070418065578465,2026-07-04 18:16:07,用户提现,
ojb7F2AQPsFf5I9RISsPJZyRQQTc,147.50,70032617030418	,订单退费转入,147.50,系统处理工单时转移用户余额，订单号=WS2026052707445280743,2026-07-04 18:06:56,SYS,
odELQ6iZ0fRws-oBN53lK9ovZwUw,0.00,68712535008501	,用户提现,120.10,用户提现-退费单RF2026070417540522990,2026-07-04 17:54:31,用户提现,
odELQ6iZ0fRws-oBN53lK9ovZwUw,120.10,68712535008501	,订单退费转入,120.10,系统处理工单时转移用户余额，订单号=WS2026061117543967951,2026-07-04 17:54:05,SYS,
olAFl6wk1pjsiasml_Oq7UzUaSHA,0.00,67482610412831	,用户提现,121.00,用户提现-退费单RF2026070417333946158,2026-07-04 17:38:47,用户提现,
olAFl6wk1pjsiasml_Oq7UzUaSHA,121.00,67482610412831	,订单退费转入,121.00,系统处理工单时转移用户余额，订单号=WS2026032622253355687,2026-07-04 17:33:39,SYS,
ojb7F2AjlUQ696gP_9fE2POuAWr8,0.00,69212621215928	,用户提现,58.00,用户提现-退费单RF2026070312495916958,2026-07-04 17:30:02,用户提现,
olAFl61QDQQhbVk3Y9IMtr2CWJcc,0.00,68772539115668	,用户提现,66.00,用户提现-退费单RF2026070203151895847,2026-07-04 17:26:12,用户提现,
ojb7F2H_Qp7fDZPsdCWWQCVYDteQ,0.00,69212621227236	,用户提现,549.00,用户提现-退费单RF2026070213373894588,2026-07-04 17:24:47,用户提现,
olAFl6yczzXBF39WFJCutwnij9ZA,0.00,67482503251570	,用户提现,75.00,用户提现-退费单RF2026070417210792012 微信退款失败：当前商户号暂不能进行“资金付款类”相关业务操作，可前往“微信支付商家助手”小程序 >“业务受限处理”了解原因,2026-07-04 17:21:43,用户提现,
olAFl6yczzXBF39WFJCutwnij9ZA,75.00,67482503251570	,订单退费转入,75.00,系统处理工单时转移用户余额，订单号=WS2026022811423366667,2026-07-04 17:21:08,SYS,
olAFl6wv1o7PcjOKKeFwtyAjoVq4,159.00,68772604278230	,订单退费转入,159.00,工单系统流量套餐退款,2026-07-04 17:16:12,SYS,
olAFl65EDpaJr-9_dAvOZ3Wn4bws,0.00,86132353169364	,用户提现,118.00,用户提现-退费单RF2026061519453558768,2026-07-04 17:09:27,用户提现,
ojb7F2FoRGfm9oaXL0sA53mxw0gY,0.00,69212612182123	,用户提现,29.00,用户提现-退费单RF2026070417081729877,2026-07-04 17:08:48,用户提现,
ojb7F2FoRGfm9oaXL0sA53mxw0gY,29.00,69212612182123	,订单退费转入,29.00,工单系统流量套餐退款,2026-07-04 17:08:17,SYS,
ojb7F2LuF_kRPX1lzQ-_pMixzjZQ,0.00,70032617031527	,用户提现,100.00,用户提现-退费单RF2026070415384571896,2026-07-04 17:04:07,用户提现,
olAFl665Sg9RS_NrG6BuxN6RqqpQ,126.00,69212621222328	,订单退费转入,126.00,工单系统流量套餐退款,2026-07-04 16:36:57,SYS,
ojb7F2BIM-DTUKHXQP-AaDRpcVX8,0.00,69212623243918	,用户提现,142.20,用户提现-退费单RF2026070416312034345,2026-07-04 16:32:42,用户提现,
ojb7F2BIM-DTUKHXQP-AaDRpcVX8,142.20,69212623243918	,订单退费转入,142.20,系统处理工单时转移用户余额，订单号=WS2026070322162692246,2026-07-04 16:31:20,SYS,
olAFl67DhUL5aUHOWwcJ5T6Xw1aw,10.20,67862445008956	,订单退费转入,10.20,系统处理工单时转移用户余额，订单号=WN2025102015431824057,2026-07-04 16:21:46,SYS,
ojb7F2LuF_kRPX1lzQ-_pMixzjZQ,100.00,70032617031527	,订单退费转入,100.00,系统处理工单时转移用户余额，订单号=WN2026070415004709751,2026-07-04 15:38:46,SYS,
ojb7F2AOrWC1VnTLIZnBj-PaDsuU,0.00,	,系统扣费,99.00,用户无可退退费单，钱包清零,2026-07-04 15:27:20,SYS,
olAFl63IsHpOyumoOc31Be9635bM,68.00,864665067113980	,订单退费转入,68.00,工单系统流量套餐退款,2026-07-04 15:10:31,SYS,
ojb7F2Ef16kf7hBe8YUWqfRqh93k,0.00,67492552546151	,用户提现,140.00,用户提现-退费单RF2026070413470937019,2026-07-04 15:09:21,用户提现,
ojb7F2MyOL9_l_ihTQzg2bsqUAyY,39.00,69212621217103	,订单退费转入,39.00,工单系统流量套餐退款,2026-07-04 15:01:32,SYS,
ojb7F2CNsgiFw-j90O9C7K85TMjI,0.00,70032621090086	,用户提现,199.00,用户提现-退费单RF2026070414373139882,2026-07-04 14:38:03,用户提现,
ojb7F2CNsgiFw-j90O9C7K85TMjI,199.00,70032621090086	,订单退费转入,199.00,工单系统流量套餐退款,2026-07-04 14:37:31,SYS,
olAFl6yeK0iJURBRnoVRKyL15vYw,507.00,864665067757000	,订单退费转入,507.00,工单系统流量套餐退款,2026-07-04 14:05:11,SYS,
ojb7F2Ef16kf7hBe8YUWqfRqh93k,140.00,67492552546151	,订单退费转入,140.00,工单系统流量套餐退款,2026-07-04 13:47:09,SYS,
olAFl6_fbVpxjnRaOTIn0-FvMbBA,0.00,67482449097938	,用户提现,58.00,用户提现-退费单RF2026070413452078097,2026-07-04 13:46:27,用户提现,
olAFl6_fbVpxjnRaOTIn0-FvMbBA,58.00,67482449097938	,订单退费转入,58.00,工单系统流量套餐退款 本单会员价格20.00元，不能退款,2026-07-04 13:45:21,SYS,
olAFl68WF8IPOLPtK0BVPQH9wXCU,106.30,67912450005403	,订单退费转入,106.30,系统处理工单时转移用户余额，订单号=WS2026050520454518135,2026-07-04 13:33:08,SYS,
olAFl64H00M_t7DWuZo3mdt_TSAw,144.00,68032536035389	,订单退费转入,144.00,工单系统流量套餐退款,2026-07-04 12:38:30,SYS,
ojb7F2DKfsnHL4ScB8HPRtttBF88,0.00,67492602584583	,用户提现,95.00,用户提现-退费单RF2026070412323284365,2026-07-04 12:33:31,用户提现,
o4p3p6yP3TRZfVAYOHJEsgxAKeqg,0.00,865405075540166	,用户提现,179.00,用户提现-退费单RF2026070323344283063,2026-07-04 12:32:56,用户提现,
ojb7F2DKfsnHL4ScB8HPRtttBF88,95.00,67492602584583	,订单退费转入,95.00,工单系统流量套餐退款,2026-07-04 12:32:33,SYS,
olAFl6ylLWpX4QhJGybPnlmNShXE,0.00,867061077165474	,用户提现,150.50,用户提现-退费单RF2026070412171113417,2026-07-04 12:31:49,用户提现,
olAFl6xMXgxT1rKrJPCRtqqfYs-I,0.00,67512525223202	,用户提现,180.00,用户提现-退费单RF2026070316113056371,2026-07-04 12:29:40,用户提现,
olAFl6ylLWpX4QhJGybPnlmNShXE,150.50,867061077165474	,订单退费转入,150.50,系统处理工单时转移用户余额，订单号=WS2026061008034199835,2026-07-04 12:17:11,SYS,
olAFl61PoVrFLFRtNLUd6OjYjDmk,0.00,69212538042990	,用户提现,66.00,用户提现-退费单RF2026070303151017283,2026-07-04 11:58:48,用户提现,
olAFl61WBlDEvpGTpspR9XG2ON5k,0.00,68772610302662	,用户提现,66.00,用户提现-退费单RF2026070411525629028,2026-07-04 11:57:15,用户提现,
olAFl61WBlDEvpGTpspR9XG2ON5k,66.00,68772610302662	,订单退费转入,66.00,系统处理工单时转移用户余额，订单号=WS2026032118003540191,2026-07-04 11:52:56,SYS,
olAFl64UBbdRI6MCAhpjBh6aqk40,0.00,67482610425045	,用户提现,94.50,用户提现-退费单RF2026070411443084160,2026-07-04 11:45:36,用户提现,
olAFl64UBbdRI6MCAhpjBh6aqk40,94.50,67482610425045	,订单退费转入,94.50,系统处理工单时转移用户余额，订单号=WS2026051523582179183,2026-07-04 11:44:31,SYS,
olAFl6zo2BPU0pTMJqweh4m3O65o,19.00,70032611015571	,订单退费转入,19.00,工单系统流量套餐退款,2026-07-04 11:38:36,SYS,
ojb7F2EpkvCZeDIQehAe_UyTNi7s,0.00,70032617030399	,用户提现,169.00,用户提现-退费单RF2026062800081793669,2026-07-04 11:31:03,用户提现,
olAFl684Vnz04EmCzhrc7eHz8yKc,0.00,67492552543480	,用户提现,39.00,用户提现-退费单RF2026070410475353089,2026-07-04 11:05:45,用户提现,
olAFl6wyC8EYQT7jYYcjglI8PJqM,159.00,69212538043607	,订单退费转入,159.00,工单系统流量套餐退款,2026-07-04 10:56:06,SYS,
olAFl684Vnz04EmCzhrc7eHz8yKc,39.00,67492552543480	,订单退费转入,39.00,工单系统流量套餐退款,2026-07-04 10:47:54,SYS,
olAFl69F4bqnqqj0pNNHArqT3QIw,0.00,67482503240245	,用户提现,137.30,用户提现-退费单RF2026070215005961266,2026-07-04 10:45:39,用户提现,
odELQ6m920nnMWqzAoHLiKrfH_5k,0.00,867061072537487	,用户提现,739.00,用户提现-退费单RF2026070319473339346,2026-07-04 09:52:51,用户提现,
ojb7F2P_XGwnMm1neyXHrGtT94pI,100.00,70032621090551	,订单退费转入,100.00,系统处理工单时转移用户余额，订单号=WN2026070208591898429,2026-07-04 09:41:31,SYS,
olAFl6_VOSFttQgkvLE1S2XbTj7I,0.00,70032611015808	,用户提现,30.00,用户提现-退费单RF2026070409221960926,2026-07-04 09:23:41,用户提现,
olAFl6_VOSFttQgkvLE1S2XbTj7I,30.00,70032611015808	,订单退费转入,30.00,系统处理工单时转移用户余额，订单号=WN2026050421242063655,2026-07-04 09:22:20,SYS,
olAFl63zFGSOZNnH-QkyUFbHQbpQ,0.00,58482343104491	,用户提现,140.10,用户提现-退费单RF2026070409172277710,2026-07-04 09:20:06,用户提现,
olAFl63zFGSOZNnH-QkyUFbHQbpQ,140.10,58482343104491	,订单退费转入,140.10,系统处理工单时转移用户余额，订单号=WS2026070216363369764,2026-07-04 09:17:23,SYS,
o4p3p6yP3TRZfVAYOHJEsgxAKeqg,179.00,865405075540166	,订单退费转入,179.00,工单系统审核退费单-套餐已作废/钱包已清零,2026-07-04 09:16:53,SYS,
ojb7F2O9e55vQ-T_ADVSvJseUlgY,0.00,69212621218145	,用户提现,91.20,用户提现-退费单RF2026070409044745219,2026-07-04 09:05:06,用户提现,
ojb7F2O9e55vQ-T_ADVSvJseUlgY,91.20,69212621218145	,订单退费转入,91.20,系统处理工单时转移用户余额，订单号=WN2026062009201750948,2026-07-04 09:04:47,SYS,
ojb7F2IIBRSG0DxjkC2viFbIOhl4,0.00,67492538511569	,用户提现,457.00,用户提现-退费单RF2026070221322520644,2026-07-04 08:57:47,用户提现,
olAFl64lHEGyoUrMtVzN2x_8JO_c,0.00,68772543132189	,用户提现,133.40,用户提现-退费单RF2026070407241602586,2026-07-04 08:47:48,用户提现,
olAFl60VdVaCNZL-PbiY-r0YxDv0,0.00,67492509461619	,用户提现,106.00,用户提现-退费单RF2026070303155770412,2026-07-04 08:47:37,用户提现,
olAFl6wJ9YhTLPm_fYV20twBCK7Q,0.00,67482513396671	,用户提现,49.00,用户提现-退费单RF2026062219285371149,2026-07-04 08:13:42,用户提现,
olAFl6wJ9YhTLPm_fYV20twBCK7Q,49.00,67482513396671	,订单退费转入,49.00,工单系统审核退费单-套餐已作废/钱包已清零,2026-07-04 08:12:47,SYS,
olAFl65WM2spjVEhS1BJLA3R7Z9s,0.00,70032611006509	,用户提现,164.00,用户提现-退费单RF2026070407484994149,2026-07-04 07:49:27,用户提现,
olAFl65WM2spjVEhS1BJLA3R7Z9s,164.00,70032611006509	,订单退费转入,164.00,工单系统流量套餐退款 本单会员价格20.00元，不能退款,2026-07-04 07:48:50,SYS,
olAFl61Ntmqb-wgo3NfUUzem5jUQ,0.00,68772602226871	,用户提现,66.00,用户提现-退费单RF2026061518485691212,2026-07-04 07:33:56,用户提现,
olAFl64lHEGyoUrMtVzN2x_8JO_c,133.40,68772543132189	,订单退费转入,133.40,系统处理工单时转移用户余额，订单号=WS2025121216123695292,2026-07-04 07:24:16,SYS,
olAFl6wHUMi1m4EI9R4iOW8L0ZO0,0.00,67482442001258	,用户提现,82.60,用户提现-退费单RF2026070303154750776,2026-07-04 02:28:07,用户提现,
olAFl62XVBLa7WCNhKlrietjmUoo,140.00,67492602584714	,订单退费转入,140.00,系统处理工单时转移用户余额，订单号=WS2026020219044708516,2026-07-04 02:22:17,SYS,
olAFl65hKpbgERXmG_KBwzzuxY5k,0.00,67002509246176	,用户提现,94.70,用户提现-退费单RF2026070401503912995,2026-07-04 01:51:21,用户提现,
olAFl65hKpbgERXmG_KBwzzuxY5k,94.70,67002509246176	,订单退费转入,94.70,系统处理工单时转移用户余额，订单号=WS2026012912272416072,2026-07-04 01:50:39,SYS,
olAFl64u5z8iGWwo1XAvSjV1pEb8,0.00,86132411243664	,用户提现,225.00,用户提现-退费单RF2026070401305019821,2026-07-04 01:35:13,用户提现,
olAFl64u5z8iGWwo1XAvSjV1pEb8,225.00,86132411243664	,订单退费转入,225.00,系统处理工单时转移用户余额，订单号=WS2026030216511509620,2026-07-04 01:30:50,SYS,
olAFl6_wHWTM-gTsdhjRCHOLbWyw,0.00,67512525221557	,用户提现,46.00,用户提现-退费单RF2026070400544535398,2026-07-04 00:55:21,用户提现,
olAFl6_wHWTM-gTsdhjRCHOLbWyw,46.00,67512525221557	,订单退费转入,46.00,系统处理工单时转移用户余额，订单号=WS2025072909210158819,2026-07-04 00:54:45,SYS,
olAFl6x4w_f8RuR1sX-QazTFSsMo,0.00,69212538042849	,用户提现,180.00,用户提现-退费单RF2026070321284443183,2026-07-04 00:00:27,用户提现,
olAFl63B9RdN0FoJwCqo-8QYucCg,0.00,69212612181204	,用户提现,19.00,用户提现-退费单RF2026070323180233456,2026-07-03 23:18:28,用户提现,
olAFl63B9RdN0FoJwCqo-8QYucCg,19.00,69212612181204	,订单退费转入,19.00,工单系统流量套餐退款,2026-07-03 23:18:02,SYS,
ojb7F2FD_7E-hMHqVyfd_C589paU,0.00,69212621224141	,用户提现,142.20,用户提现-退费单RF2026070314511702392,2026-07-03 23:00:06,用户提现,
olAFl6xvlkVEzf31ibe9dN_pJAh4,0.00,69142620024632	,用户提现,74.00,用户提现-退费单RF2026070310490031716,2026-07-03 22:50:44,用户提现,
olAFl6xmQPzbiLf427NIZw9GjmE8,0.00,69142529006109	,用户提现,27.00,用户提现-退费单RF2026042114553859,2026-07-03 22:40:35,用户提现,
olAFl65cyGQG32QaNcGgSnGJ_EQw,0.00,67492509462178	,用户提现,173.30,用户提现-退费单RF2026063011155353430,2026-07-03 22:29:35,用户提现,
olAFl620n10lf2MuvwjxlK3cEMoA,39.90,60912426130097	,订单退费转入,39.90,工单系统流量套餐退款,2026-07-03 22:00:11,SYS,
olAFl6-SW6z3gmVix_pcN94cT-ng,0.00,864665070660910	,用户提现,173.50,用户提现-退费单RF2026070321544107343,2026-07-03 21:57:53,用户提现,
ojb7F2Or0OP-CKBd89ddeclk93_k,180.00,70032621094094	,订单退费转入,180.00,系统处理工单时转移用户余额，订单号=WS2026062909591722643,2026-07-03 21:57:23,SYS,
olAFl6-SW6z3gmVix_pcN94cT-ng,173.50,864665070660910	,订单退费转入,173.50,系统处理工单时转移用户余额，订单号=WS2026063009083646784,2026-07-03 21:54:41,SYS,
olAFl6wLtjILw-XuLeVuCvI9urwU,0.00,68932530016470	,用户提现,149.00,用户提现-退费单RF2026070303153572316,2026-07-03 21:43:01,用户提现,
olAFl64Vqb7jfR0aC1SqzASiEGXw,0.00,67492509454839	,用户提现,29.00,用户提现-退费单RF2026070321333852813,2026-07-03 21:39:51,用户提现,
ojb7F2Bmwl6FxQtfth2sOOP_MS_o,109.00,69212621224495	,订单退费转入,109.00,工单系统审核退费单-套餐已作废/钱包已清零,2026-07-03 21:34:53,SYS,
olAFl64Vqb7jfR0aC1SqzASiEGXw,29.00,67492509454839	,订单退费转入,29.00,工单系统流量套餐退款,2026-07-03 21:33:39,SYS,
ojb7F2D2mnJQY-6wVBD9IM6hmeJU,0.00,69212621227399	,用户提现,54.00,用户提现-退费单RF2026070320231937084,2026-07-03 21:30:35,用户提现,
olAFl6x4w_f8RuR1sX-QazTFSsMo,180.00,69212538042849	,订单退费转入,180.00,系统处理工单时转移用户余额，订单号=WS2026070310391682934,2026-07-03 21:28:44,SYS,
olAFl63bCBSdlmQQKlyV6wd0WP04,0.00,864665060228561	,用户提现,146.00,用户提现-退费单RF2026070303153185348,2026-07-03 21:26:04,用户提现,
ojb7F2GI5R3EjOb8baXJLL2EITJc,0.00,70032621089761	,用户提现,106.00,用户提现-退费单RF2026070321125488536,2026-07-03 21:14:16,用户提现,
ojb7F2GI5R3EjOb8baXJLL2EITJc,106.00,70032621089761	,订单退费转入,106.00,工单系统流量套餐退款,2026-07-03 21:12:55,SYS,
olAFl63VLqAHivwj-o4DXkTDAaS0,0.00,67482503210846	,用户提现,34.80,用户提现-退费单RF2026070320592458572,2026-07-03 20:59:48,用户提现,
olAFl63VLqAHivwj-o4DXkTDAaS0,34.80,67482503210846	,订单退费转入,34.80,系统处理工单时转移用户余额，订单号=WN2025080721512287085,2026-07-03 20:59:25,SYS,
olAFl61vnAFy90Fg3Iww-JWTGo3E,0.00,67492602584224	,用户提现,83.00,用户提现-退费单RF2026070320524185150,2026-07-03 20:53:37,用户提现,
olAFl61vnAFy90Fg3Iww-JWTGo3E,83.00,67492602584224	,订单退费转入,83.00,工单系统流量套餐退款,2026-07-03 20:52:42,SYS,
ojb7F2D2mnJQY-6wVBD9IM6hmeJU,54.00,69212621227399	,订单退费转入,54.00,系统处理工单时转移用户余额，订单号=WS2026070318094432379,2026-07-03 20:23:19,SYS,
olAFl6-JWUph5hA89jEgNZKl_tuc,0.00,68932532020495	,用户提现,149.50,用户提现-退费单RF2026061312165686557,2026-07-03 20:22:11,用户提现,
olAFl662GIyQwRV1KVJ7wdBDfBhs,0.00,69212538052056	,用户提现,51.00,用户提现-退费单RF2026070320201207696,2026-07-03 20:21:33,用户提现,
olAFl662GIyQwRV1KVJ7wdBDfBhs,51.00,69212538052056	,订单退费转入,51.00,系统处理工单时转移用户余额，订单号=WS2026012412275661945,2026-07-03 20:20:12,SYS,
olAFl65jAu5qa6jd_pZWoc2LvMWE,0.00,69212621215821	,用户提现,19.00,用户提现-退费单RF2026070320114938964,2026-07-03 20:12:39,用户提现,
olAFl65jAu5qa6jd_pZWoc2LvMWE,19.00,69212621215821	,订单退费转入,19.00,工单系统流量套餐退款,2026-07-03 20:11:49,SYS,
odELQ6m920nnMWqzAoHLiKrfH_5k,739.00,867061072537487	,订单退费转入,739.00,工单系统流量套餐退款 本单会员价格20.00元，不能退款,2026-07-03 19:47:33,SYS,
olAFl66zxNs9HMbbTIOGuaPP7zxM,0.00,68772550177698	,用户提现,133.60,用户提现-退费单RF2026052603150364180,2026-07-03 19:46:26,用户提现,
olAFl67xjuyD0Sw1KQQv_Vt6chlE,0.00,864665064585271	,用户提现,85.30,用户提现-退费单RF2026070203152708018,2026-07-03 19:42:38,用户提现,
olAFl64feVcIYSmSlp0taeIX4RpA,59.00,60912426136502	,订单退费转入,59.00,工单系统流量套餐退款,2026-07-03 19:41:43,SYS,
olAFl6_fINs3H-IaGm-Db1ZS589k,0.00,67492538503549	,用户提现,174.40,用户提现-退费单RF2026070319213190838,2026-07-03 19:22:30,用户提现,
olAFl6_fINs3H-IaGm-Db1ZS589k,174.40,67492538503549	,订单退费转入,174.40,系统处理工单时转移用户余额，订单号=WS2026061600444109593,2026-07-03 19:21:32,SYS,
olAFl6-CrUtvAgtzt-jJOr70JOuM,0.00,67492603603104	,用户提现,51.30,用户提现-退费单RF2026070319184310455,2026-07-03 19:18:58,用户提现,
olAFl6-CrUtvAgtzt-jJOr70JOuM,51.30,67492603603104	,订单退费转入,51.30,系统处理工单时转移用户余额，订单号=WS2026022711553308352,2026-07-03 19:18:43,SYS,
ojb7F2H43w5jbq1Ilt-_j9xTTDK8,0.00,70032621091988	,用户提现,19.00,用户提现-退费单RF2026070318415738995,2026-07-03 18:43:58,用户提现,
ojb7F2H43w5jbq1Ilt-_j9xTTDK8,19.00,70032621091988	,订单退费转入,19.00,工单系统流量套餐退款,2026-07-03 18:41:57,SYS,
olAFl689jXRun4hizdJNj-LHC3ms,0.00,68772602261408	,用户提现,66.00,用户提现-退费单RF2026070318273255295,2026-07-03 18:28:04,用户提现,
olAFl689jXRun4hizdJNj-LHC3ms,66.00,68772602261408	,订单退费转入,66.00,系统处理工单时转移用户余额，订单号=WS2026042712050422068,2026-07-03 18:27:33,SYS,
ojb7F2GprYDHdc1Nm-uOy76_OWck,0.00,69212621220723	,用户提现,549.00,用户提现-退费单RF2026062518201612425,2026-07-03 18:23:52,用户提现,
odELQ6lO1pToRBH5NePPnMUg_GR4,0.00,67492442216258	,用户提现,150.10,用户提现-退费单RF2026070318000917185,2026-07-03 18:02:31,用户提现,
odELQ6lO1pToRBH5NePPnMUg_GR4,150.10,67492442216258	,订单退费转入,150.10,系统处理工单时转移用户余额，订单号=WS2026070314134702828,2026-07-03 18:00:09,SYS,
olAFl66uF86TOuNq7t_DjpSiWQQE,0.00,86132327031787	,用户提现,119.40,用户提现-退费单RF2026070317451444951,2026-07-03 17:45:37,用户提现,
olAFl66uF86TOuNq7t_DjpSiWQQE,119.40,86132327031787	,订单退费转入,119.40,系统处理工单时转移用户余额，订单号=WS2025083118374471644,2026-07-03 17:45:14,SYS,
olAFl61oNztPzqlLa7HHAULlwF4I,0.00,60912431168966	,用户提现,9.10,用户提现-退费单RF2026070317370227761,2026-07-03 17:37:55,用户提现,
olAFl61oNztPzqlLa7HHAULlwF4I,9.10,60912431168966	,订单退费转入,9.10,系统处理工单时转移用户余额，订单号=WN2026040116460831764,2026-07-03 17:37:02,SYS,
olAFl6zt4XkcXjOdcqaBaYWlC-7g,0.00,68772550180760	,用户提现,69.90,用户提现-退费单RF2026070317185009327,2026-07-03 17:31:59,用户提现,
ojb7F2D5tHE3__nAbb6RBeJ4fq0o,0.00,70032621090826	,用户提现,69.00,用户提现-退费单RF2026070311244714740,2026-07-03 17:20:51,用户提现,
olAFl6zt4XkcXjOdcqaBaYWlC-7g,69.90,68772550180760	,订单退费转入,69.90,系统处理工单时转移用户余额，订单号=WS2026010422235043768,2026-07-03 17:18:50,SYS,
olAFl6_ddQbe07VXj7b_hT3Kdhxg,0.00,69212612189441	,用户提现,85.40,用户提现-退费单RF2026070317142909755,2026-07-03 17:17:14,用户提现,
olAFl62YdCRNR4CY4aTpa75cHg7k,0.00,67492603601890	,用户提现,66.40,用户提现-退费单RF2026070317112840213,2026-07-03 17:16:03,用户提现,
olAFl61zEj15VDbNcX3Sw7ihqDFw,0.00,67512535268621	,用户提现,49.00,用户提现-退费单RF2026070316305933592,2026-07-03 17:15:21,用户提现,
olAFl6_ddQbe07VXj7b_hT3Kdhxg,85.40,69212612189441	,订单退费转入,85.40,系统处理工单时转移用户余额，订单号=WS2026041522333122655,2026-07-03 17:14:29,SYS,
olAFl62YdCRNR4CY4aTpa75cHg7k,66.40,67492603601890	,订单退费转入,66.40,系统处理工单时转移用户余额，订单号=WS2026021311532439157,2026-07-03 17:11:28,SYS,
olAFl62nw7C7Zpm_95ldQI-KwlJA,0.00,67512525220466	,用户提现,116.80,用户提现-退费单RF2026070314171834529,2026-07-03 17:10:49,用户提现,
ojb7F2H9TvVP2AWmK3w-zGMXnb5Q,0.00,69212621217396	,用户提现,179.00,用户提现-退费单RF2026070217522282383,2026-07-03 17:08:52,用户提现,
olAFl63lqOR_Oy6ve4yF_YymqM5w,0.00,864665068016844	,用户提现,88.60,用户提现-退费单RF2026070303151556690,2026-07-03 17:07:27,用户提现,
olAFl61zEj15VDbNcX3Sw7ihqDFw,49.00,67512535268621	,订单退费转入,49.00,工单系统流量套餐退款,2026-07-03 16:30:59,SYS,
olAFl612QHnI2FP5EUBK1GgfbeAw,0.00,67492609639516	,用户提现,260.00,用户提现-退费单RF2026070316191260350,2026-07-03 16:21:34,用户提现,
olAFl612QHnI2FP5EUBK1GgfbeAw,260.00,67492609639516	,订单退费转入,260.00,系统处理工单时转移用户余额，订单号=WS2026070223015777774,2026-07-03 16:19:13,SYS,
olAFl6xMXgxT1rKrJPCRtqqfYs-I,180.00,67512525223202	,订单退费转入,180.00,系统处理工单时转移用户余额，订单号=WS2026062810012725843,2026-07-03 16:11:31,SYS,
olAFl67sRJ9gDykZekEHEoKC8OQM,0.00,67002443009320	,用户提现,85.40,用户提现-退费单RF2026070111173795820,2026-07-03 15:53:50,用户提现,
ojb7F2Hi6890kKDG2KPo3CPS-QZU,0.00,67492610673814	,用户提现,162.40,用户提现-退费单RF2026070315323023593,2026-07-03 15:33:01,用户提现,
ojb7F2Hi6890kKDG2KPo3CPS-QZU,162.40,67492610673814	,订单退费转入,162.40,系统处理工单时转移用户余额，订单号=WS2026053020141474753,2026-07-03 15:32:30,SYS,
olAFl67W3tvgIyJWrBStGFFqn8dM,0.00,67512534240969	,用户提现,82.00,用户提现-退费单RF2026070110311088877,2026-07-03 15:03:00,用户提现,
olAFl6zHEMkfkKGzrqRuytAckmus,0.00,58812351009829	,用户提现,59.00,用户提现-退费单RF2026070308084274359,2026-07-03 15:02:42,用户提现,
olAFl6z2Hzjx9IT5kHiOMtGkZIcg,0.00,67492552547512	,用户提现,29.00,用户提现-退费单RF2026070313261030376,2026-07-03 14:57:53,用户提现,
olAFl6z2Hzjx9IT5kHiOMtGkZIcg,29.00,67492552547512	,订单退费转入,29.00,工单系统审核退费单-套餐已作废/钱包已清零,2026-07-03 14:56:50,SYS,
ojb7F2FD_7E-hMHqVyfd_C589paU,142.20,69212621224141	,订单退费转入,142.20,系统处理工单时转移用户余额，订单号=WS2026070312320172347,2026-07-03 14:51:17,SYS,
ojb7F2EnJZGEUZDm18MMg3mghXdU,0.00,70032617029671	,用户提现,11.00,用户提现-退费单RF2026070212130552895,2026-07-03 14:32:42,用户提现,
ojb7F2Lo9MgXeL-W3YMrMSBgdoZE,0.00,69212621216036	,用户提现,98.00,用户提现-退费单RF2026070314253080376,2026-07-03 14:26:22,用户提现,
ojb7F2Lo9MgXeL-W3YMrMSBgdoZE,98.00,69212621216036	,订单退费转入,98.00,工单系统流量套餐退款 本单会员价格20.00元，不能退款,2026-07-03 14:25:31,SYS,
ojb7F2EiDOlmhqxo9zWYIlkKVCNk,0.00,69212621223695	,用户提现,212.00,用户提现-退费单RF2026070214264695654,2026-07-03 14:19:22,用户提现,
olAFl62nw7C7Zpm_95ldQI-KwlJA,116.80,67512525220466	,订单退费转入,116.80,系统处理工单时转移用户余额，订单号=WS2025122812525821283,2026-07-03 14:17:18,SYS,
olAFl689kZgwzJDRtvpnb2kSjFM4,0.00,68772528052749	,用户提现,60.50,用户提现-退费单RF2026060303152739927,2026-07-03 14:14:54,用户提现,
olAFl62D_e_Msln8_d744oSuQmDA,0.00,68772612331616	,用户提现,481.00,用户提现-退费单RF2026070303152985764,2026-07-03 13:58:42,用户提现,
olAFl60VZfq8rm8kKeL_bKCnyKIs,0.00,67512517179496	,用户提现,15.70,用户提现-退费单RF2026070313330187891,2026-07-03 13:33:41,用户提现,
olAFl60VZfq8rm8kKeL_bKCnyKIs,15.70,67512517179496	,订单退费转入,15.70,系统处理工单时转移用户余额，订单号=WS2026032510243417921,2026-07-03 13:33:02,SYS,
olAFl61k7KLEBcJiV50-gWuB0LyU,0.00,70032617030144	,用户提现,199.00,用户提现-退费单RF2026070214570414963,2026-07-03 13:07:45,用户提现,
olAFl63aJ53ByS7_GZ53_F4n_agM,0.00,70032611011915	,用户提现,54.00,用户提现-退费单RF2026051403150886,2026-07-03 13:03:17,用户提现,
ojb7F2MXldFqQRNtHVEfOAWuUnvQ,0.00,69142620034765	,用户提现,50.00,用户提现-退费单RF2026070301031774328,2026-07-03 12:52:45,用户提现,
ojb7F2AjlUQ696gP_9fE2POuAWr8,58.00,69212621215928	,订单退费转入,58.00,工单系统流量套餐退款,2026-07-03 12:49:59,SYS,
olAFl65pnD0_jHoXHeNbL4fe1VXg,0.00,60912432191224	,用户提现,479.00,用户提现-退费单RF2026070221061570914,2026-07-03 12:43:41,用户提现,
olAFl67O01VBXOBr45plnoGKvyXA,0.00,68772602222762	,用户提现,31.00,用户提现-退费单RF2026070203151901546,2026-07-03 12:28:32,用户提现,
olAFl64ArdND2zx8UdxDvs7l7aQo,0.00,867061070063106	,用户提现,74.40,用户提现-退费单RF2026070214393240953,2026-07-03 11:56:33,用户提现,
olAFl69UlFpzLa0ohsnM9tJnUGto,0.00,70032621090694	,用户提现,199.00,用户提现-退费单RF2026070214204792795,2026-07-03 11:49:47,用户提现,
olAFl6yTX-PZuRgbu0WL-HLEWJl0,0.00,867061074697164	,用户提现,140.80,用户提现-退费单RF2026070213403947567,2026-07-03 11:32:11,用户提现,
olAFl64uUwbXouK-sHGRZY8kKwqI,0.00,	,系统扣费,94.40,用户无可退退费单，钱包清零,2026-07-03 11:30:13,SYS,
olAFl68THXymnQwqqfX1-nFQeY7U,0.00,864665066147377	,用户提现,49.00,用户提现-退费单RF2026070311243076076,2026-07-03 11:29:03,用户提现,
ojb7F2D5tHE3__nAbb6RBeJ4fq0o,69.00,70032621090826	,订单退费转入,69.00,工单系统流量套餐退款,2026-07-03 11:24:47,SYS,
olAFl68THXymnQwqqfX1-nFQeY7U,49.00,864665066147377	,订单退费转入,49.00,工单系统流量套餐退款,2026-07-03 11:24:31,SYS,
olAFl6w6wXQN25a8Mi0fhzueu0cc,0.00,69212612174603	,用户提现,106.30,用户提现-退费单RF2026070310425453116,2026-07-03 11:14:07,用户提现,
olAFl6xvlkVEzf31ibe9dN_pJAh4,74.00,69142620024632	,订单退费转入,74.00,系统处理工单时转移用户余额，订单号=WS2026053012500304040,2026-07-03 10:49:00,SYS,
olAFl6w6wXQN25a8Mi0fhzueu0cc,106.30,69212612174603	,订单退费转入,106.30,系统处理工单时转移用户余额，订单号=WS2026042807245203787,2026-07-03 10:42:55,SYS,
ojb7F2J8DRLCQhtkMr4dTmMWab8U,0.00,70032621093013	,用户提现,97.20,用户提现-退费单RF2026070307214700057,2026-07-03 10:40:17,用户提现,
olAFl65L_GfFQ2UnKqWNcyFjLV4w,0.00,70032617035020	,用户提现,86.00,用户提现-退费单RF2026070310260822813,2026-07-03 10:32:23,用户提现,
olAFl65L_GfFQ2UnKqWNcyFjLV4w,86.00,70032617035020	,订单退费转入,86.00,系统处理工单时转移用户余额，订单号=WS2026060919403743128,2026-07-03 10:26:08,SYS,
olAFl6_lreF2kV86efM26v_IXRKc,0.00,68772610297287	,用户提现,212.00,用户提现-退费单RF2026070303151784781,2026-07-03 10:10:26,用户提现,
olAFl64CdQfCdPhfOKZJOeiw6pcE,0.00,864665070259861	,用户提现,102.50,用户提现-退费单RF2026070310065337799,2026-07-03 10:07:32,用户提现,
olAFl64CdQfCdPhfOKZJOeiw6pcE,102.50,864665070259861	,订单退费转入,102.50,系统处理工单时转移用户余额，订单号=WS2026041408371759158,2026-07-03 10:06:53,SYS,
ojb7F2OMcvqYg7HBzRlX4wqX6VPM,0.00,69212621218290	,用户提现,599.00,用户提现-退费单RF2026070211245387140,2026-07-03 09:50:58,用户提现,
olAFl634mi-RrXl_fAl9s4hsHTiQ,0.00,867061075503320	,用户提现,44.70,用户提现-退费单RF2026070303153787718,2026-07-03 09:27:33,用户提现,
olAFl62Cykgb2yre6bxHdTLtfKfk,0.00,68772537090118	,用户提现,24.50,用户提现-退费单RF2026070216542171676,2026-07-03 09:21:04,用户提现,
olAFl67vOh5ybKyoBNP8w1xkB1jU,0.00,67002443008492	,用户提现,225.00,用户提现-退费单RF2026070308432696230,2026-07-03 08:47:22,用户提现,
olAFl6wrDt8USRx8Cb0xd7jsUdzg,0.00,63272414001258	,用户提现,39.90,用户提现-退费单RF2026070303152990573,2026-07-03 08:46:56,用户提现,
olAFl67vOh5ybKyoBNP8w1xkB1jU,225.00,67002443008492	,订单退费转入,225.00,工单系统流量套餐退款 本单会员价格20.00元，不能退款,2026-07-03 08:43:27,SYS,
o2uAP62rRzmxyrv1O1xbI7GAFl9s,0.00,86327093	,用户提现,302.00,用户提现-退费单RF2026070303151210417,2026-07-03 08:31:56,用户提现,
olAFl64rgTbaQ0dcpcO0-W-MKIdE,0.00,68772602216824	,用户提现,102.70,用户提现-退费单RF2026070308305120646,2026-07-03 08:31:12,用户提现,
olAFl64rgTbaQ0dcpcO0-W-MKIdE,102.70,68772602216824	,订单退费转入,102.70,系统处理工单时转移用户余额，订单号=WS2026021822002023255,2026-07-03 08:30:51,SYS,
olAFl61JiSFAqfha-lkQTSfS3ycc,0.00,67492610671448	,用户提现,479.00,用户提现-退费单RF2026070303153569818,2026-07-03 08:24:25,用户提现,
olAFl6zHEMkfkKGzrqRuytAckmus,59.00,58812351009829	,订单退费转入,59.00,工单系统流量套餐退款,2026-07-03 08:08:43,SYS,
olAFl64fFC-HjYI_bm289K1qRXpk,0.00,69212612188832	,用户提现,144.40,用户提现-退费单RF2026070307402476576,2026-07-03 07:42:10,用户提现,
olAFl64fFC-HjYI_bm289K1qRXpk,144.40,69212612188832	,订单退费转入,144.40,系统处理工单时转移用户余额，订单号=WS2026051117162809575,2026-07-03 07:40:25,SYS,
olAFl60YcWYlBEMCNguMYkHGahwo,0.00,67482610419677	,用户提现,47.00,用户提现-退费单RF2026070303155535241,2026-07-03 07:25:15,用户提现,
ojb7F2J8DRLCQhtkMr4dTmMWab8U,97.20,70032621093013	,订单退费转入,97.20,系统处理工单时转移用户余额，订单号=WN2026063018244780949,2026-07-03 07:21:47,SYS,
olAFl6wnXh3SuIgTbtRv-PVvKOfw,0.00,60912426128286	,用户提现,151.20,用户提现-退费单RF2026063010012789074,2026-07-03 05:48:22,用户提现,
olAFl63Dq5KhtS-kKGF8Bjb9RpiM,46.40,68772522031971	,订单退费转入,46.40,系统处理工单时转移用户余额，订单号=WS2026011513431122579,2026-07-03 03:16:07,SYS,
olAFl63uYcWexX_nAk8BwCkrkQxY,121.20,67512525223195	,订单退费转入,121.20,系统处理工单时转移用户余额，订单号=WS2026051410320798144,2026-07-03 03:16:05,SYS,
olAFl60Xb-nu5iksDcvrXknPdKrA,57.60,67482503214879	,订单退费转入,57.60,系统处理工单时转移用户余额，订单号=WS2025110218383435126,2026-07-03 03:16:05,SYS,
ojb7F2PyzUpP-iBeuLW6wJ2D_CGs,100.00,69212612184274	,订单退费转入,100.00,系统处理工单时转移用户余额，订单号=WN2026061420281744517,2026-07-03 03:16:03,SYS,
olAFl6zJG7bGU1qVijwAqAqPW45k,173.00,68932604051955	,订单退费转入,173.00,工单系统流量套餐退款 本单会员价格20.00元，不能退款,2026-07-03 03:16:03,SYS,
olAFl6-lV1XhSFggh1Nh9CLKATuc,180.00,70032611015439	,订单退费转入,180.00,系统处理工单时转移用户余额，订单号=WS2026061218090888523,2026-07-03 03:16:03,SYS,
olAFl677TWslB9-sSuYpZxiLa-0I,39.00,67492538514681	,订单退费转入,39.00,工单系统流量套餐退款,2026-07-03 03:16:03,SYS,
olAFl6wM0ujP19IDJB43pxlrv15k,174.00,70032611011972	,订单退费转入,174.00,系统处理工单时转移用户余额，订单号=WS2026061322113625269,2026-07-03 03:16:01,SYS,
olAFl6_u1g3CTPXCzuxTaNTnC-AQ,102.00,68772604279042	,订单退费转入,102.00,系统处理工单时转移用户余额，订单号=WS2026022619155905331,2026-07-03 03:16:01,SYS,
olAFl61pIAZo5_fRBOr6U4VbYDkA,351.00,69212544101139	,订单退费转入,351.00,工单系统流量套餐退款 本单会员价格20.00元，不能退款,2026-07-03 03:16:01,SYS,
olAFl6yVYB1k26qOzoRPGVLpN3R0,88.40,67002453148376	,订单退费转入,88.40,系统处理工单时转移用户余额，订单号=WS2026040316380317776,2026-07-03 03:15:59,SYS,
olAFl6wVC_POQY7RC3NTJZjj18V4,46.90,60912426138602	,订单退费转入,46.90,工单系统审核退费单-套餐已作废/钱包已清零,2026-07-03 03:15:59,SYS,
olAFl64gD2cajMc-4oyOPSD_0WkU,180.00,69212612170706	,订单退费转入,180.00,系统处理工单时转移用户余额，订单号=WS2026061211291314689,2026-07-03 03:15:59,SYS,
olAFl696guZMTF4UHV0rQV6JjwnI,54.00,68032504011302	,订单退费转入,54.00,系统处理工单时转移用户余额，订单号=WS2025082623095158063,2026-07-03 03:15:58,SYS,
olAFl60VdVaCNZL-PbiY-r0YxDv0,106.00,67492509461619	,订单退费转入,106.00,工单系统流量套餐退款,2026-07-03 03:15:58,SYS,
ojb7F2C3ZM708wxUrhwRtfc_3knI,479.00,67492610677135	,订单退费转入,479.00,工单系统流量套餐退款,2026-07-03 03:15:58,SYS,
odELQ6tDWM5RDZB-3H7wFAuD4mWo,122.00,67002451064918	,订单退费转入,122.00,系统处理工单时转移用户余额，订单号=WS2026053013133439958,2026-07-03 03:15:57,SYS,
olAFl641ApvqruvuCmZNVcTPuPtQ,59.80,86132347129511	,订单退费转入,59.80,系统处理工单时转移用户余额，订单号=WS2026031517484657363,2026-07-03 03:15:55,SYS,
olAFl60YcWYlBEMCNguMYkHGahwo,47.00,67482610419677	,订单退费转入,47.00,系统处理工单时转移用户余额，订单号=WS2026040109573254230,2026-07-03 03:15:55,SYS,
olAFl6zrBpK9kk9Ssc52l9Rbn0XU,138.00,67482503219938	,订单退费转入,138.00,工单系统审核退费单-套餐已作废/钱包已清零,2026-07-03 03:15:55,SYS,
olAFl6-8qvNzHzdcqMXqATUbpGtY,82.00,67512535291296	,订单退费转入,82.00,系统处理工单时转移用户余额，订单号=WS2026011622093018069,2026-07-03 03:15:54,SYS,
olAFl61TCHQaj21PAm1dD6ES-OXI,89.30,68772604277401	,订单退费转入,89.30,系统处理工单时转移用户余额，订单号=WS2026041012143946698,2026-07-03 03:15:54,SYS,
olAFl6932NVY7lvJ4r85ufnf1UJA,10.80,67492445307689	,订单退费转入,10.80,系统处理工单时转移用户余额，订单号=WS2025102911290335771,2026-07-03 03:15:51,SYS,
olAFl669WuFuObEg_cuSWgv9NYLw,160.00,67492509455514	,订单退费转入,160.00,系统处理工单时转移用户余额，订单号=WS2025111609422741286,2026-07-03 03:15:51,SYS,
olAFl6zURhMSGC_yXIkzUswYy2JE,54.00,67002509216594	,订单退费转入,54.00,系统处理工单时转移用户余额，订单号=WS2025091115242150092,2026-07-03 03:15:50,SYS,
olAFl66UF-Lp7WAPj_D5BVO07MjU,54.00,67862447016523	,订单退费转入,54.00,系统处理工单时转移用户余额，订单号=WS2026060912143937923,2026-07-03 03:15:50,SYS,
olAFl6wHUMi1m4EI9R4iOW8L0ZO0,82.60,67482442001258	,订单退费转入,82.60,系统处理工单时转移用户余额，订单号=WS2026031018135563283,2026-07-03 03:15:48,SYS,
olAFl62bc5lZopNgo2WkDNSNdXdY,212.00,69212621218348	,订单退费转入,212.00,工单系统流量套餐退款 本单会员价格20.00元，不能退款,2026-07-03 03:15:48,SYS,
olAFl68zW-uS97fsaVma7KqtuoyQ,133.40,68772522028358	,订单退费转入,133.40,系统处理工单时转移用户余额，订单号=WS2025121623065773622,2026-07-03 03:15:47,SYS,
olAFl6_wxMYfAsZXEM3jS83nvOss,34.00,68772537088390	,订单退费转入,34.00,系统处理工单时转移用户余额，订单号=WS2025120210464321847,2026-07-03 03:15:46,SYS,
olAFl67h_VtXlIV3Qms2BXq7E6mg,54.00,67492538513227	,订单退费转入,54.00,系统处理工单时转移用户余额，订单号=WS2025122917515157490,2026-07-03 03:15:46,SYS,
olAFl6-dZaU36K7FcsKokbWrL-SU,99.00,70032611008561	,订单退费转入,99.00,工单系统流量套餐退款,2026-07-03 03:15:46,SYS,
olAFl65NJ6siybNY5hnLcDDwL7-Y,640.00,68932612064975	,订单退费转入,640.00,工单系统流量套餐退款 本单会员价格20.00元，不能退款,2026-07-03 03:15:44,SYS,
olAFl661LlgycBUnVg4KKDlHksWE,121.50,67482503241149	,订单退费转入,121.50,系统处理工单时转移用户余额，订单号=WS2026030916353140547 本单会员价格20.00元，不能退款,2026-07-03 03:15:43,SYS,
olAFl63YJHHOGlmBj7TJ2T6iorys,171.20,70032611007637	,订单退费转入,171.20,系统处理工单时转移用户余额，订单号=WS2026061209304242869,2026-07-03 03:15:43,SYS,
olAFl6_UA4kb-Q8eEe8RyNCoRh5I,141.00,68772539117335	,订单退费转入,141.00,系统处理工单时转移用户余额，订单号=WS2025120507114212017,2026-07-03 03:15:42,SYS,
olAFl6x2uAbgI1CgSeXcsMEwltJI,56.80,67482503251749	,订单退费转入,56.80,系统处理工单时转移用户余额，订单号=WN2025082711174790932,2026-07-03 03:15:42,SYS,
olAFl6yu3Ygg3hh8avmtwEH_s-gQ,140.10,67482504311202	,订单退费转入,140.10,系统处理工单时转移用户余额，订单号=WS2026061212461030945,2026-07-03 03:15:40,SYS,
olAFl6xEP3ILf5n7Lu470n7QAh0Y,28.70,68772604272892	,订单退费转入,28.70,系统处理工单时转移用户余额，订单号=WS2026030815292478372,2026-07-03 03:15:39,SYS,
olAFl6zX5k4D0GNTheb0bCnZ8CYE,66.50,67492509437301	,订单退费转入,66.50,系统处理工单时转移用户余额，订单号=WS2026013100235134836,2026-07-03 03:15:38,SYS,
olAFl634mi-RrXl_fAl9s4hsHTiQ,44.70,867061075503320	,订单退费转入,44.70,系统处理工单时转移用户余额，订单号=WS2026031007403996780,2026-07-03 03:15:38,SYS,
olAFl60isFN_uyU36Q5uiIygLNwc,32.70,67492552547099	,订单退费转入,32.70,系统处理工单时转移用户余额，订单号=WS2026030609002478965,2026-07-03 03:15:36,SYS,
odELQ6vpmHJeMqkNpizDpcOsuO-w,322.00,67872535008539	,订单退费转入,322.00,工单系统流量套餐退款,2026-07-03 03:15:36,SYS,
olAFl61JiSFAqfha-lkQTSfS3ycc,479.00,67492610671448	,订单退费转入,479.00,工单系统流量套餐退款 本单会员价格20.00元，不能退款,2026-07-03 03:15:36,SYS,
olAFl6wLtjILw-XuLeVuCvI9urwU,149.00,68932530016470	,订单退费转入,149.00,工单系统流量套餐退款,2026-07-03 03:15:36,SYS,
olAFl69X_bktVX_GMYjOnK7ijMKI,49.20,67512525196232	,订单退费转入,49.20,系统处理工单时转移用户余额，订单号=WS2026010900463185380,2026-07-03 03:15:35,SYS,
o2uAP6-WDc-z2jjqL4C-X-NUETAs,19.90,328811774	,订单退费转入,19.90,工单系统审核退费单-套餐已作废/钱包已清零,2026-07-03 03:15:35,SYS,
o2uAP65Q31a7GmUUnyAjUoazMpcc,90.10,86338965	,订单退费转入,90.10,系统处理工单时转移用户余额，订单号=WS2026032821294656423,2026-07-03 03:15:34,SYS,
odELQ6qEgNbFGcw0fmRK6H1qxbjw,48.00,86706107478206	,订单退费转入,48.00,工单系统流量套餐退款,2026-07-03 03:15:34,SYS,
olAFl65NhjKO6I7u5XhDCFVMVzVk,54.00,67002509214434	,订单退费转入,54.00,系统处理工单时转移用户余额，订单号=WS2025091414501297984,2026-07-03 03:15:34,SYS,
olAFl62K5YepKnJW84IF5wT4UFyE,221.20,67492609647545	,订单退费转入,221.20,系统处理工单时转移用户余额，订单号=WS2026050621524934394,2026-07-03 03:15:32,SYS,
ojb7F2EYHmbohK70GQg-f9_6hnow,169.00,70032611015504	,订单退费转入,169.00,工单系统流量套餐退款 本单会员价格20.00元，不能退款,2026-07-03 03:15:32,SYS,
olAFl64pLrxVZbYyl-iwdR1SuHr0,34.00,68772602219853	,订单退费转入,34.00,系统处理工单时转移用户余额，订单号=WS2026020816230686891,2026-07-03 03:15:32,SYS,
olAFl63bCBSdlmQQKlyV6wd0WP04,146.00,864665060228561	,订单退费转入,146.00,工单系统流量套餐退款,2026-07-03 03:15:32,SYS,
olAFl617DdKr8FFEBfnxGPnFRkm8,52.00,67512534242845	,订单退费转入,52.00,工单系统流量套餐退款 组合支付：微信退费 52.00,2026-07-03 03:15:32,SYS,
olAFl6-rFk2XePHcgUH-XvD5WfEU,359.00,68772604276549	,订单退费转入,359.00,工单系统审核退费单-套餐已作废/钱包已清零,2026-07-03 03:15:32,SYS,
olAFl64Q6kPLxAuvgEcoge_icsgo,46.00,67482512339128	,订单退费转入,46.00,系统处理工单时转移用户余额，订单号=WS2025120810151483843,2026-07-03 03:15:30,SYS,
olAFl61HVP4QspXKNZSz9e8tj-_A,130.00,67492602580142	,订单退费转入,130.00,系统处理工单时转移用户余额，订单号=WS2026042614020352312,2026-07-03 03:15:30,SYS,
olAFl6zQqSDYpcuRwtMo2BDua-Rg,1.80,69142620032373	,订单退费转入,1.80,工单系统审核退费单-套餐已作废/钱包已清零,2026-07-03 03:15:30,SYS,
olAFl68SXV8RRqj2NBVvMYknBom8,179.00,867061070038629	,订单退费转入,179.00,工单系统流量套餐退款,2026-07-03 03:15:30,SYS,
olAFl62D_e_Msln8_d744oSuQmDA,481.00,68772612331616	,订单退费转入,481.00,工单系统流量套餐退款 本单会员价格20.00元，不能退款,2026-07-03 03:15:30,SYS,
olAFl69PZputgeYX7xkwIEAcu-bQ,19.00,69212612173117	,订单退费转入,19.00,工单系统流量套餐退款,2026-07-03 03:15:30,SYS,
olAFl6wrDt8USRx8Cb0xd7jsUdzg,39.90,63272414001258	,订单退费转入,39.90,工单系统流量套餐退款,2026-07-03 03:15:30,SYS,
olAFl6-JWUph5hA89jEgNZKl_tuc,149.50,68932532020495	,订单退费转入,149.50,工单系统审核退费单-套餐已作废/钱包已清零,2026-07-03 03:15:30,SYS,
olAFl6_6Tb4fmjQnKPooGKR6JB9w,122.00,67512535265440	,订单退费转入,122.00,系统处理工单时转移用户余额，订单号=WS2026061410395921688,2026-07-03 03:15:28,SYS,
olAFl6w82e4zX0pl1Hexbw-LaQ_0,162.40,69212612182214	,订单退费转入,162.40,系统处理工单时转移用户余额，订单号=WS2026052713210517797,2026-07-03 03:15:28,SYS,
olAFl67o_wo1HxV3_88gyFZLCdPY,106.00,86132405200677	,订单退费转入,106.00,工单系统流量套餐退款,2026-07-03 03:15:28,SYS,
olAFl61HlJitGtybPFaU_qn6X_Uk,85.40,67492609647213	,订单退费转入,85.40,系统处理工单时转移用户余额，订单号=WS2026032611231876852,2026-07-03 03:15:26,SYS,
olAFl68X0FA3dD11JowsHQH5Rq5E,39.50,67482503216334	,订单退费转入,39.50,系统处理工单时转移用户余额，订单号=WS2025121707590255898,2026-07-03 03:15:26,SYS,
ojb7F2MpvkLKKvx_UUbB1jCF-FOE,199.00,68772550177681	,订单退费转入,199.00,工单系统流量套餐退款 本单会员价格20.00元，不能退款,2026-07-03 03:15:26,SYS,
olAFl62QClsEs7GvxCnk7kShf86w,59.00,68932604054492	,订单退费转入,59.00,工单系统流量套餐退款,2026-07-03 03:15:26,SYS,
ojb7F2Pmd4_osrfqh1u0PlaRn_pI,158.50,35682253084513	,订单退费转入,158.50,系统处理工单时转移用户余额，订单号=WS2026061219240345121,2026-07-03 03:15:24,SYS,
odELQ6ld53g9zduG-glLSF9Ijj9s,100.00,86706107476046	,订单退费转入,100.00,系统处理工单时转移用户余额，订单号=WN2026061319101941126,2026-07-03 03:15:24,SYS,
ojb7F2AkwJd3JsH3m2A691WOQxa0,479.00,70032611012462	,订单退费转入,479.00,工单系统流量套餐退款 本单会员价格20.00元，不能退款,2026-07-03 03:15:24,SYS,
oyoJU7DKoS31JdKFTgv3WxPouxTg,320.89,86002542008632	,订单退费转入,320.89,工单系统流量套餐退款,2026-07-03 03:15:24,SYS,
olAFl6-i4ztOAclfOQemjR0joLrY,141.80,68052513032059	,订单退费转入,141.80,系统处理工单时转移用户余额，订单号=WS2025101614472262171,2026-07-03 03:15:22,SYS,
olAFl67nuFEY1ZGw2T6tQMXQLikY,134.00,68772610297950	,订单退费转入,134.00,系统处理工单时转移用户余额，订单号=WS2026060620362699480,2026-07-03 03:15:22,SYS,
olAFl68cREYOEIC3RtNbSBtoOMkA,52.50,69212538050036	,订单退费转入,52.50,系统处理工单时转移用户余额，订单号=WS2026030704474728082,2026-07-03 03:15:20,SYS,
olAFl68m2e7lHTbgvZqeivoYkxOo,20.20,68772610303520	,订单退费转入,20.20,系统处理工单时转移用户余额，订单号=WS2026050315453338371,2026-07-03 03:15:20,SYS,
olAFl66pmfXeNsHIyP5NoakNWU4U,58.60,67512534245859	,订单退费转入,58.60,系统处理工单时转移用户余额，订单号=WS2026011114421283786,2026-07-03 03:15:18,SYS,
olAFl6w0q2-CO0gz6DqjU-ww-5RU,82.40,67482610414948	,订单退费转入,82.40,系统处理工单时转移用户余额，订单号=WS2026041311444815837,2026-07-03 03:15:18,SYS,
olAFl6_lreF2kV86efM26v_IXRKc,212.00,68772610297287	,订单退费转入,212.00,工单系统流量套餐退款,2026-07-03 03:15:18,SYS,
olAFl63lqOR_Oy6ve4yF_YymqM5w,88.60,864665068016844	,订单退费转入,88.60,系统处理工单时转移用户余额，订单号=WS2026031206520424081,2026-07-03 03:15:16,SYS,
olAFl66i_zPIAoEgW-5lBCuxSirw,79.90,67492445303498	,订单退费转入,79.90,系统处理工单时转移用户余额，订单号=WS2026022419460628833,2026-07-03 03:15:16,SYS,
olAFl6-9Xd5YC7DE9_VK-Kbpf2uo,180.00,70032617034903	,订单退费转入,180.00,系统处理工单时转移用户余额，订单号=WS2026061307515600481,2026-07-03 03:15:14,SYS,
olAFl69hwg0gR8wUPLKBJO5nypmg,156.20,67512517175953	,订单退费转入,156.20,系统处理工单时转移用户余额，订单号=WS2026040606144092272,2026-07-03 03:15:14,SYS,
olAFl62GbcDFDcVifuOydjZ052nQ,76.00,69212544101393	,订单退费转入,76.00,系统处理工单时转移用户余额，订单号=WS2026022208004688549,2026-07-03 03:15:12,SYS,
ojb7F2KpGJbvjn-mZwnRUZZwtd1Y,170.00,69212612171008	,订单退费转入,170.00,系统处理工单时转移用户余额，订单号=WS2026060717445917311,2026-07-03 03:15:12,SYS,
odELQ6ggl4icOgNWKM2Pza1kgucQ,199.00,68832514000843	,订单退费转入,199.00,工单系统审核退费单-套餐已作废/钱包已清零,2026-07-03 03:15:12,SYS,
o2uAP62rRzmxyrv1O1xbI7GAFl9s,302.00,86327093	,订单退费转入,302.00,工单系统流量套餐退款,2026-07-03 03:15:12,SYS,
olAFl6zzKF_HjY9mOzEimwT0hXro,66.00,67492603605497	,订单退费转入,66.00,系统处理工单时转移用户余额，订单号=WS2026022719363168415,2026-07-03 03:15:10,SYS,
olAFl61PoVrFLFRtNLUd6OjYjDmk,66.00,69212538042990	,订单退费转入,66.00,系统处理工单时转移用户余额，订单号=WS2025100820585810138,2026-07-03 03:15:10,SYS,
olAFl60kUJKT6ebxEpIv7X_auDjM,94.40,867061073578647	,订单退费转入,94.40,系统处理工单时转移用户余额，订单号=WN2026061320242213728,2026-07-03 03:15:08,SYS,
olAFl60tNicXyjNILvLf06Onkbk4,28.70,69212606158698	,订单退费转入,28.70,系统处理工单时转移用户余额，订单号=WS2026030317003789513,2026-07-03 03:15:08,SYS,
olAFl65AG5QNpBzLiSkOIMVbYoI8,112.40,70032611011519	,订单退费转入,112.40,系统处理工单时转移用户余额，订单号=WS2026051511471945211,2026-07-03 03:15:06,SYS,
olAFl6_oiFh8xUvR0sheIAg5X7LI,80.40,67482453151507	,订单退费转入,80.40,系统处理工单时转移用户余额，订单号=WS2026010400482777663,2026-07-03 03:15:06,SYS,
olAFl651KpJ-2zhKTM5Rh31mYNGI,214.40,68772612326832	,订单退费转入,214.40,系统处理工单时转移用户余额，订单号=WS2026050615383515211,2026-07-03 03:15:04,SYS,
olAFl61mGTZmsmhOWBWVasxk1sBo,31.00,68772538105813	,订单退费转入,31.00,系统处理工单时转移用户余额，订单号=WS2026020720443649728,2026-07-03 03:15:04,SYS,
olAFl6z-MqsdDre8N2yBl_66Be18,52.00,69212544099147	,订单退费转入,52.00,工单系统审核退费单-套餐已作废/钱包已清零,2026-07-03 03:15:02,SYS,
ojb7F2PSA0yTwA-PfJfgtJNiYKR0,0.00,69212621224893	,用户提现,172.20,用户提现-退费单RF2026070210320946145,2026-07-03 02:37:21,用户提现,
ojb7F2MXldFqQRNtHVEfOAWuUnvQ,50.00,69142620034765	,订单退费转入,50.00,工单系统流量套餐退款 本单会员价格20.00元，不能退款,2026-07-03 01:03:18,SYS,
olAFl6018wRq8nzz8RoyoAnKOJJE,300.00,68772610298115	,订单退费转入,300.00,工单系统流量套餐退款,2026-07-03 00:34:56,SYS,
olAFl60qb1GSZ12wJscc5yRbGjKc,0.00,60912414047340	,用户提现,120.40,用户提现-退费单RF2026070223563702795,2026-07-02 23:59:03,用户提现,
olAFl60qb1GSZ12wJscc5yRbGjKc,120.40,60912414047340	,订单退费转入,120.40,系统处理工单时转移用户余额，订单号=WS2026070222324681533,2026-07-02 23:56:37,SYS,
olAFl60mpYNO3MBO2XlXQB8c8RG4,0.00,67482503221992	,用户提现,136.20,用户提现-退费单RF2026070223293832364,2026-07-02 23:44:47,用户提现,
olAFl6wTxgWxLLpSfNe8hDpueyRg,0.00,68772539114787	,用户提现,66.00,用户提现-退费单RF2026062603154612375,2026-07-02 23:39:11,用户提现,
olAFl60mpYNO3MBO2XlXQB8c8RG4,136.20,67482503221992	,订单退费转入,136.20,系统处理工单时转移用户余额，订单号=WS2026070222391654511,2026-07-02 23:29:38,SYS,
ojb7F2EJQ_meptKZqOM38V9exx9o,399.00,70032621092120	,订单退费转入,399.00,工单系统流量套餐退款,2026-07-02 23:18:23,SYS,
olAFl6xanl3HmoUXBSDQNvMe5gOE,0.00,68932606061239	,用户提现,340.00,用户提现-退费单RF2026070223103153552,2026-07-02 23:12:26,用户提现,
olAFl6xanl3HmoUXBSDQNvMe5gOE,340.00,68932606061239	,订单退费转入,340.00,工单系统流量套餐退款 本单会员价格20.00元，不能退款,2026-07-02 23:10:32,SYS,
olAFl6x7rgKrZSj8gvUTxFa8yMBU,0.00,60912411010939	,用户提现,159.30,用户提现-退费单RF2026070222525727048,2026-07-02 22:53:35,用户提现,
olAFl6x7rgKrZSj8gvUTxFa8yMBU,159.30,60912411010939	,订单退费转入,159.30,系统处理工单时转移用户余额，订单号=WS2026051518543451573,2026-07-02 22:52:57,SYS,
olAFl69oylnch89ludcUFScxajPA,0.00,68772612355267	,用户提现,219.00,用户提现-退费单RF2026070211530005677,2026-07-02 22:47:45,用户提现,
olAFl63gVzVEOeH4EixrLMd4Ol0M,52.00,69212538043540	,订单退费转入,52.00,工单系统审核退费单-套餐已作废/钱包已清零,2026-07-02 22:41:51,SYS,
olAFl65xsKhwZ-y1qv-Littn7Giw,0.00,67512517179443	,用户提现,34.00,用户提现-退费单RF2026062313551462589,2026-07-02 22:36:53,用户提现,
ojb7F2MUzFyzLEXxSTw1iD2y9L-A,0.00,70032621092972	,用户提现,100.00,用户提现-退费单RF2026070221253043317,2026-07-02 22:11:22,用户提现,
olAFl617TT7SvFXASBUNpvNOEGtg,0.00,69212602132598	,用户提现,180.00,用户提现-退费单RF2026070222045849899,2026-07-02 22:05:36,用户提现,
olAFl617TT7SvFXASBUNpvNOEGtg,180.00,69212602132598	,订单退费转入,180.00,系统处理工单时转移用户余额，订单号=WS2026063022262764250,2026-07-02 22:04:59,SYS,
olAFl67gLuQ_bdZHoIRSuZdngRls,0.00,69142620033178	,用户提现,175.20,用户提现-退费单RF2026070110453107575,2026-07-02 21:59:03,用户提现,
ojb7F2BbBvLSfHKSSCFHm7dkLq24,0.00,67002535389898	,用户提现,50.00,用户提现-退费单RF2026070221453668973,2026-07-02 21:57:26,用户提现,
olAFl647yOTMIUbOrNTIAeO_erPo,0.00,70032611014738	,用户提现,171.20,用户提现-退费单RF2026070221484237017,2026-07-02 21:55:53,用户提现,
olAFl647yOTMIUbOrNTIAeO_erPo,171.20,70032611014738	,订单退费转入,171.20,系统处理工单时转移用户余额，订单号=WS2026061216135794079,2026-07-02 21:48:42,SYS,
ojb7F2BbBvLSfHKSSCFHm7dkLq24,50.00,67002535389898	,订单退费转入,50.00,工单系统流量套餐退款,2026-07-02 21:45:37,SYS,
ojb7F2IIBRSG0DxjkC2viFbIOhl4,457.00,67492538511569	,订单退费转入,457.00,工单系统流量套餐退款,2026-07-02 21:32:25,SYS,
ojb7F2MUzFyzLEXxSTw1iD2y9L-A,100.00,70032621092972	,订单退费转入,100.00,系统处理工单时转移用户余额，订单号=WN2026062516211995570,2026-07-02 21:25:30,SYS,
olAFl62TdggX-jmBcIYdpEny-B5w,0.00,67482448047079	,用户提现,39.70,用户提现-退费单RF2026070221190250712,2026-07-02 21:19:57,用户提现,
olAFl62TdggX-jmBcIYdpEny-B5w,39.70,67482448047079	,订单退费转入,39.70,系统处理工单时转移用户余额，订单号=WN2025092418424610827,2026-07-02 21:19:03,SYS,
olAFl65pnD0_jHoXHeNbL4fe1VXg,479.00,60912432191224	,订单退费转入,479.00,工单系统流量套餐退款,2026-07-02 21:06:16,SYS,
olAFl6w02Nsaw-hFgojv1xIiQ67g,69.60,67512535291476	,订单退费转入,69.60,系统处理工单时转移用户余额，订单号=WS2025111412274552083,2026-07-02 20:44:27,SYS,
olAFl61AhUKMcEF5tET0IFXScNNA,0.00,67482513395295	,用户提现,52.00,用户提现-退费单RF2026070203153085649,2026-07-02 20:38:18,用户提现,
olAFl63uQcYR-O1SJsIkyS8rJtTk,0.00,67482504281098	,用户提现,107.30,用户提现-退费单RF2026070212554382554,2026-07-02 20:28:08,用户提现,
olAFl62gOq0XeLhP7LhMXIeJHyrA,0.00,70032617034744	,用户提现,120.00,用户提现-退费单RF2026070220010827636,2026-07-02 20:03:51,用户提现,
olAFl62gOq0XeLhP7LhMXIeJHyrA,120.00,70032617034744	,订单退费转入,120.00,工单系统流量套餐退款,2026-07-02 20:01:08,SYS,
olAFl69dJtO36prXTqhC7oLFiqvw,0.00,68772602247430	,用户提现,420.00,用户提现-退费单RF2026070219460013949,2026-07-02 19:48:00,用户提现,
ojb7F2FUL1NzF37KMF4kXJxdQmr0,0.00,69142620024614	,用户提现,171.20,用户提现-退费单RF2026070219451390733,2026-07-02 19:46:06,用户提现,
olAFl69dJtO36prXTqhC7oLFiqvw,420.00,68772602247430	,订单退费转入,420.00,工单系统流量套餐退款,2026-07-02 19:46:00,SYS,
ojb7F2FUL1NzF37KMF4kXJxdQmr0,171.20,69142620024614	,订单退费转入,171.20,系统处理工单时转移用户余额，订单号=WS2026053008425072414,2026-07-02 19:45:14,SYS,
olAFl60cC7vWP_GjNRZ0Ho5ASCsc,0.00,67512440001944	,用户提现,24.00,用户提现-退费单RF2026070110380192777,2026-07-02 19:40:36,用户提现,
olAFl61MnlDSxOS3L96FBGIagb24,0.00,69212612174974	,用户提现,16.60,用户提现-退费单RF2026070218272313647,2026-07-02 19:35:19,用户提现,
olAFl62bt4RUNl9JablrJz3gsfsk,0.00,67482610419430	,用户提现,140.80,用户提现-退费单RF2026070218485523943,2026-07-02 19:28:49,用户提现,
olAFl62WRRbO_70V9aSVm0Qiynbs,0.00,70032617027227	,用户提现,599.00,用户提现-退费单RF2026070219090868297,2026-07-02 19:22:50,用户提现,
olAFl64Z-nPBv7WsgUCjO6JtqyrU,0.00,68772539118841	,用户提现,3.00,用户提现-退费单RF2026070219112078554,2026-07-02 19:11:38,用户提现,
olAFl64Z-nPBv7WsgUCjO6JtqyrU,3.00,68772539118841	,订单退费转入,3.00,工单系统流量套餐退款 组合支付：微信退费 3.00,2026-07-02 19:11:21,SYS,
olAFl62WRRbO_70V9aSVm0Qiynbs,599.00,70032617027227	,订单退费转入,599.00,工单系统流量套餐退款,2026-07-02 19:09:09,SYS,
olAFl65udnjNjWCUVppQ4Ic47NYM,0.00,69212536019218	,用户提现,34.00,用户提现-退费单RF2026070219004888830,2026-07-02 19:01:30,用户提现,
olAFl65udnjNjWCUVppQ4Ic47NYM,34.00,69212536019218	,订单退费转入,34.00,系统处理工单时转移用户余额，订单号=WS2025091515383534678,2026-07-02 19:00:49,SYS,
olAFl6-ZTwZLBozAyCdjRbP7W_D8,0.00,58482349154342	,用户提现,146.00,用户提现-退费单RF2026070218293492989,2026-07-02 18:53:43,用户提现,
olAFl62bt4RUNl9JablrJz3gsfsk,140.80,67482610419430	,订单退费转入,140.80,系统处理工单时转移用户余额，订单号=WS2026032222384394722,2026-07-02 18:48:55,SYS,
olAFl6xLW9xxlQFjPl7Fwuc1YleA,64.40,60912422110746	,订单退费转入,64.40,系统处理工单时转移用户余额，订单号=WS2026012819411968636,2026-07-02 18:46:11,SYS,
olAFl6xawqWVU3Czc4kKlTiXBPYk,179.00,864665070657494	,订单退费转入,179.00,工单系统流量套餐退款 本单会员价格20.00元，不能退款,2026-07-02 18:41:57,SYS,
olAFl6-ZTwZLBozAyCdjRbP7W_D8,146.00,58482349154342	,订单退费转入,146.00,工单系统流量套餐退款,2026-07-02 18:29:35,SYS,
olAFl6yPkvlgfZggSnMzT5OSBW_Y,0.00,864665068906051	,用户提现,625.00,用户提现-退费单RF2026070218270997824,2026-07-02 18:28:11,用户提现,
olAFl61MnlDSxOS3L96FBGIagb24,16.60,69212612174974	,订单退费转入,16.60,系统处理工单时转移用户余额，订单号=WN2026041919564282967,2026-07-02 18:27:23,SYS,
olAFl6yPkvlgfZggSnMzT5OSBW_Y,625.00,864665068906051	,订单退费转入,625.00,工单系统流量套餐退款 本单会员价格20.00元，不能退款,2026-07-02 18:27:10,SYS,
ojb7F2DQiWrGXL7PBNevUDoBYdyQ,0.00,69212621216771	,用户提现,46.00,用户提现-退费单RF2026070218022813092,2026-07-02 18:19:32,用户提现,
ojb7F2BTH-uhyMSpTGxHxRyMiC6M,0.00,69212621222161	,用户提现,179.00,用户提现-退费单RF2026070116494135941,2026-07-02 18:12:05,用户提现,
olAFl60guMv-zmpjdWw058Ce6sso,0.00,68772602259877	,用户提现,29.00,用户提现-退费单RF2026070218043471591,2026-07-02 18:05:25,用户提现,
olAFl60guMv-zmpjdWw058Ce6sso,29.00,68772602259877	,订单退费转入,29.00,工单系统流量套餐退款,2026-07-02 18:04:35,SYS,
ojb7F2DQiWrGXL7PBNevUDoBYdyQ,46.00,69212621216771	,订单退费转入,46.00,工单系统流量套餐退款,2026-07-02 18:02:28,SYS,
olAFl67jgDH-1ssNZVeeu9nV9tsU,0.00,67512535267498	,用户提现,120.20,用户提现-退费单RF2026070217485598019,2026-07-02 17:54:50,用户提现,
ojb7F2H9TvVP2AWmK3w-zGMXnb5Q,179.00,69212621217396	,订单退费转入,179.00,工单系统流量套餐退款,2026-07-02 17:52:23,SYS,
olAFl67jgDH-1ssNZVeeu9nV9tsU,120.20,67512535267498	,订单退费转入,120.20,系统处理工单时转移用户余额，订单号=WS2026052123252249139,2026-07-02 17:48:56,SYS,
olAFl6z2Rs7IZciIkx4zL19wAh9Y,0.00,67002535363428	,用户提现,10.00,用户提现-退费单RF2026070112131300543,2026-07-02 17:46:26,用户提现,
olAFl6ybjgxUMpom6OBNQVbdsrrg,0.00,69212602147768	,用户提现,47.00,用户提现-退费单RF2026070217205108368,2026-07-02 17:21:21,用户提现,
olAFl6ybjgxUMpom6OBNQVbdsrrg,47.00,69212602147768	,订单退费转入,47.00,系统处理工单时转移用户余额，订单号=WS2026040609303656344,2026-07-02 17:20:51,SYS,
olAFl63FX_zX0nCeMkKjtl3aBQYA,0.00,867061070193903	,用户提现,1.40,用户提现-退费单RF2026050503151399,2026-07-02 17:18:18,用户提现,
olAFl6zu6C-9JTmRj3-51LOWTfeA,0.00,70032621088786	,用户提现,369.00,用户提现-退费单RF2026070217040374027,2026-07-02 17:05:13,用户提现,
olAFl6zu6C-9JTmRj3-51LOWTfeA,369.00,70032621088786	,订单退费转入,369.00,工单系统流量套餐退款,2026-07-02 17:04:04,SYS,
olAFl62Cykgb2yre6bxHdTLtfKfk,24.50,68772537090118	,订单退费转入,24.50,工单系统流量套餐退款,2026-07-02 16:54:22,SYS,
olAFl685cHNtZnmWqDMwu-_BsF9w,0.00,69212602147184	,用户提现,54.40,用户提现-退费单RF2026070216490258251,2026-07-02 16:53:25,用户提现,
olAFl685cHNtZnmWqDMwu-_BsF9w,54.40,69212602147184	,订单退费转入,54.40,系统处理工单时转移用户余额，订单号=WN2026052215423653683,2026-07-02 16:49:03,SYS,
olAFl61cMdm6STVcpOHQun6aUFmE,0.00,67492603605265	,用户提现,9.10,用户提现-退费单RF2026070211091135431,2026-07-02 16:36:39,用户提现,
olAFl6-iE5N33JMsooKD6LAWvsyo,0.00,63272414006061	,用户提现,39.90,用户提现-退费单RF2026070216270861623,2026-07-02 16:28:01,用户提现,
olAFl6-iE5N33JMsooKD6LAWvsyo,39.90,63272414006061	,订单退费转入,39.90,工单系统流量套餐退款,2026-07-02 16:27:09,SYS,
olAFl61uCEI64xGSvy85dMZvm0fA,0.00,67492538514435	,用户提现,38.80,用户提现-退费单RF2026070216164627561,2026-07-02 16:22:38,用户提现,
olAFl61uCEI64xGSvy85dMZvm0fA,38.80,67492538514435	,订单退费转入,38.80,系统处理工单时转移用户余额，订单号=WS2026030414594080933,2026-07-02 16:16:46,SYS,
olAFl60fwwZHykkWo0-TMhyjynj4,0.00,69212612177270	,用户提现,14.50,用户提现-退费单RF2026070216074030295,2026-07-02 16:07:58,用户提现,
olAFl60fwwZHykkWo0-TMhyjynj4,14.50,69212612177270	,订单退费转入,14.50,系统处理工单时转移用户余额，订单号=WN2026051112511871161,2026-07-02 16:07:40,SYS,
olAFl69RZ1NJjrwwxCBsdHqqNws8,0.00,67002509211081	,用户提现,115.80,用户提现-退费单RF2026070215571463516,2026-07-02 15:59:15,用户提现,
olAFl69RZ1NJjrwwxCBsdHqqNws8,115.80,67002509211081	,订单退费转入,115.80,系统处理工单时转移用户余额，订单号=WS2026042801032318973,2026-07-02 15:57:15,SYS,
olAFl6yTlvVdlXWMvtJshl29aowg,0.00,67512535291444	,用户提现,545.00,用户提现-退费单RF2026062603152223653,2026-07-02 15:42:50,用户提现,
olAFl6yirfCT3aKeImfzeFDZA9A4,0.00,67482454188816	,用户提现,65.50,用户提现-退费单RF2026052103151412512,2026-07-02 15:41:45,用户提现,
olAFl6xBVl-c2XcX7ddt3HylN9gU,0.00,69142620033059	,用户提现,29.00,用户提现-退费单RF2026070213440656789,2026-07-02 15:39:15,用户提现,
olAFl68aoPk0j5p0XIKjW32Nl4Xo,0.00,60912422105354	,用户提现,138.00,用户提现-退费单RF2026070215120960853,2026-07-02 15:32:17,用户提现,
olAFl64pe5NuArSZn_H5CVCX4HNg,0.00,67482610418513	,用户提现,19.80,用户提现-退费单RF2026070207473877611,2026-07-02 15:22:45,用户提现,
olAFl6yqRJs1CCGwwu0EzFunD9B0,0.00,58812351004419	,用户提现,379.00,用户提现-退费单RF2026070203151535950,2026-07-02 15:16:04,用户提现,
olAFl68aoPk0j5p0XIKjW32Nl4Xo,138.00,60912422105354	,订单退费转入,138.00,工单系统流量套餐退款 本单会员价格20.00元，不能退款,2026-07-02 15:12:10,SYS,
olAFl69F4bqnqqj0pNNHArqT3QIw,137.30,67482503240245	,订单退费转入,137.30,系统处理工单时转移用户余额，订单号=WS2026051420192523995,2026-07-02 15:01:00,SYS,
olAFl61k7KLEBcJiV50-gWuB0LyU,199.00,70032617030144	,订单退费转入,199.00,工单系统流量套餐退款,2026-07-02 14:57:04,SYS,
ojb7F2HLiu4CVbh-S1prnSXAVL14,0.00,68772550174885	,用户提现,320.00,用户提现-退费单RF2026070214421719490,2026-07-02 14:43:34,用户提现,
ojb7F2HLiu4CVbh-S1prnSXAVL14,320.00,68772550174885	,订单退费转入,320.00,工单系统流量套餐退款 本单会员价格20.00元，不能退款,2026-07-02 14:42:17,SYS,
olAFl6w2cwrMAW-Z_pvhMHeeAXWc,188.00,67002453142878	,订单退费转入,94.00,工单系统流量套餐退款,2026-07-02 14:40:06,SYS,
olAFl64ArdND2zx8UdxDvs7l7aQo,74.40,867061070063106	,订单退费转入,74.40,系统处理工单时转移用户余额，订单号=WN2026040810042962695,2026-07-02 14:39:32,SYS,
olAFl6w2cwrMAW-Z_pvhMHeeAXWc,94.00,58482339011547	,订单退费转入,94.00,工单系统流量套餐退款,2026-07-02 14:34:19,SYS,
olAFl67Ta8QCNSNo_oZpx7uiuEhI,0.00,68772610300656	,用户提现,30.00,用户提现-退费单RF2026070211325119187,2026-07-02 14:31:58,用户提现,
ojb7F2EiDOlmhqxo9zWYIlkKVCNk,212.00,69212621223695	,订单退费转入,212.00,工单系统流量套餐退款,2026-07-02 14:26:47,SYS,
olAFl69UlFpzLa0ohsnM9tJnUGto,199.00,70032621090694	,订单退费转入,199.00,工单系统流量套餐退款,2026-07-02 14:20:48,SYS,
olAFl65oKOULnDzQ9Ra42OZKuEVc,0.00,70032617027585	,用户提现,179.00,用户提现-退费单RF2026070209020787466,2026-07-02 14:17:05,用户提现,
olAFl60Hnzt7aCYL0vxPiJ-FHU6A,0.00,67512443064984	,用户提现,83.00,用户提现-退费单RF2026070214094133747,2026-07-02 14:11:03,用户提现,
olAFl60Hnzt7aCYL0vxPiJ-FHU6A,83.00,67512443064984	,订单退费转入,83.00,系统处理工单时转移用户余额，订单号=WS2026031209323925093,2026-07-02 14:09:41,SYS,
olAFl60nF8k8hGLfuEn2TDv7CL3k,0.00,58812351004474	,用户提现,55.40,用户提现-退费单RF2026070214021171655,2026-07-02 14:02:57,用户提现,
olAFl60nF8k8hGLfuEn2TDv7CL3k,55.40,58812351004474	,订单退费转入,55.40,系统处理工单时转移用户余额，订单号=WS2025102707413363912,2026-07-02 14:02:12,SYS,
olAFl662EomDKICa8LMdCt96GJmA,0.00,67492445315037	,用户提现,87.60,用户提现-退费单RF2026070213562910981,2026-07-02 13:57:09,用户提现,
olAFl662EomDKICa8LMdCt96GJmA,87.60,67492445315037	,订单退费转入,87.60,系统处理工单时转移用户余额，订单号=WN2026032319195802527,2026-07-02 13:56:29,SYS,
olAFl6xBVl-c2XcX7ddt3HylN9gU,29.00,69142620033059	,订单退费转入,29.00,工单系统流量套餐退款,2026-07-02 13:44:07,SYS,
olAFl6yTX-PZuRgbu0WL-HLEWJl0,140.80,867061074697164	,订单退费转入,140.80,系统处理工单时转移用户余额，订单号=WS2025090713281229979,2026-07-02 13:40:39,SYS,
ojb7F2H_Qp7fDZPsdCWWQCVYDteQ,549.00,69212621227236	,订单退费转入,549.00,工单系统流量套餐退款,2026-07-02 13:37:39,SYS,
ojb7F2MSwvoEX7yXx-y0QyfMMiQA,0.00,68772612333927	,用户提现,174.00,用户提现-退费单RF2026070116474452730,2026-07-02 13:34:56,用户提现,
olAFl68THXymnQwqqfX1-nFQeY7U,0.00,864665066147377	,用户提现,49.00,用户提现-退费单RF2026070213264452123,2026-07-02 13:28:28,用户提现,
olAFl68THXymnQwqqfX1-nFQeY7U,49.00,864665066147377	,订单退费转入,49.00,工单系统流量套餐退款 本单会员价格20.00元，不能退款,2026-07-02 13:26:45,SYS,
olAFl6-xxlF_keed_Ew_hYgBEZJs,0.00,68032504009151	,用户提现,148.60,用户提现-退费单RF2026070213065830215,2026-07-02 13:07:50,用户提现,
olAFl6-xxlF_keed_Ew_hYgBEZJs,148.60,68032504009151	,订单退费转入,148.60,系统处理工单时转移用户余额，订单号=WS2026061223222790362,2026-07-02 13:06:58,SYS,
olAFl66x1UP4s-DKswCnj3GusJos,0.00,67002509245701	,用户提现,133.40,用户提现-退费单RF2026070212552727274,2026-07-02 12:57:01,用户提现,
olAFl63uQcYR-O1SJsIkyS8rJtTk,107.30,67482504281098	,订单退费转入,107.30,系统处理工单时转移用户余额，订单号=WS2026030815453743425,2026-07-02 12:55:44,SYS,
olAFl66x1UP4s-DKswCnj3GusJos,133.40,67002509245701	,订单退费转入,133.40,系统处理工单时转移用户余额，订单号=WS2026052918223797656,2026-07-02 12:55:27,SYS,
olAFl63A6LC0TBeiFsw7_7sjOGJA,0.00,867061075529291	,用户提现,202.00,用户提现-退费单RF2026070212440577449,2026-07-02 12:44:37,用户提现,
olAFl63A6LC0TBeiFsw7_7sjOGJA,202.00,867061075529291	,订单退费转入,202.00,工单系统流量套餐退款 本单会员价格20.00元，不能退款,2026-07-02 12:44:06,SYS,
olAFl6yzuPTg-GYZOATvMe8OF7Wg,0.00,58812351012863	,用户提现,160.20,用户提现-退费单RF2026070212401589578,2026-07-02 12:41:37,用户提现,
olAFl6yzuPTg-GYZOATvMe8OF7Wg,160.20,58812351012863	,订单退费转入,160.20,系统处理工单时转移用户余额，订单号=WS2026062621131749750,2026-07-02 12:40:16,SYS,
olAFl6_D3FhYp1s0ddqfwJpw1AEU,0.00,70032621090468	,用户提现,479.00,用户提现-退费单RF2026070121322150258,2026-07-02 12:35:19,用户提现,
olAFl6945KWqnpkh35k7YT7wvzPc,0.00,70032617033331	,用户提现,172.20,用户提现-退费单RF2026070212205721963,2026-07-02 12:22:42,用户提现,
olAFl6945KWqnpkh35k7YT7wvzPc,172.20,70032617033331	,订单退费转入,172.20,系统处理工单时转移用户余额，订单号=WS2026060519274665794,2026-07-02 12:20:57,SYS,
olAFl6-fej1Zrf_XHiRPCagWmX34,0.00,68772612331235	,用户提现,106.30,用户提现-退费单RF2026070212142333382,2026-07-02 12:15:06,用户提现,
olAFl6-fej1Zrf_XHiRPCagWmX34,106.30,68772612331235	,订单退费转入,106.30,系统处理工单时转移用户余额，订单号=WS2026041805423359728,2026-07-02 12:14:23,SYS,
ojb7F2EnJZGEUZDm18MMg3mghXdU,11.00,70032617029671	,订单退费转入,11.00,工单系统流量套餐退款,2026-07-02 12:13:06,SYS,
olAFl68AfwjMO1iMUAaI9DwCMupE,0.00,68772550177764	,用户提现,106.60,用户提现-退费单RF2026062603153875719,2026-07-02 11:53:15,用户提现,
olAFl69oylnch89ludcUFScxajPA,219.00,68772612355267	,订单退费转入,219.00,工单系统流量套餐退款,2026-07-02 11:53:00,SYS,
olAFl67Ta8QCNSNo_oZpx7uiuEhI,30.00,68772610300656	,订单退费转入,30.00,工单系统流量套餐退款,2026-07-02 11:32:51,SYS,
ojb7F2OMcvqYg7HBzRlX4wqX6VPM,599.00,69212621218290	,订单退费转入,599.00,工单系统流量套餐退款,2026-07-02 11:24:54,SYS,
olAFl61cMdm6STVcpOHQun6aUFmE,9.10,67492603605265	,订单退费转入,9.10,系统处理工单时转移用户余额，订单号=WN2026030111570557193,2026-07-02 11:09:11,SYS,
olAFl6wD8qk-8iGd8qrSWjrUAZAE,0.00,67482503251629	,用户提现,96.40,用户提现-退费单RF2026070203153081519 微信退款失败：当前商户号暂不能进行“资金付款类”相关业务操作，可前往“微信支付商家助手”小程序 >“业务受限处理”了解原因,2026-07-02 11:08:40,用户提现,
ojb7F2EmgfOO91qA5gIgGOQKx_Dg,0.00,69212621217509	,用户提现,46.00,用户提现-退费单RF2026063022141545435,2026-07-02 11:06:58,用户提现,
olAFl6xzsZgvmxdSCfSFqo84CCG8,0.00,68932546039286	,用户提现,111.00,用户提现-退费单RF2026070211015542535,2026-07-02 11:03:19,用户提现,
olAFl6x97XJI3HR3WfKOQ-2O4ldw,0.00,68772602226443	,用户提现,42.00,用户提现-退费单RF2026070211013784047,2026-07-02 11:02:20,用户提现,
olAFl6xzsZgvmxdSCfSFqo84CCG8,111.00,68932546039286	,订单退费转入,111.00,工单系统流量套餐退款,2026-07-02 11:01:55,SYS,
olAFl6x97XJI3HR3WfKOQ-2O4ldw,42.00,68772602226443	,订单退费转入,42.00,系统处理工单时转移用户余额，订单号=WN2026031018533244535,2026-07-02 11:01:38,SYS,
olAFl6x2bVfxVzjk7BpZiDI4sYfg,0.00,67512515166807	,用户提现,209.90,用户提现-退费单RF2026052903154170473,2026-07-02 10:52:59,用户提现,
olAFl615_YoUkIwvAmFu3KLKmJn4,0.00,68772610299719	,用户提现,122.20,用户提现-退费单RF2026070210235768596 微信退款失败：当前商户号暂不能进行“资金付款类”相关业务操作，可前往“微信支付商家助手”小程序 >“业务受限处理”了解原因,2026-07-02 10:44:11,用户提现,
ojb7F2PSA0yTwA-PfJfgtJNiYKR0,172.20,69212621224893	,订单退费转入,172.20,系统处理工单时转移用户余额，订单号=WS2026062313201342286,2026-07-02 10:32:09,SYS,
olAFl6zIkvg9wlCrHxCnGcvJijX4,0.00,68772537091596	,用户提现,97.70,用户提现-退费单RF2026070210244768788,2026-07-02 10:29:45,用户提现,
olAFl6_K5kDO722s2wKQV9LM-EYY,0.00,67002535359279	,用户提现,40.60,用户提现-退费单RF2026063019281212624,2026-07-02 10:26:31,用户提现,
olAFl62MCPvnfQHse1HgtSfbS2QQ,0.00,68772539118305	,用户提现,87.00,用户提现-退费单RF2026070210004914362,2026-07-02 10:24:48,用户提现,
olAFl6zIkvg9wlCrHxCnGcvJijX4,97.70,68772537091596	,订单退费转入,97.70,系统处理工单时转移用户余额，订单号=WS2025112620310935940,2026-07-02 10:24:48,SYS,
olAFl615_YoUkIwvAmFu3KLKmJn4,122.20,68772610299719	,订单退费转入,122.20,系统处理工单时转移用户余额，订单号=WS2026042010265965022,2026-07-02 10:23:58,SYS,
olAFl62tR2OLcue0e_SeWM118tRQ,0.00,67482512344401	,用户提现,66.00,用户提现-退费单RF2026070210192062016,2026-07-02 10:20:25,用户提现,
olAFl62tR2OLcue0e_SeWM118tRQ,66.00,67482512344401	,订单退费转入,66.00,系统处理工单时转移用户余额，订单号=WS2025122410410141049,2026-07-02 10:19:21,SYS,
olAFl67bnw_kLsULtH2GtlRhBHAs,0.00,67492552543807	,用户提现,300.00,用户提现-退费单RF2026070103151073971,2026-07-02 10:16:17,用户提现,
olAFl66IYoxFgBgp6emG92Kik1Wg,0.00,67482610411417	,用户提现,69.00,用户提现-退费单RF2026070210074745217,2026-07-02 10:09:25,用户提现,
olAFl66IYoxFgBgp6emG92Kik1Wg,69.00,67482610411417	,订单退费转入,69.00,工单系统流量套餐退款,2026-07-02 10:07:47,SYS,
olAFl62MCPvnfQHse1HgtSfbS2QQ,87.00,68772539118305	,订单退费转入,87.00,工单系统流量套餐退款,2026-07-02 10:00:49,SYS,
olAFl69bMY78ggy8zEEbfQLBjY7s,128.00,67482503252068	,订单退费转入,128.00,系统处理工单时转移用户余额，订单号=WS2026061921552228164,2026-07-02 09:59:15,SYS,
olAFl6zON5bFebFm-_rj-_smtdN0,72.00,867061073582060	,订单退费转入,72.00,工单系统流量套餐退款 本单会员价格20.00元，不能退款 组合支付：微信退费 72.00,2026-07-02 09:20:32,SYS,
ojb7F2B7Nx42JOhQZaVjWEaMmVdQ,0.00,69212552125976	,用户提现,180.00,用户提现-退费单RF2026070209125808733,2026-07-02 09:15:23,用户提现,
ojb7F2B7Nx42JOhQZaVjWEaMmVdQ,180.00,69212552125976	,订单退费转入,180.00,系统处理工单时转移用户余额，订单号=WS2026062715401584638,2026-07-02 09:12:58,SYS,
ojb7F2HEq_htP1Uj8_iDAf79Pb4s,0.00,68032536029849	,用户提现,29.00,用户提现-退费单RF2026070123312863954,2026-07-02 09:07:00,用户提现,
olAFl65oKOULnDzQ9Ra42OZKuEVc,179.00,70032617027585	,订单退费转入,179.00,工单系统流量套餐退款,2026-07-02 09:02:08,SYS,
olAFl68gBa8zrAnvw9_K0_k79AKo,0.00,67492538522433	,用户提现,50.20,用户提现-退费单RF2026051303152233,2026-07-02 08:45:53,用户提现,
olAFl6xZ7jmTvMXS3o2-TxL8ARmE,0.00,68932550044803	,用户提现,29.00,用户提现-退费单RF2026070120232661037,2026-07-02 08:35:37,用户提现,
olAFl64pe5NuArSZn_H5CVCX4HNg,19.80,67482610418513	,订单退费转入,19.80,系统处理工单时转移用户余额，订单号=WS2026041414184403499,2026-07-02 07:47:39,SYS,
olAFl60M-quLPxfzwF5w1qNT7MqI,3.90,68772539110412	,订单退费转入,3.90,系统处理工单时转移用户余额，订单号=WS2025101117422035977,2026-07-02 03:15:32,SYS,
olAFl6wD8qk-8iGd8qrSWjrUAZAE,96.40,67482503251629	,订单退费转入,96.40,系统处理工单时转移用户余额，订单号=WS2026010401403662680,2026-07-02 03:15:31,SYS,
olAFl61AhUKMcEF5tET0IFXScNNA,52.00,67482513395295	,订单退费转入,52.00,系统处理工单时转移用户余额，订单号=WS2025082310194528722,2026-07-02 03:15:31,SYS,
olAFl6832S7csYlMfP30T_51FSfk,108.00,67492538514142	,订单退费转入,108.00,系统处理工单时转移用户余额，订单号=WS2025110812243553619,2026-07-02 03:15:29,SYS,
ojb7F2NxjU502TaUf8TJMXp7O53o,109.00,70032617034502	,订单退费转入,109.00,工单系统流量套餐退款 本单会员价格20.00元，不能退款,2026-07-02 03:15:29,SYS,
olAFl6yjneXTEkIxK81HrGjMNBQ4,10.50,67482504272724	,订单退费转入,10.50,系统处理工单时转移用户余额，订单号=WS2025070912231493831,2026-07-02 03:15:29,SYS,
olAFl63Ml5R6Lqzr46_qi_jPip7w,54.70,63272426054668	,订单退费转入,54.70,工单系统流量套餐退款 组合支付：微信退费 54.70,2026-07-02 03:15:29,SYS,
olAFl61uMhAsf5Xl9XaJh36hD09A,11.80,63272421034887	,订单退费转入,11.80,系统处理工单时转移用户余额，订单号=WS2026013014330728378,2026-07-02 03:15:27,SYS,
olAFl67UUtHHTu5iR3BVUayTSadM,179.00,68772550197943	,订单退费转入,179.00,工单系统流量套餐退款,2026-07-02 03:15:27,SYS,
olAFl67xjuyD0Sw1KQQv_Vt6chlE,85.30,864665064585271	,订单退费转入,85.30,系统处理工单时转移用户余额，订单号=WS2026041610382030616,2026-07-02 03:15:27,SYS,
olAFl64Yy3Lvp55UYGbLoICFiMJU,44.60,58482351163503	,订单退费转入,44.60,系统处理工单时转移用户余额，订单号=WS2026021523434160432,2026-07-02 03:15:25,SYS,
olAFl60hFMAN0VtLkMjTMW6NPoTk,85.00,67482610412815	,订单退费转入,85.00,工单系统审核退费单-套餐已作废/钱包已清零,2026-07-02 03:15:25,SYS,
olAFl6yKsMnwToZPA6ruEhbrc4yo,110.80,67482449087575	,订单退费转入,110.80,系统处理工单时转移用户余额，订单号=WS2026040119364454344,2026-07-02 03:15:25,SYS,
olAFl664XnnNb0W4v2dzb-9ov3zI,59.00,68932612066862	,订单退费转入,59.00,工单系统流量套餐退款,2026-07-02 03:15:25,SYS,
olAFl69xJAIJMK912-uhChywzhoE,36.30,69212536000622	,订单退费转入,36.30,工单系统流量套餐退款,2026-07-02 03:15:25,SYS,
odELQ6qYa55lq-p6GZrBazNRli78,299.00,67682453007144	,订单退费转入,299.00,工单系统流量套餐退款,2026-07-02 03:15:25,SYS,
olAFl64YKOEo4RqMoEXIywjniKCI,90.00,69212612182302	,订单退费转入,90.00,工单系统流量套餐退款 本单会员价格20.00元，不能退款,2026-07-02 03:15:25,SYS,
olAFl6xsJwI18dthIkoborwN5NOc,94.00,60992437004624	,订单退费转入,94.00,工单系统流量套餐退款,2026-07-02 03:15:25,SYS,
olAFl66rcFoTEAw33jclls9oi8KE,103.60,68772604274210	,订单退费转入,103.60,系统处理工单时转移用户余额，订单号=WS2026050212005272979,2026-07-02 03:15:23,SYS,
olAFl6zBgItbP7Ze6H1KKvGVJUfo,180.00,69212612169611	,订单退费转入,180.00,系统处理工单时转移用户余额，订单号=WS2026061115035011610,2026-07-02 03:15:23,SYS,
oyoJU7BOEDxyq_VcMyKQbgqyzeCA,28.16,86002606018455	,订单退费转入,28.16,工单系统流量套餐退款,2026-07-02 03:15:23,SYS,
olAFl6-KfUSkHks0Nqkdqb16Q9fk,66.00,68772543150941	,订单退费转入,66.00,系统处理工单时转移用户余额，订单号=WS2025121014324881371,2026-07-02 03:15:21,SYS,
olAFl6zq6ee_18VMcOg92XNRCT78,20.60,86132353171552	,订单退费转入,20.60,系统处理工单时转移用户余额，订单号=WS2025122820384512827,2026-07-02 03:15:21,SYS,
olAFl61QDQQhbVk3Y9IMtr2CWJcc,66.00,68772539115668	,订单退费转入,66.00,系统处理工单时转移用户余额，订单号=WS2025112911265361090,2026-07-02 03:15:19,SYS,
olAFl69QWtN0kgI6XYtClEV8Gw6U,27.10,67512535288839	,订单退费转入,27.10,系统处理工单时转移用户余额，订单号=WS2025100518003104875,2026-07-02 03:15:19,SYS,
olAFl67O01VBXOBr45plnoGKvyXA,31.00,68772602222762	,订单退费转入,31.00,工单系统流量套餐退款,2026-07-02 03:15:19,SYS,
olAFl6zJRwJ3Q7fpUjBT7Q4uWFvQ,22.00,68772602218859	,订单退费转入,22.00,系统处理工单时转移用户余额，订单号=WN2026020120433988083,2026-07-02 03:15:17,SYS,
olAFl6ySp36PSDGyngu_2Jk6x6jk,46.60,69212602147437	,订单退费转入,46.60,系统处理工单时转移用户余额，订单号=WS2026031613103815623,2026-07-02 03:15:17,SYS,
olAFl6wx5TsaO2_Q7ycynw7oehGY,26.10,67482448049621	,订单退费转入,26.10,系统处理工单时转移用户余额，订单号=WN2025111511123778284,2026-07-02 03:15:15,SYS,
olAFl6wdVWio389B56SRRSNHwkkc,160.00,60912432189074	,订单退费转入,160.00,系统处理工单时转移用户余额，订单号=WS2026042220263242987,2026-07-02 03:15:15,SYS,
olAFl6wdVWio389B56SRRSNHwkkc,209.50,60912432189074	,订单退费转入,49.50,系统处理工单时转移用户余额，订单号=WS2025082817215280134,2026-07-02 03:15:15,SYS,
olAFl6yqRJs1CCGwwu0EzFunD9B0,379.00,58812351004419	,订单退费转入,379.00,工单系统流量套餐退款,2026-07-02 03:15:15,SYS,
o4p3p63EJXvR1Ed8tPT-BqFnr02w,290.00,867921073625260	,订单退费转入,290.00,工单系统流量套餐退款,2026-07-02 03:15:15,SYS,
olAFl6xDJNJ5YOnNAAdBiXenvY34,100.30,67492509464984	,订单退费转入,100.30,系统处理工单时转移用户余额，订单号=WS2026010509314509336,2026-07-02 03:15:13,SYS,
olAFl6zx7R5mXWXWWvbzp2Aogcnw,6.80,60912432193877	,订单退费转入,6.80,系统处理工单时转移用户余额，订单号=WS2025070411562475176,2026-07-02 03:15:13,SYS,
olAFl69vWphreJjgum5UiRLGNeO8,34.00,68772522034645	,订单退费转入,34.00,系统处理工单时转移用户余额，订单号=WS2025073109004536240,2026-07-02 03:15:11,SYS,
ojb7F2EqCdRAwn5VT3CO4HswQS2E,172.20,69142620029556	,订单退费转入,172.20,系统处理工单时转移用户余额，订单号=WS2026052407032599594,2026-07-02 03:15:11,SYS,
olAFl6_UIE2Kgto5Nf7sCuVgSrC8,39.00,70032611014248	,订单退费转入,39.00,工单系统流量套餐退款,2026-07-02 03:15:11,SYS,
olAFl61wMwdAEuAvpHON9QtuLjH8,192.00,68772538104404	,订单退费转入,192.00,工单系统流量套餐退款 本单会员价格20.00元，不能退款,2026-07-02 03:15:11,SYS,
ojb7F2HNtdbDagwUw5qZjv7q0gW8,29.00,69142620029708	,订单退费转入,29.00,工单系统流量套餐退款,2026-07-02 03:15:09,SYS,
olAFl6yfwidD_hO4eSBdQLvyl_-A,0.00,67492603605036	,用户提现,239.00,用户提现-退费单RF2026070123504558642,2026-07-01 23:58:08,用户提现,
olAFl6yfwidD_hO4eSBdQLvyl_-A,239.00,67492603605036	,订单退费转入,239.00,工单系统流量套餐退款,2026-07-01 23:50:46,SYS,
ojb7F2HEq_htP1Uj8_iDAf79Pb4s,29.00,68032536029849	,订单退费转入,29.00,工单系统流量套餐退款,2026-07-01 23:31:29,SYS,
olAFl6_Syp48qcr6g9C9xwop8nx8,0.00,864665064606804	,用户提现,151.50,用户提现-退费单RF2026070122244284667,2026-07-01 22:26:05,用户提现,
olAFl6_Syp48qcr6g9C9xwop8nx8,151.50,864665064606804	,订单退费转入,151.50,系统处理工单时转移用户余额，订单号=WS2026061423181415311,2026-07-01 22:24:43,SYS,
olAFl6xTt0dMOBq39gfdErlgHsZk,0.00,67002535363374	,用户提现,68.20,用户提现-退费单RF2026070112323920668,2026-07-01 22:24:36,用户提现,
ojb7F2KonSfkulrvvaD7Up1jZ8D8,0.00,69142620029132	,用户提现,164.40,用户提现-退费单RF2026070122102009982,2026-07-01 22:12:11,用户提现,
ojb7F2KonSfkulrvvaD7Up1jZ8D8,164.40,69142620029132	,订单退费转入,164.40,系统处理工单时转移用户余额，订单号=WS2026052415474088087,2026-07-01 22:10:20,SYS,
olAFl6wNV1BYkRPb_axbjlz0VTbE,0.00,67492442206017	,用户提现,120.40,用户提现-退费单RF2026070103152247495,2026-07-01 21:45:54,用户提现,
olAFl6-TGqo1-fPOByR4OjZJqrXY,0.00,67862539051682	,用户提现,103.80,用户提现-退费单RF2026070121423431511,2026-07-01 21:44:22,用户提现,
olAFl60YqRgdceYf3URjAtC8DLF4,0.00,67492509448017	,用户提现,179.00,用户提现-退费单RF2026070114003503940,2026-07-01 21:43:41,用户提现,
olAFl6-TGqo1-fPOByR4OjZJqrXY,103.80,67862539051682	,订单退费转入,103.80,工单系统流量套餐退款 组合支付：微信退费 103.80,2026-07-01 21:42:34,SYS,
olAFl65IxgSMvt1gvevtNDYyIpPU,0.00,69212602136459	,用户提现,46.00,用户提现-退费单RF2026070121343686232,2026-07-01 21:35:23,用户提现,
olAFl65IxgSMvt1gvevtNDYyIpPU,46.00,69212602136459	,订单退费转入,46.00,工单系统流量套餐退款,2026-07-01 21:34:37,SYS,
olAFl6_D3FhYp1s0ddqfwJpw1AEU,479.00,70032621090468	,订单退费转入,479.00,工单系统流量套餐退款,2026-07-01 21:32:22,SYS,
olAFl662GB4w2J0hirlh9MVbJ5LQ,0.00,67492442215595	,用户提现,172.20,用户提现-退费单RF2026070121251983874,2026-07-01 21:25:26,用户提现,
olAFl662GB4w2J0hirlh9MVbJ5LQ,172.20,67492442215595	,订单退费转入,172.20,系统处理工单时转移用户余额，订单号=WS2026053008230437494,2026-07-01 21:25:20,SYS,
olAFl63iwygkTY7NOlHQRmscah4g,0.00,864665065603909	,用户提现,170.40,用户提现-退费单RF2026070121221671530,2026-07-01 21:24:03,用户提现,
olAFl63iwygkTY7NOlHQRmscah4g,170.40,864665065603909	,订单退费转入,170.40,系统处理工单时转移用户余额，订单号=WS2026061219555620664,2026-07-01 21:22:17,SYS,
olAFl6zGeoXl9S3qkTQCgYBpqllM,0.00,69212621220325	,用户提现,172.20,用户提现-退费单RF2026070120325277682,2026-07-01 20:41:46,用户提现,
olAFl64J0XtZ1SHNWB_8IExfcYBA,0.00,69212536018792	,用户提现,73.00,用户提现-退费单RF2026062603153763921,2026-07-01 20:37:44,用户提现,
olAFl6zGeoXl9S3qkTQCgYBpqllM,172.20,69212621220325	,订单退费转入,172.20,系统处理工单时转移用户余额，订单号=WS2026062310331403646,2026-07-01 20:32:53,SYS,
olAFl6zo9H89zs1VZumKtOGjtsEo,0.00,68772547168230	,用户提现,113.20,用户提现-退费单RF2026070120301474867,2026-07-01 20:31:19,用户提现,
olAFl6zo9H89zs1VZumKtOGjtsEo,113.20,68772547168230	,订单退费转入,113.20,系统处理工单时转移用户余额，订单号=WS2026011916533321259,2026-07-01 20:30:15,SYS,
olAFl611hnSHOY-Z3x_ptY8USeH4,0.00,68032504009816	,用户提现,49.00,用户提现-退费单RF2026070103152252915,2026-07-01 20:28:55,用户提现,
olAFl6wUvSazuiM2-5nDR9pRBv3I,0.00,67002452075089	,用户提现,83.50,用户提现-退费单RF2026070120245553132,2026-07-01 20:27:52,用户提现,
olAFl6wUvSazuiM2-5nDR9pRBv3I,83.50,67002452075089	,订单退费转入,83.50,系统处理工单时转移用户余额，订单号=WS2026033013060507590,2026-07-01 20:24:56,SYS,
olAFl6xZ7jmTvMXS3o2-TxL8ARmE,29.00,68932550044803	,订单退费转入,29.00,工单系统流量套餐退款 组合支付：微信退费 29.00,2026-07-01 20:23:27,SYS,
olAFl62CHf_6psE1-cjdSyk_Gp_E,0.00,69142620024644	,用户提现,162.40,用户提现-退费单RF2026070103151486840,2026-07-01 20:06:09,用户提现,
olAFl60MNvF8dEzJe77Y_DrtxTy4,0.00,70032617032711	,用户提现,58.00,用户提现-退费单RF2026070118280368780,2026-07-01 20:00:48,用户提现,
olAFl62F0ZYnzNPZcq83SgzXQbm4,0.00,67482454160490	,用户提现,160.10,用户提现-退费单RF2026070119342043646,2026-07-01 19:38:20,用户提现,
olAFl62F0ZYnzNPZcq83SgzXQbm4,160.10,67482454160490	,订单退费转入,160.10,系统处理工单时转移用户余额，订单号=WS2026063011312231951,2026-07-01 19:34:20,SYS,
olAFl63W8sHvXUc6xeGtxKRn7S7o,144.20,67862447017473	,订单退费转入,144.20,工单系统流量套餐退款,2026-07-01 19:23:37,SYS,
olAFl6zzyzUIWw5ILPA6TCuNHQss,0.00,68772539111069	,用户提现,29.00,用户提现-退费单RF2026070118582285162,2026-07-01 19:15:42,用户提现,
ojb7F2PQkXQ_GGkh-t_cRfRgKbhU,549.00,69212621225729	,订单退费转入,549.00,工单系统流量套餐退款,2026-07-01 19:00:02,SYS,
olAFl6xB6C8JJWpbjUl63BYPI5-A,0.00,68772610297895	,用户提现,351.00,用户提现-退费单RF2026070103152259853,2026-07-01 18:59:09,用户提现,
olAFl6zzyzUIWw5ILPA6TCuNHQss,29.00,68772539111069	,订单退费转入,29.00,工单系统流量套餐退款,2026-07-01 18:58:23,SYS,
olAFl6wqLN5QzspkWuAJdmZcEL-I,0.00,67492538510586	,用户提现,107.20,用户提现-退费单RF2026070118440660984,2026-07-01 18:51:12,用户提现,
ojb7F2MsjWYJRDQ2ruQGHB9o0NWY,0.00,69212621215316	,用户提现,212.00,用户提现-退费单RF2026063018454176552,2026-07-01 18:48:28,用户提现,
olAFl66Wbj0717T-7BbQRCHSomr0,0.00,864665064497121	,用户提现,239.00,用户提现-退费单RF2026070118464975853,2026-07-01 18:48:10,用户提现,
olAFl66Wbj0717T-7BbQRCHSomr0,239.00,864665064497121	,订单退费转入,239.00,工单系统流量套餐退款,2026-07-01 18:46:50,SYS,
olAFl6wqLN5QzspkWuAJdmZcEL-I,107.20,67492538510586	,订单退费转入,107.20,系统处理工单时转移用户余额，订单号=WS2025112418210038527,2026-07-01 18:44:07,SYS,
olAFl61baD98e-wfFBU_YwX5g5zE,0.00,86132414261465	,用户提现,51.00,用户提现-退费单RF2026070118414767697,2026-07-01 18:42:39,用户提现,
olAFl61baD98e-wfFBU_YwX5g5zE,51.00,86132414261465	,订单退费转入,51.00,工单系统流量套餐退款,2026-07-01 18:41:48,SYS,
olAFl68IjskguWWWOx1knpiXPRAk,0.00,58812421072068	,用户提现,46.10,用户提现-退费单RF2026063016141799342,2026-07-01 18:34:10,用户提现,
olAFl60MNvF8dEzJe77Y_DrtxTy4,58.00,70032617032711	,订单退费转入,58.00,工单系统流量套餐退款,2026-07-01 18:28:04,SYS,
olAFl60dbG9aJ_nT3SzguNRkUTjs,0.00,67512443067656	,用户提现,76.70,用户提现-退费单RF2026070118232551162,2026-07-01 18:25:33,用户提现,
olAFl60dbG9aJ_nT3SzguNRkUTjs,76.70,67512443067656	,订单退费转入,76.70,系统处理工单时转移用户余额，订单号=WS2026021921524057111,2026-07-01 18:23:26,SYS,
ojb7F2MTTEECjMTzh_AHcg-2PURk,0.00,70032617030183	,用户提现,109.00,用户提现-退费单RF2026070118170252830,2026-07-01 18:17:38,用户提现,
ojb7F2MTTEECjMTzh_AHcg-2PURk,109.00,70032617030183	,订单退费转入,109.00,工单系统流量套餐退款,2026-07-01 18:17:03,SYS,
olAFl65X20kJamtAWXPSU-1A-r3U,0.00,69212612177233	,用户提现,104.30,用户提现-退费单RF2026070117545647137,2026-07-01 18:12:48,用户提现,
olAFl60BZPVk5V00Lne6sdv2_MRc,0.00,867061070085851	,用户提现,99.20,用户提现-退费单RF2026070117433566774,2026-07-01 17:57:40,用户提现,
olAFl65X20kJamtAWXPSU-1A-r3U,104.30,69212612177233	,订单退费转入,104.30,系统处理工单时转移用户余额，订单号=WS2026051715250407582,2026-07-01 17:54:56,SYS,
olAFl66yeKq6RY1cSW7e7GU-sNMY,115.30,68772550176757	,订单退费转入,115.30,系统处理工单时转移用户余额，订单号=WS2026010614470340222,2026-07-01 17:46:52,SYS,
olAFl68PB1JaOJJAZ1naFWTJRtS4,0.00,69212538043320	,用户提现,85.50,用户提现-退费单RF2026070117402884215,2026-07-01 17:44:00,用户提现,
olAFl60BZPVk5V00Lne6sdv2_MRc,99.20,867061070085851	,订单退费转入,99.20,系统处理工单时转移用户余额，订单号=WS2026022113081486177,2026-07-01 17:43:36,SYS,
olAFl68PB1JaOJJAZ1naFWTJRtS4,85.50,69212538043320	,订单退费转入,85.50,系统处理工单时转移用户余额，订单号=WS2026013123373102288,2026-07-01 17:40:29,SYS,
olAFl61GT700KgZjRmHFYK_V-Cg0,0.00,63272426058155	,用户提现,91.50,用户提现-退费单RF2026070103152429946,2026-07-01 17:38:29,用户提现,
olAFl61-t4V0P40-hbV-nw4nUBCY,0.00,69142620030365	,用户提现,138.40,用户提现-退费单RF2026070117003549991,2026-07-01 17:07:53,用户提现,
olAFl61-t4V0P40-hbV-nw4nUBCY,138.40,69142620030365	,订单退费转入,138.40,系统处理工单时转移用户余额，订单号=WS2026060310493181753,2026-07-01 17:00:36,SYS,
olAFl68ekXgXldNlLHNoxhow10kY,0.00,69212602132936	,用户提现,111.30,用户提现-退费单RF2026070103151479443,2026-07-01 16:52:29,用户提现,
ojb7F2BTH-uhyMSpTGxHxRyMiC6M,179.00,69212621222161	,订单退费转入,179.00,工单系统流量套餐退款,2026-07-01 16:49:41,SYS,
olAFl66Caf0p9uJAwSM0ZXzitRWk,0.00,69212621217349	,用户提现,151.20,用户提现-退费单RF2026063013180434757,2026-07-01 16:48:19,用户提现,
ojb7F2MSwvoEX7yXx-y0QyfMMiQA,174.00,68772612333927	,订单退费转入,174.00,工单系统流量套餐退款 本单会员价格20.00元，不能退款,2026-07-01 16:47:45,SYS,
olAFl6zxFOTiyl3ENthBuafl0fl0,154.20,86132405200194	,订单退费转入,154.20,系统处理工单时转移用户余额，订单号=WS2026060915280131420,2026-07-01 16:30:38,SYS,
olAFl61-Km4Bnu9O4rGWvUHvUAXQ,0.00,69212612187904	,用户提现,102.00,用户提现-退费单RF2026070116250082266,2026-07-01 16:29:00,用户提现,
ojb7F2I0rKuLDDGPYIGaj_GFi78Q,0.00,69212602144230	,用户提现,180.00,用户提现-退费单RF2026070116182974463,2026-07-01 16:27:47,用户提现,
o4p3p6_Nv4WZHCOdoHVJ4QgVOHVo,0.00,865405075535372	,用户提现,8.90,用户提现-退费单RF2026070116250001891,2026-07-01 16:27:28,用户提现,
olAFl666q86cPcVeXES5ta1xpL9I,0.00,69142529013429	,用户提现,173.00,用户提现-退费单RF2026070116255013678,2026-07-01 16:26:28,用户提现,
olAFl666q86cPcVeXES5ta1xpL9I,173.00,69142529013429	,订单退费转入,173.00,系统处理工单时转移用户余额，订单号=WS2026062714150719127,2026-07-01 16:25:50,SYS,
olAFl6_GGKWJyW2D7_A5GdVMOjF8,0.00,864665068138028	,用户提现,320.00,用户提现-退费单RF2026070116240438273,2026-07-01 16:25:15,用户提现,
olAFl61-Km4Bnu9O4rGWvUHvUAXQ,102.00,69212612187904	,订单退费转入,102.00,系统处理工单时转移用户余额，订单号=WS2026051012203864130,2026-07-01 16:25:01,SYS,
o4p3p6_Nv4WZHCOdoHVJ4QgVOHVo,8.90,865405075535372	,订单退费转入,8.90,工单系统流量套餐退款,2026-07-01 16:25:00,SYS,
olAFl6_GGKWJyW2D7_A5GdVMOjF8,320.00,864665068138028	,订单退费转入,320.00,工单系统流量套餐退款,2026-07-01 16:24:04,SYS,
ojb7F2I0rKuLDDGPYIGaj_GFi78Q,180.00,69212602144230	,订单退费转入,180.00,系统处理工单时转移用户余额，订单号=WS2026070112394222037,2026-07-01 16:18:30,SYS,
olAFl61gaM6epe5IL4x6xtOxEkhI,0.00,67492509464988	,用户提现,32.20,用户提现-退费单RF2026070116092658718,2026-07-01 16:10:39,用户提现,
olAFl66RhuZPdAEhvPqhYG-s_35g,0.00,68772513002441	,用户提现,106.00,用户提现-退费单RF2026061023522963351,2026-07-01 16:10:20,用户提现,
olAFl61gaM6epe5IL4x6xtOxEkhI,32.20,67492509464988	,订单退费转入,32.20,系统处理工单时转移用户余额，订单号=WN2026011217255508347,2026-07-01 16:09:27,SYS,
olAFl66-82FuCbFshd7ee0HB8Jr4,0.00,67482454190190	,用户提现,10.90,用户提现-退费单RF2026070115433526342,2026-07-01 15:48:14,用户提现,
olAFl66-82FuCbFshd7ee0HB8Jr4,10.90,67482454190190	,订单退费转入,10.90,系统处理工单时转移用户余额，订单号=WS2026012722280442385,2026-07-01 15:43:35,SYS,
olAFl61MHNgSrKjUU4LGMfMyiCkI,0.00,69212602144977	,用户提现,121.00,用户提现-退费单RF2026070103151889168,2026-07-01 15:42:06,用户提现,
olAFl6_9QjleMwN7twxgDKCLD_HY,0.00,867061074930193	,用户提现,133.90,用户提现-退费单RF2026070115344810435,2026-07-01 15:35:26,用户提现,
olAFl6_9QjleMwN7twxgDKCLD_HY,133.90,867061074930193	,订单退费转入,133.90,系统处理工单时转移用户余额，订单号=WS2026042618334385780,2026-07-01 15:34:48,SYS,
o2uAP6wQWpF8cKNAjA_7_stUXUbE,0.00,86338358	,用户提现,86.00,用户提现-退费单RF2026063020100368355,2026-07-01 15:18:09,用户提现,
olAFl66yZb7FHkSSCFMzke4xrHZc,0.00,864665068096960	,用户提现,49.00,用户提现-退费单RF2026070115042946885,2026-07-01 15:04:47,用户提现,
olAFl66yZb7FHkSSCFMzke4xrHZc,49.00,864665068096960	,订单退费转入,49.00,工单系统流量套餐退款,2026-07-01 15:04:29,SYS,
olAFl65nS981aEqBzOIXihC0hHMI,0.00,70032611015105	,用户提现,549.00,用户提现-退费单RF2026070115002246872,2026-07-01 15:00:38,用户提现,
olAFl65nS981aEqBzOIXihC0hHMI,549.00,70032611015105	,订单退费转入,549.00,工单系统流量套餐退款,2026-07-01 15:00:22,SYS,
olAFl66MBpBhryyO8F42q6DfJvLk,0.00,69212612181513	,用户提现,160.00,用户提现-退费单RF2026051416475626,2026-07-01 14:59:58,用户提现,
olAFl69MBF93KFk60snvDY0eVgAk,0.00,60912426125810	,用户提现,96.40,用户提现-退费单RF2026070114541780984,2026-07-01 14:54:32,用户提现,
olAFl69MBF93KFk60snvDY0eVgAk,96.40,60912426125810	,订单退费转入,96.40,系统处理工单时转移用户余额，订单号=WS2026041823422234040,2026-07-01 14:54:18,SYS,
ojb7F2LJrpa0VdWEFf7pTil7tub0,0.00,67492538516448	,用户提现,199.00,用户提现-退费单RF2026070114533041633,2026-07-01 14:53:58,用户提现,
ojb7F2LJrpa0VdWEFf7pTil7tub0,199.00,67492538516448	,订单退费转入,199.00,工单系统流量套餐退款,2026-07-01 14:53:30,SYS,
olAFl65JcpDrdO68ZYwx_YqYqsPA,3.00,70032617029332	,订单退费转入,3.00,工单系统流量套餐退款,2026-07-01 14:43:21,SYS,
o2uAP61KeIJHU94xJ1SDm0M4Xn_A,0.00,86353113	,用户提现,93.40,用户提现-退费单RF2026063014353688886,2026-07-01 14:35:19,用户提现,
olAFl671_NwMi9FGGF03574BW0hg,0.00,867061070753789	,用户提现,24.40,用户提现-退费单RF2026070114253727116,2026-07-01 14:28:56,用户提现,
olAFl67_Yg8khcRfkVxUWpFBUgtg,0.00,67482610419366	,用户提现,71.50,用户提现-退费单RF2026070113164264033,2026-07-01 14:26:46,用户提现,
olAFl671_NwMi9FGGF03574BW0hg,24.40,867061070753789	,订单退费转入,24.40,系统处理工单时转移用户余额，订单号=WN2026031520330810990,2026-07-01 14:25:37,SYS,
ojb7F2E68wwOXzJPX9fZwwBjcy0Q,0.00,70032617035944	,用户提现,27.80,用户提现-退费单RF2026070114110021270,2026-07-01 14:13:23,用户提现,
ojb7F2E68wwOXzJPX9fZwwBjcy0Q,27.80,70032617035944	,订单退费转入,27.80,工单系统流量套餐退款 组合支付：微信退费 27.80,2026-07-01 14:11:00,SYS,
olAFl6_Zb-BfMS4USt0kJnp288ek,0.00,68772604273649	,用户提现,69.50,用户提现-退费单RF2026070112534484254,2026-07-01 14:09:17,用户提现,
olAFl65GRicKxcgCKH0QA4f4dFwY,0.00,864665068988281	,用户提现,82.60,用户提现-退费单RF2026070103150380559,2026-07-01 14:05:42,用户提现,
olAFl60YqRgdceYf3URjAtC8DLF4,179.00,67492509448017	,订单退费转入,179.00,工单系统流量套餐退款 本单会员价格20.00元，不能退款,2026-07-01 14:00:35,SYS,
olAFl6zCgbRYndfwnCWnT825vUOI,0.00,67492609639449	,用户提现,59.30,用户提现-退费单RF2026070113580012030,2026-07-01 13:59:50,用户提现,
olAFl6zCgbRYndfwnCWnT825vUOI,59.30,67492609639449	,订单退费转入,59.30,系统处理工单时转移用户余额，订单号=WS2026042813574841441,2026-07-01 13:58:00,SYS,
olAFl6z6Iz2ckt6Zm0EFxa4r9vYM,22.00,68772604280394	,订单退费转入,22.00,工单系统流量套餐退款,2026-07-01 13:57:49,SYS,
olAFl68Vic6h-XjM8P9jWbLeLt-A,0.00,864665064481851	,用户提现,20.90,用户提现-退费单RF2026062322353951121,2026-07-01 13:56:56,用户提现,
olAFl66Je7oY5YXpEViHOr4E-ygQ,0.00,69212552124020	,用户提现,131.20,用户提现-退费单RF2026070113515904476,2026-07-01 13:53:08,用户提现,
olAFl66Je7oY5YXpEViHOr4E-ygQ,131.20,69212552124020	,订单退费转入,131.20,系统处理工单时转移用户余额，订单号=WS2026011914292319611,2026-07-01 13:51:59,SYS,
olAFl696dW5J5e6bgySsoTIZ2yH8,0.00,69212606153921	,用户提现,100.80,用户提现-退费单RF2026070113420026256,2026-07-01 13:44:54,用户提现,
olAFl686xAjPsfi9MdUfuYHxme4A,0.00,70032611014527	,用户提现,179.00,用户提现-退费单RF2026062110413290541,2026-07-01 13:43:02,用户提现,
olAFl696dW5J5e6bgySsoTIZ2yH8,100.80,69212606153921	,订单退费转入,100.80,系统处理工单时转移用户余额，订单号=WS2026030520352958355,2026-07-01 13:42:00,SYS,
olAFl6449IX0QUB3u7qCD_cerbo8,0.00,69212621225145	,用户提现,469.00,用户提现-退费单RF2026070108524772492,2026-07-01 13:39:21,用户提现,
ojb7F2JadZovJnyeXAvAguYaQ5so,0.00,69212612191402	,用户提现,88.00,用户提现-退费单RF2026070113373327166,2026-07-01 13:38:52,用户提现,
olAFl69HLfcwkmhzAMvnyPmJKpEk,0.00,67492610673095	,用户提现,34.50,用户提现-退费单RF2026070113381462023,2026-07-01 13:38:43,用户提现,
olAFl69HLfcwkmhzAMvnyPmJKpEk,34.50,67492610673095	,订单退费转入,34.50,系统处理工单时转移用户余额，订单号=WN2026051118230481268,2026-07-01 13:38:15,SYS,
ojb7F2JadZovJnyeXAvAguYaQ5so,88.00,69212612191402	,订单退费转入,88.00,工单系统流量套餐退款,2026-07-01 13:37:33,SYS,
olAFl67XygsvmH9ZRhoVs9t6JrnU,0.00,69212612176234	,用户提现,171.20,用户提现-退费单RF2026061418102726282,2026-07-01 13:35:20,用户提现,
olAFl6zspvJToOJdabzA-3DLhHH0,0.00,67862447016130	,用户提现,100.70,用户提现-退费单RF2026070113170898881,2026-07-01 13:18:01,用户提现,
olAFl6zspvJToOJdabzA-3DLhHH0,100.70,67862447016130	,订单退费转入,100.70,系统处理工单时转移用户余额，订单号=WS2026042213191269389,2026-07-01 13:17:09,SYS,
olAFl67_Yg8khcRfkVxUWpFBUgtg,71.50,67482610419366	,订单退费转入,71.50,系统处理工单时转移用户余额，订单号=WS2026033112273575673,2026-07-01 13:16:43,SYS,
olAFl65UrEqG0zvg3WGcOFIFwaIs,0.00,68772604276314	,用户提现,28.40,用户提现-退费单RF2026070112551420294,2026-07-01 13:11:21,用户提现,
olAFl6-hrXnYBRSNSVbf4R2M9KdU,0.00,67492445348373	,用户提现,160.00,用户提现-退费单RF2026070113051839281,2026-07-01 13:08:16,用户提现,
olAFl6-hrXnYBRSNSVbf4R2M9KdU,160.00,67492445348373	,订单退费转入,160.00,系统处理工单时转移用户余额，订单号=WS2026042120530777358,2026-07-01 13:05:18,SYS,
olAFl65UrEqG0zvg3WGcOFIFwaIs,28.40,68772604276314	,订单退费转入,28.40,系统处理工单时转移用户余额，订单号=WN2026042321141909128,2026-07-01 12:55:14,SYS,
olAFl6_Zb-BfMS4USt0kJnp288ek,69.50,68772604273649	,订单退费转入,69.50,系统处理工单时转移用户余额，订单号=WS2026032109471681999,2026-07-01 12:53:45,SYS,
olAFl64kpyzld1yj5Ni6mSvqSwSE,175.20,68772602216405	,订单退费转入,175.20,系统处理工单时转移用户余额，订单号=WS2026061023132590434,2026-07-01 12:53:30,SYS,
olAFl60kIvf5y4WOhlW9a6xH6oMQ,0.00,67492453369927	,用户提现,106.00,用户提现-退费单RF2026070112415884513,2026-07-01 12:42:34,用户提现,
olAFl60kIvf5y4WOhlW9a6xH6oMQ,106.00,67492453369927	,订单退费转入,106.00,工单系统流量套餐退款,2026-07-01 12:41:59,SYS,
olAFl6_QS00-I7H6H-UnhcNIQ5Is,0.00,67512448130960	,用户提现,49.00,用户提现-退费单RF2026070112370563776,2026-07-01 12:37:31,用户提现,
olAFl6_QS00-I7H6H-UnhcNIQ5Is,49.00,67512448130960	,订单退费转入,49.00,工单系统流量套餐退款,2026-07-01 12:37:06,SYS,
olAFl6xTt0dMOBq39gfdErlgHsZk,68.20,67002535363374	,订单退费转入,68.20,系统处理工单时转移用户余额，订单号=WS2025112021030886334,2026-07-01 12:32:39,SYS,
olAFl6wYtMWvRnE1turMSMBVd0DU,0.00,68032536033582	,用户提现,116.00,用户提现-退费单RF2026070112214864627,2026-07-01 12:25:15,用户提现,
olAFl6wYtMWvRnE1turMSMBVd0DU,116.00,68032536033582	,订单退费转入,116.00,系统处理工单时转移用户余额，订单号=WS2026020515363813557,2026-07-01 12:21:49,SYS,
olAFl620gJP-dI-kK_iuxA2TWbbg,0.00,68012239001905	,用户提现,49.00,用户提现-退费单RF2026070112193072010,2026-07-01 12:21:26,用户提现,
olAFl620gJP-dI-kK_iuxA2TWbbg,49.00,68012239001905	,订单退费转入,49.00,工单系统流量套餐退款,2026-07-01 12:19:31,SYS,
olAFl6-x6EmMjyREuyGrxdkU9KiE,97.60,67512534239812	,订单退费转入,97.60,系统处理工单时转移用户余额，订单号=WS2025111617401810617,2026-07-01 12:17:11,SYS,
olAFl6yKHYnhvvAxF3PFsx9b-ZSU,112.40,67482610425425	,订单退费转入,112.40,系统处理工单时转移用户余额，订单号=WS2026051113425032274,2026-07-01 12:16:36,SYS,
olAFl6z2Rs7IZciIkx4zL19wAh9Y,10.00,67002535363428	,订单退费转入,10.00,工单系统流量套餐退款,2026-07-01 12:13:13,SYS,
olAFl6xBaFuUQ0ueKRuhik13Ps48,0.00,67512523189570	,用户提现,80.80,用户提现-退费单RF2026070103152048463,2026-07-01 12:12:20,用户提现,
olAFl6y2UDtB9N83Fz-zlEs_BgUo,0.00,67482503252734	,用户提现,26.70,用户提现-退费单RF2026070112023259151,2026-07-01 12:07:56,用户提现,
olAFl6z-sTnt8XlxbwRsn07nvn5U,0.00,67482610423820	,用户提现,189.00,用户提现-退费单RF2026061022224967170,2026-07-01 12:07:23,用户提现,
olAFl6xg6JINLvN2qd1QyxZApRio,0.00,67512525203753	,用户提现,71.20,用户提现-退费单RF2026070112042022077,2026-07-01 12:04:51,用户提现,
olAFl6xg6JINLvN2qd1QyxZApRio,71.20,67512525203753	,订单退费转入,71.20,系统处理工单时转移用户余额，订单号=WN2026010813325760180,2026-07-01 12:04:20,SYS,
olAFl6zCTIgu0BC3cxZ2sSRmiNlY,0.00,67492442213172	,用户提现,108.80,用户提现-退费单RF2026070112020691253,2026-07-01 12:03:42,用户提现,
olAFl6y2UDtB9N83Fz-zlEs_BgUo,26.70,67482503252734	,订单退费转入,26.70,系统处理工单时转移用户余额，订单号=WS2026022416565785411,2026-07-01 12:02:33,SYS,
olAFl66ig2iR-MfdbDJ_jKu9PNFk,0.00,67512515168768	,用户提现,81.40,用户提现-退费单RF2026062516131805899,2026-07-01 12:02:08,用户提现,
olAFl6zCTIgu0BC3cxZ2sSRmiNlY,108.80,67492442213172	,订单退费转入,108.80,系统处理工单时转移用户余额，订单号=WS2026042815365111160,2026-07-01 12:02:07,SYS,
olAFl69JROPoY1pjovDLWnxAkEtw,0.00,67492609649869	,用户提现,55.70,用户提现-退费单RF2026070111482587837,2026-07-01 12:01:01,用户提现,
olAFl65OQ6MYucsmJpmNfjcXUSR4,0.00,67482449129150	,用户提现,52.00,用户提现-退费单RF2026063019424550980,2026-07-01 12:00:49,用户提现,
olAFl6yF8pXZrXqmbbGhaQuaJDC0,0.00,68772612330324	,用户提现,114.40,用户提现-退费单RF2026070112003512788,2026-07-01 12:00:47,用户提现,
olAFl6yF8pXZrXqmbbGhaQuaJDC0,114.40,68772612330324	,订单退费转入,114.40,系统处理工单时转移用户余额，订单号=WS2026051513523656347,2026-07-01 12:00:35,SYS,
olAFl610XrC7Ga1WZsj1fplgoR4g,0.00,67492603608346	,用户提现,114.40,用户提现-退费单RF2026062603153065825,2026-07-01 11:56:40,用户提现,
olAFl65AfFHdHqYZNy16V4jSORj0,0.00,67482610419305	,用户提现,48.80,用户提现-退费单RF2026070111502555245,2026-07-01 11:51:37,用户提现,
olAFl65AfFHdHqYZNy16V4jSORj0,48.80,67482610419305	,订单退费转入,48.80,系统处理工单时转移用户余额，订单号=WS2026032210510065163,2026-07-01 11:50:26,SYS,
olAFl69JROPoY1pjovDLWnxAkEtw,55.70,67492609649869	,订单退费转入,55.70,系统处理工单时转移用户余额，订单号=WS2026041814523715651,2026-07-01 11:48:26,SYS,
olAFl6132jW71gsh5y5AbFNPNn94,0.00,67492602589109	,用户提现,93.40,用户提现-退费单RF2026070111415050598,2026-07-01 11:42:40,用户提现,
olAFl6132jW71gsh5y5AbFNPNn94,93.40,67492602589109	,订单退费转入,93.40,系统处理工单时转移用户余额，订单号=WS2026050108590132416,2026-07-01 11:41:51,SYS,
olAFl6xzOEQn3oL83c0wZ10BoJQU,0.00,67492552547603	,用户提现,114.40,用户提现-退费单RF2026070111404638291,2026-07-01 11:41:49,用户提现,
olAFl6xzOEQn3oL83c0wZ10BoJQU,114.40,67492552547603	,订单退费转入,114.40,系统处理工单时转移用户余额，订单号=WS2026050515083626213,2026-07-01 11:40:46,SYS,
olAFl66LUd3IrzHSE6pZYFpCJMto,0.00,67492509484302	,用户提现,133.30,用户提现-退费单RF2026062603153762571,2026-07-01 11:38:45,用户提现,
olAFl6xgBMh8mZz_H5fnjBcN6XC0,0.00,67002523292894	,用户提现,169.00,用户提现-退费单RF2026070111210492088,2026-07-01 11:37:45,用户提现,
olAFl6wKBKLtqff6EmGwmaTabcwo,0.00,67492509466008	,用户提现,76.00,用户提现-退费单RF2026070111324501976,2026-07-01 11:33:30,用户提现,
olAFl6wKBKLtqff6EmGwmaTabcwo,76.00,67492509466008	,订单退费转入,76.00,系统处理工单时转移用户余额，订单号=WS2026031921142252071,2026-07-01 11:32:45,SYS,
olAFl6-ODz_SpQt4wZ-bNUw3qCVs,100.60,67492445306266	,订单退费转入,100.60,系统处理工单时转移用户余额，订单号=WS2026041123093299338,2026-07-01 11:32:02,SYS,
olAFl663LHbIG-wzWO61DfKhetwo,0.00,67002447023861	,用户提现,42.90,用户提现-退费单RF2026063009433111954,2026-07-01 11:31:25,用户提现,
olAFl6xBQPRHgNLKh0SdSI9v2Zh4,0.00,67482610421158	,用户提现,60.10,用户提现-退费单RF2026070111214814715,2026-07-01 11:29:04,用户提现,
olAFl69_GM4v5cie5Ess9T3xzRyw,0.00,70032611012842	,用户提现,144.40,用户提现-退费单RF2026070111270681841,2026-07-01 11:27:53,用户提现,
olAFl69_GM4v5cie5Ess9T3xzRyw,144.40,70032611012842	,订单退费转入,144.40,系统处理工单时转移用户余额，订单号=WS2026052009201220929,2026-07-01 11:27:07,SYS,
olAFl64KoTTkIyFh5gYSOZDmIgR8,0.00,60912432193731	,用户提现,71.70,用户提现-退费单RF2026052903151491569,2026-07-01 11:26:33,用户提现,
olAFl690KT-QmmvuJVV1DHHsZoe8,0.00,69212612173561	,用户提现,172.20,用户提现-退费单RF2026070103150622612,2026-07-01 11:25:45,用户提现,
olAFl62QANqelzqTUFJXW4Lj3Cjo,0.00,67512525200347	,用户提现,162.10,用户提现-退费单RF2026062909180670842,2026-07-01 11:24:06,用户提现,
olAFl6xBQPRHgNLKh0SdSI9v2Zh4,60.10,67482610421158	,订单退费转入,60.10,系统处理工单时转移用户余额，订单号=WS2026040313510459136,2026-07-01 11:21:48,SYS,
olAFl66AkhlHxJt5wdTO6tAx3aEI,29.00,68772612318811	,订单退费转入,29.00,工单系统流量套餐退款,2026-07-01 11:21:24,SYS,
olAFl6xgBMh8mZz_H5fnjBcN6XC0,169.00,67002523292894	,订单退费转入,169.00,工单系统流量套餐退款,2026-07-01 11:21:05,SYS,
olAFl67CYXVppjjhNFDs_9k2XbYc,0.00,67002509239389	,用户提现,80.40,用户提现-退费单RF2026070111200881989,2026-07-01 11:20:29,用户提现,
olAFl6xHnQt-ruQzEgsCFx-TtRhU,21.20,67492442206389	,订单退费转入,21.20,系统处理工单时转移用户余额，订单号=WS2026041619100015667,2026-07-01 11:20:22,SYS,
olAFl67CYXVppjjhNFDs_9k2XbYc,80.40,67002509239389	,订单退费转入,80.40,系统处理工单时转移用户余额，订单号=WS2026032610192085659,2026-07-01 11:20:09,SYS,
olAFl61OrH2l1WRIwS79I1zEY0vE,0.00,67512440020023	,用户提现,19.70,用户提现-退费单RF2026060203151682677,2026-07-01 11:19:15,用户提现,
olAFl6yzfWIZ_Hm6wU4ScgFQ8n_Q,0.00,67482504306190	,用户提现,93.50,用户提现-退费单RF2026062603154014246,2026-07-01 11:19:02,用户提现,
olAFl6wazaGICcCZKBAld0Xoz4d8,0.00,67482454178057	,用户提现,20.80,用户提现-退费单RF2026050803161011,2026-07-01 11:18:23,用户提现,
olAFl6zkMMCsY5-tAritbiTiZinY,0.00,67482449083838	,用户提现,8.90,用户提现-退费单RF2026070111180335563,2026-07-01 11:18:17,用户提现,
olAFl6zkMMCsY5-tAritbiTiZinY,8.90,67482449083838	,订单退费转入,8.90,系统处理工单时转移用户余额，订单号=WN2026013115380596624,2026-07-01 11:18:03,SYS,
olAFl67sRJ9gDykZekEHEoKC8OQM,85.40,67002443009320	,订单退费转入,85.40,系统处理工单时转移用户余额，订单号=WN2026032211395893573,2026-07-01 11:17:38,SYS,
olAFl62pN-LUXxZQBoImTlRXlRdQ,0.00,86132342101485	,用户提现,131.70,用户提现-退费单RF2026070111154780980,2026-07-01 11:16:26,用户提现,
olAFl67c2gtUkeTek6iNyB2SFXJ4,0.00,68032513022882	,用户提现,144.80,用户提现-退费单RF2026061608141256399,2026-07-01 11:15:49,用户提现,
olAFl62pN-LUXxZQBoImTlRXlRdQ,131.70,86132342101485	,订单退费转入,131.70,系统处理工单时转移用户余额，订单号=WS2026041917380403942,2026-07-01 11:15:48,SYS,
olAFl61PgnR1VKlSF9ppjn6k32gY,0.00,69212602132098	,用户提现,162.20,用户提现-退费单RF2026062603153598919,2026-07-01 11:14:43,用户提现,
olAFl6yp4IToGokqweVoTHnIVCeQ,0.00,58482349153455	,用户提现,159.40,用户提现-退费单RF2026070111125577916,2026-07-01 11:13:42,用户提现,
olAFl64eXR1Z-RiyDvbnVSuTL_j8,0.00,67492508411250	,用户提现,57.20,用户提现-退费单RF2026070111123277850,2026-07-01 11:13:21,用户提现,
olAFl6yp4IToGokqweVoTHnIVCeQ,159.40,58482349153455	,订单退费转入,159.40,系统处理工单时转移用户余额，订单号=WS2026060910054488680,2026-07-01 11:12:56,SYS,
olAFl64eXR1Z-RiyDvbnVSuTL_j8,57.20,67492508411250	,订单退费转入,57.20,工单系统流量套餐退款 组合支付：微信退费 57.20,2026-07-01 11:12:33,SYS,
olAFl60rF2hONq8kjjC2SlCvGgTc,0.00,67482503250922	,用户提现,32.70,用户提现-退费单RF2026070111090904530,2026-07-01 11:09:36,用户提现,
olAFl60rF2hONq8kjjC2SlCvGgTc,32.70,67482503250922	,订单退费转入,32.70,系统处理工单时转移用户余额，订单号=WS2026011120433523682,2026-07-01 11:09:09,SYS,
olAFl69zdUWP1UwuFfIY9agANkM0,0.00,67512535292179	,用户提现,51.60,用户提现-退费单RF2026070111060757716,2026-07-01 11:07:14,用户提现,
olAFl69zdUWP1UwuFfIY9agANkM0,51.60,67512535292179	,订单退费转入,51.60,系统处理工单时转移用户余额，订单号=WN2026052515552296170,2026-07-01 11:06:08,SYS,
olAFl6_LKLL3d8CrPwH26heGJwG8,0.00,58812421073292	,用户提现,107.80,用户提现-退费单RF2026063011541062712,2026-07-01 11:05:21,用户提现,
olAFl6ybelTVa--FIW7dqj8l4Ask,0.00,67512443068971	,用户提现,88.80,用户提现-退费单RF2026070110565360032,2026-07-01 10:57:30,用户提现,
olAFl60XRw_JEH__DAzTd0HvS9NE,0.00,67482448036828	,用户提现,73.40,用户提现-退费单RF2026070110562914012,2026-07-01 10:57:01,用户提现,
olAFl6ybelTVa--FIW7dqj8l4Ask,88.80,67512443068971	,订单退费转入,88.80,系统处理工单时转移用户余额，订单号=WN2026032917304275070,2026-07-01 10:56:54,SYS,
olAFl60XRw_JEH__DAzTd0HvS9NE,73.40,67482448036828	,订单退费转入,73.40,系统处理工单时转移用户余额，订单号=WS2025070621222312059,2026-07-01 10:56:29,SYS,
olAFl6zWRyMp2GSzOeWWVoznxBRQ,0.00,67002509249501	,用户提现,75.50,用户提现-退费单RF2026070110532142935,2026-07-01 10:56:24,用户提现,
olAFl6zWRyMp2GSzOeWWVoznxBRQ,75.50,67002509249501	,订单退费转入,75.50,系统处理工单时转移用户余额，订单号=WS2026022614042377633,2026-07-01 10:53:21,SYS,
olAFl67NXcZcYEy9zS07GGhsB1FM,154.20,60912414058336	,订单退费转入,154.20,系统处理工单时转移用户余额，订单号=WS2026061710295177361,2026-07-01 10:52:48,SYS,
ojb7F2GiOyCcR0sG5eVwp9GH-yfw,0.00,70032617027726	,用户提现,599.00,用户提现-退费单RF2026070110471871073,2026-07-01 10:47:44,用户提现,
ojb7F2GiOyCcR0sG5eVwp9GH-yfw,599.00,70032617027726	,订单退费转入,599.00,工单系统流量套餐退款,2026-07-01 10:47:19,SYS,
olAFl6z6yWFFGd9TP_kJtK7esXoY,0.00,69212602132073	,用户提现,36.70,用户提现-退费单RF2026062603152048771,2026-07-01 10:46:45,用户提现,
olAFl67gLuQ_bdZHoIRSuZdngRls,175.20,69142620033178	,订单退费转入,175.20,系统处理工单时转移用户余额，订单号=WS2026061822101021914,2026-07-01 10:45:31,SYS,
olAFl65l1jpvE4ufZ9nSyjAAuvXs,0.00,69212612170253	,用户提现,54.00,用户提现-退费单RF2026070110423474679,2026-07-01 10:42:49,用户提现,
olAFl65l1jpvE4ufZ9nSyjAAuvXs,54.00,69212612170253	,订单退费转入,54.00,系统处理工单时转移用户余额，订单号=WS2026041715074566196,2026-07-01 10:42:35,SYS,
olAFl6yf0Y7_sUKg2LCRpNC38cEY,0.00,67002453173302	,用户提现,43.30,用户提现-退费单RF2026070110412149562,2026-07-01 10:41:39,用户提现,
olAFl6yf0Y7_sUKg2LCRpNC38cEY,43.30,67002453173302	,订单退费转入,43.30,系统处理工单时转移用户余额，订单号=WS2026020800392790977,2026-07-01 10:41:21,SYS,
olAFl60cC7vWP_GjNRZ0Ho5ASCsc,24.00,67512440001944	,订单退费转入,24.00,系统处理工单时转移用户余额，订单号=WS2025071012301404821,2026-07-01 10:38:02,SYS,
ojb7F2CjZyslUD2i8mO75tCWL0C4,0.00,67492609639742	,用户提现,140.00,用户提现-退费单RF2026063017112170472,2026-07-01 10:36:44,用户提现,
olAFl65uuDo04Pi6VNk5Ja3r7cOo,0.00,68772528057208	,用户提现,129.70,用户提现-退费单RF2026070110343183370,2026-07-01 10:35:46,用户提现,
olAFl65uuDo04Pi6VNk5Ja3r7cOo,129.70,68772528057208	,订单退费转入,129.70,系统处理工单时转移用户余额，订单号=WS2026060219080565850,2026-07-01 10:34:32,SYS,
olAFl67W3tvgIyJWrBStGFFqn8dM,82.00,67512534240969	,订单退费转入,82.00,系统处理工单时转移用户余额，订单号=WS2025120309445150893,2026-07-01 10:31:11,SYS,
olAFl61lzcF3mhrz99R-dsgb2ckc,0.00,68772543145928	,用户提现,52.60,用户提现-退费单RF2026052803152977785,2026-07-01 10:30:08,用户提现,
olAFl67E3lvh_ybG4R_nWaQ8X7p8,0.00,86132414265837	,用户提现,49.00,用户提现-退费单RF2026061621073065716,2026-07-01 10:22:23,用户提现,
olAFl6_0CvE9Trmua1N4x0VOAdUo,0.00,864665069469240	,用户提现,143.40,用户提现-退费单RF2026062614250260035,2026-07-01 10:18:42,用户提现,
olAFl6_OyDYCamoaFYdbhAb9RN8c,0.00,63272426059133	,用户提现,130.10,用户提现-退费单RF2026060303150959296,2026-07-01 10:17:39,用户提现,
olAFl61VONN_95FCaooOyx8n-LOg,0.00,68772543149722	,用户提现,106.30,用户提现-退费单RF2026070110100040913,2026-07-01 10:12:45,用户提现,
olAFl61VONN_95FCaooOyx8n-LOg,106.30,68772543149722	,订单退费转入,106.30,系统处理工单时转移用户余额，订单号=WS2026031209262503025,2026-07-01 10:10:00,SYS,
olAFl6-eoJrjCSmGsz7jlzMMP3Og,66.00,86132414258937	,订单退费转入,66.00,系统处理工单时转移用户余额，订单号=WS2025093008340530546,2026-07-01 10:05:29,SYS,
olAFl62CAXv9vbCVYZI-VbKQtk5k,0.00,67492445309241	,用户提现,106.00,用户提现-退费单RF2026070108003075446,2026-07-01 09:53:13,用户提现,
odELQ6oollWXCJgru_Hlp3utY908,0.00,67872445000097	,用户提现,48.00,用户提现-退费单RF2026070109402036258,2026-07-01 09:42:46,用户提现,
odELQ6oollWXCJgru_Hlp3utY908,48.00,67872445000097	,订单退费转入,48.00,工单系统流量套餐退款 本单会员价格20.00元，不能退款,2026-07-01 09:40:20,SYS,
olAFl66-qrN2hh23OVJeM61V_pL8,0.00,67492445341561	,用户提现,136.50,用户提现-退费单RF2026070109333398687,2026-07-01 09:38:42,用户提现,
olAFl66-qrN2hh23OVJeM61V_pL8,136.50,67492445341561	,订单退费转入,136.50,系统处理工单时转移用户余额，订单号=WS2026050608201125635,2026-07-01 09:33:34,SYS,
ojb7F2OJ-rTpI66arfIU-8p_BHZw,0.00,69142620033007	,用户提现,19.00,用户提现-退费单RF2026062909365240839,2026-07-01 09:15:57,用户提现,
olAFl6449IX0QUB3u7qCD_cerbo8,469.00,69212621225145	,订单退费转入,469.00,工单系统流量套餐退款,2026-07-01 08:52:48,SYS,
olAFl60rDIg4vP5_RBmBUUTEm-xc,0.00,70032621087641	,用户提现,479.00,用户提现-退费单RF2026070108373308266,2026-07-01 08:38:16,用户提现,
olAFl60rDIg4vP5_RBmBUUTEm-xc,479.00,70032621087641	,订单退费转入,479.00,工单系统流量套餐退款 本单会员价格20.00元，不能退款,2026-07-01 08:37:33,SYS,
olAFl6-GuycDZz5-hrRgqNr5QUfs,0.00,67482449090824	,用户提现,179.00,用户提现-退费单RF2026050620475126 微信退款失败：订单已全额退款,2026-07-01 08:29:41,用户提现,
olAFl6_jq4HRaXfhleuHyORL1Sgg,0.00,67482610411253	,用户提现,54.00,用户提现-退费单RF2026070108270748459,2026-07-01 08:28:19,用户提现,
olAFl6_jq4HRaXfhleuHyORL1Sgg,54.00,67482610411253	,订单退费转入,54.00,系统处理工单时转移用户余额，订单号=WS2026051900133735725,2026-07-01 08:27:07,SYS,
olAFl62CAXv9vbCVYZI-VbKQtk5k,106.00,67492445309241	,订单退费转入,106.00,工单系统流量套餐退款,2026-07-01 08:00:31,SYS,
ojb7F2B_UqfPI5CtR6h8taYXKrek,0.00,67492610677325	,用户提现,146.00,用户提现-退费单RF2026062807023802631,2026-07-01 07:32:24,用户提现,
o2uAP67YHfRUiOGcii-lbAL2_WOI,0.00,90461222	,用户提现,309.00,用户提现-退费单RF2026062609560936254,2026-07-01 06:58:25,用户提现,
ojb7F2PgTjzOrAaaOejRnJlN9n7g,0.00,67492603601088	,用户提现,212.00,用户提现-退费单RF2026070103150383647,2026-07-01 06:49:27,用户提现,
olAFl63QA0mU1iMnwGKBAFXPW7yo,0.00,864665063744440	,用户提现,159.00,用户提现-退费单RF2026070103151652859,2026-07-01 06:35:27,用户提现,
olAFl6y_OM0q4IA10Uxd-z5t1tvg,0.00,60912421085591	,用户提现,39.90,用户提现-退费单RF2026070106263360786,2026-07-01 06:27:53,用户提现,
olAFl6y_OM0q4IA10Uxd-z5t1tvg,39.90,60912421085591	,订单退费转入,39.90,工单系统流量套餐退款,2026-07-01 06:26:34,SYS,
olAFl67LJ0GNDzexWV0KZBcgUxSE,0.00,67002535361792	,用户提现,89.00,用户提现-退费单RF2026070106105659113,2026-07-01 06:12:23,用户提现,
olAFl67LJ0GNDzexWV0KZBcgUxSE,89.00,67002535361792	,订单退费转入,89.00,工单系统流量套餐退款 本单会员价格20.00元，不能退款,2026-07-01 06:10:57,SYS,
olAFl66PK0BE27YBMMDrQEvqXg44,0.00,67482610422365	,用户提现,54.00,用户提现-退费单RF2026070104510713692,2026-07-01 04:51:46,用户提现,
olAFl66PK0BE27YBMMDrQEvqXg44,54.00,67482610422365	,订单退费转入,54.00,系统处理工单时转移用户余额，订单号=WS2026032720334311869,2026-07-01 04:51:07,SYS,
olAFl61-juFCLQnY4kIUiK-eCqnc,155.20,69212552122389	,订单退费转入,155.20,系统处理工单时转移用户余额，订单号=WS2026042922320781295,2026-07-01 03:15:26,SYS,
olAFl642tvFGnYUhgqIScohIWnYM,81.30,86132327025401	,订单退费转入,81.30,系统处理工单时转移用户余额，订单号=WN2026050218051467299,2026-07-01 03:15:25,SYS,
olAFl61GT700KgZjRmHFYK_V-Cg0,91.50,63272426058155	,订单退费转入,91.50,系统处理工单时转移用户余额，订单号=WS2025100206464391712,2026-07-01 03:15:24,SYS,
olAFl611hnSHOY-Z3x_ptY8USeH4,49.00,68032504009816	,订单退费转入,49.00,工单系统流量套餐退款,2026-07-01 03:15:23,SYS,
olAFl6xB6C8JJWpbjUl63BYPI5-A,351.00,68772610297895	,订单退费转入,351.00,工单系统流量套餐退款 本单会员价格20.00元，不能退款,2026-07-01 03:15:23,SYS,
olAFl65ng_JCiPRysFA97AR4-hAU,50.60,68772604269240	,订单退费转入,50.60,系统处理工单时转移用户余额，订单号=WS2026041011320309282,2026-07-01 03:15:23,SYS,
olAFl6wNV1BYkRPb_axbjlz0VTbE,120.40,67492442206017	,订单退费转入,120.40,系统处理工单时转移用户余额，订单号=WS2026042918194913414,2026-07-01 03:15:22,SYS,
olAFl65I9z9Xh_zkBQcnzC8MkwKg,28.40,67002509213107	,订单退费转入,28.40,系统处理工单时转移用户余额，订单号=WN2026042615504345236,2026-07-01 03:15:21,SYS,
olAFl66RhuZPdAEhvPqhYG-s_35g,106.00,68772513002441	,订单退费转入,106.00,工单系统审核退费单-套餐已作废/钱包已清零,2026-07-01 03:15:21,SYS,
olAFl6xBaFuUQ0ueKRuhik13Ps48,80.80,67512523189570	,订单退费转入,80.80,系统处理工单时转移用户余额，订单号=WS2026032600250906830,2026-07-01 03:15:20,SYS,
olAFl64UKwfmJ3xv6njlQKh78FSc,2.10,68032536037897	,订单退费转入,2.10,系统处理工单时转移用户余额，订单号=WS2025121114384562286,2026-07-01 03:15:19,SYS,
olAFl61MHNgSrKjUU4LGMfMyiCkI,121.00,69212602144977	,订单退费转入,121.00,系统处理工单时转移用户余额，订单号=WS2026020914512290565,2026-07-01 03:15:19,SYS,
olAFl69qGpYZwndisvswvNsMxk_c,164.70,68772602259937	,订单退费转入,164.70,工单系统审核退费单-套餐已作废/钱包已清零,2026-07-01 03:15:19,SYS,
olAFl6yIgcROXXHeoLakXQWx3ANM,54.00,69212544105382	,订单退费转入,54.00,系统处理工单时转移用户余额，订单号=WS2026022413344338497,2026-07-01 03:15:17,SYS,
olAFl63QA0mU1iMnwGKBAFXPW7yo,159.00,864665063744440	,订单退费转入,159.00,工单系统流量套餐退款,2026-07-01 03:15:17,SYS,
olAFl68hyM3YWQuCAHYx58ub2TaE,19.00,69212606160991	,订单退费转入,19.00,工单系统审核退费单-套餐已作废/钱包已清零,2026-07-01 03:15:17,SYS,
olAFl62fX0uhJicz-HF6zrYbI0nQ,24.40,68772610299616	,订单退费转入,24.40,系统处理工单时转移用户余额，订单号=WN2026033013341751485,2026-07-01 03:15:17,SYS,
olAFl68ekXgXldNlLHNoxhow10kY,111.30,69212602132936	,订单退费转入,111.30,系统处理工单时转移用户余额，订单号=WS2026022609281708899,2026-07-01 03:15:15,SYS,
olAFl62CHf_6psE1-cjdSyk_Gp_E,162.40,69142620024644	,订单退费转入,162.40,系统处理工单时转移用户余额，订单号=WS2026052320574440249,2026-07-01 03:15:15,SYS,
olAFl613WQ716oCbV1AWV6WUtZ4k,58.00,67492602580573	,订单退费转入,58.00,工单系统审核退费单-套餐已作废/钱包已清零,2026-07-01 03:15:15,SYS,
olAFl61tURN3r8mpXGmG54ThMrvU,66.00,67492602587253	,订单退费转入,66.00,系统处理工单时转移用户余额，订单号=WS2026012716473016279,2026-07-01 03:15:13,SYS,
olAFl6_edmPciy2lNno9_NOkEDBk,45.00,60912421085003	,订单退费转入,45.00,工单系统审核退费单-套餐已作废/钱包已清零,2026-07-01 03:15:13,SYS,
olAFl6xybfUsr7aSuMVRZhSEj1Zo,34.00,68772602226563	,订单退费转入,34.00,系统处理工单时转移用户余额，订单号=WS2026013002361459146,2026-07-01 03:15:13,SYS,
olAFl64SHXrqP8DG_ZTqSc6pezCM,34.00,67482448045979	,订单退费转入,34.00,系统处理工单时转移用户余额，订单号=WS2026022316411715193,2026-07-01 03:15:11,SYS,
ojb7F2DUpsP1VKdnSk9l0eSHp6pk,189.00,68052510013031	,订单退费转入,189.00,工单系统流量套餐退款,2026-07-01 03:15:11,SYS,
olAFl63P10kP-Oc2WbSR1Y2DdDM4,86.00,67862539048545	,订单退费转入,86.00,工单系统流量套餐退款,2026-07-01 03:15:11,SYS,
olAFl67bnw_kLsULtH2GtlRhBHAs,300.00,67492552543807	,订单退费转入,300.00,工单系统流量套餐退款 本单会员价格20.00元，不能退款,2026-07-01 03:15:11,SYS,
olAFl60JqJIqSYTzRt6PgYHdu8d8,74.00,70032617030755	,订单退费转入,74.00,系统处理工单时转移用户余额，订单号=WS2026061022294132630,2026-07-01 03:15:11,SYS,
olAFl6waK241tJogVyCEU3Gbm-n0,52.10,67002509240385	,订单退费转入,52.10,工单系统流量套餐退款,2026-07-01 03:15:11,SYS,
olAFl6wAWc71x5_9kS1fi9ME33hs,35.30,864665067344346	,订单退费转入,35.30,系统处理工单时转移用户余额，订单号=WS2025083123211141649,2026-07-01 03:15:08,SYS,
olAFl63XgellzorUEPBk3gKs_FC4,20.30,67512517179554	,订单退费转入,20.30,系统处理工单时转移用户余额，订单号=WS2025121610444008528,2026-07-01 03:15:08,SYS,
olAFl690KT-QmmvuJVV1DHHsZoe8,172.20,69212612173561	,订单退费转入,172.20,系统处理工单时转移用户余额，订单号=WS2026060222143358622,2026-07-01 03:15:06,SYS,
olAFl65zoqjVPIxVEemkv8nH6DTE,34.00,864665066198032	,订单退费转入,34.00,系统处理工单时转移用户余额，订单号=WS2025092921100330333,2026-07-01 03:15:06,SYS,
olAFl6z-sTnt8XlxbwRsn07nvn5U,189.00,67482610423820	,订单退费转入,189.00,工单系统审核退费单-套餐已作废/钱包已清零,2026-07-01 03:15:06,SYS,
olAFl65GRicKxcgCKH0QA4f4dFwY,82.60,864665068988281	,订单退费转入,82.60,系统处理工单时转移用户余额，订单号=WS2026042706584396057,2026-07-01 03:15:04,SYS,
ojb7F2PgTjzOrAaaOejRnJlN9n7g,212.00,67492603601088	,订单退费转入,212.00,工单系统流量套餐退款 本单会员价格20.00元，不能退款,2026-07-01 03:15:04,SYS,
olAFl67UVCCfh1sDmEU-7z7jhGvI,33.70,67492552546673	,订单退费转入,33.70,系统处理工单时转移用户余额，订单号=WS2026030815491157457,2026-07-01 03:15:04,SYS,
olAFl67l8SmNWoWGqUN_9ckO9PU4,31.00,69212606160560	,订单退费转入,31.00,工单系统流量套餐退款,2026-07-01 03:15:04,SYS,
oyoJU7LKb7VXQQ_wCdxrfRNqMRq8,329.89,86002606015110	,订单退费转入,329.89,工单系统流量套餐退款,2026-07-01 03:15:02,SYS,
o2uAP61eucoepnrwRBT8h6SyRcXM,179.00,328804141	,订单退费转入,179.00,工单系统审核退费单-套餐已作废/钱包已清零,2026-07-01 03:15:02,SYS,
olAFl6xpY-j5mq_Qnldj6BzIudZs,0.00,69212621219557	,用户提现,100.00,用户提现-退费单RF2026062917030490649,2026-07-01 00:59:15,用户提现,
olAFl64dLReYWhIgqB8J_R-e56IA,0.00,60912426129248	,用户提现,59.00,用户提现-退费单RF2026063022442238318,2026-07-01 00:26:54,用户提现,
olAFl61T0Bsp5VcXQwLCrt_Uo3mk,0.00,67002509244900	,用户提现,41.60,用户提现-退费单RF2026063023591446664,2026-07-01 00:01:23,用户提现,
olAFl61T0Bsp5VcXQwLCrt_Uo3mk,41.60,67002509244900	,订单退费转入,41.60,系统处理工单时转移用户余额，订单号=WN2025112013254819924,2026-06-30 23:59:14,SYS,
olAFl6_VOSFttQgkvLE1S2XbTj7I,0.00,70032611015808	,用户提现,37.50,用户提现-退费单RF2026063023383979182,2026-06-30 23:41:31,用户提现,
olAFl67LG2cqCkLcR0AdVPiaOLVc,0.00,68772610302071	,用户提现,82.20,用户提现-退费单RF2026062307082379223,2026-06-30 23:40:10,用户提现,
olAFl6_VOSFttQgkvLE1S2XbTj7I,37.50,70032611015808	,订单退费转入,37.50,系统处理工单时转移用户余额，订单号=WN2026050421242063655,2026-06-30 23:38:40,SYS,
olAFl60bInrRGx3k1WFAUy0NZt_k,0.00,67482449088526	,用户提现,128.60,用户提现-退费单RF2026062603154508671,2026-06-30 23:21:50,用户提现,
olAFl67qvxZ9xGeKGp65nCDcWCqY,0.00,67002535358050	,用户提现,442.20,用户提现-退费单RF2026063023114532081,2026-06-30 23:12:04,用户提现,
olAFl67qvxZ9xGeKGp65nCDcWCqY,442.20,67002535358050	,订单退费转入,442.20,工单系统流量套餐退款,2026-06-30 23:11:45,SYS,
olAFl683rsm1-7bRGFbn3DIaivUM,0.00,68772539114351	,用户提现,50.60,用户提现-退费单RF2026061520264880347,2026-06-30 23:06:16,用户提现,
olAFl65Okmb9RKIV-92cZ8VQnPfE,0.00,864665068986848	,用户提现,49.00,用户提现-退费单RF2026063016034522588,2026-06-30 23:03:09,用户提现,
olAFl65y5j47fpBL4ujKBY027aHY,0.00,67002509247566	,用户提现,120.00,用户提现-退费单RF2026063022512051378,2026-06-30 22:52:40,用户提现,
olAFl65y5j47fpBL4ujKBY027aHY,120.00,67002509247566	,订单退费转入,120.00,工单系统流量套餐退款 本单会员价格20.00元，不能退款,2026-06-30 22:51:21,SYS,
olAFl64dLReYWhIgqB8J_R-e56IA,59.00,60912426129248	,订单退费转入,59.00,工单系统流量套餐退款,2026-06-30 22:44:22,SYS,
olAFl6821-ZaiM5MxfPG2ZLC6iz8,0.00,69212612183925	,用户提现,82.50,用户提现-退费单RF2026063022244143630,2026-06-30 22:27:17,用户提现,
olAFl6y8WwWPw4GC32XZuHWYsNJQ,0.00,68052517041636	,用户提现,479.00,用户提现-退费单RF2026062603154613721,2026-06-30 22:26:58,用户提现,
olAFl6821-ZaiM5MxfPG2ZLC6iz8,82.50,69212612183925	,订单退费转入,82.50,工单系统流量套餐退款 组合支付：微信退费 82.50,2026-06-30 22:24:41,SYS,
ojb7F2EmgfOO91qA5gIgGOQKx_Dg,46.00,69212621217509	,订单退费转入,46.00,工单系统流量套餐退款,2026-06-30 22:14:15,SYS,
olAFl68riAL1PvhVO7US4XMSDFiw,0.00,58812351009526	,用户提现,16.10,用户提现-退费单RF2026063021475442531,2026-06-30 21:49:59,用户提现,
olAFl68riAL1PvhVO7US4XMSDFiw,16.10,58812351009526	,订单退费转入,16.10,系统处理工单时转移用户余额，订单号=WS2026021320231088324,2026-06-30 21:47:54,SYS,
olAFl6wTcELeI5dUd3IuLTF7SDdI,19.00,67002453180145	,订单退费转入,19.00,系统处理工单时转移用户余额，订单号=WS2026030212222060097,2026-06-30 21:35:46,SYS,
olAFl6w7FI2WkGi14hizxBHzEZgc,0.00,69212621223328	,用户提现,109.00,用户提现-退费单RF2026063021214145210,2026-06-30 21:25:34,用户提现,
olAFl6w7FI2WkGi14hizxBHzEZgc,109.00,69212621223328	,订单退费转入,109.00,工单系统流量套餐退款,2026-06-30 21:21:41,SYS,
olAFl6xCa_fFlLyUK7x_KNBKtM-Y,0.00,67492602585744	,用户提现,141.00,用户提现-退费单RF2026063021150979293,2026-06-30 21:19:50,用户提现,
olAFl6xCa_fFlLyUK7x_KNBKtM-Y,141.00,67492602585744	,订单退费转入,141.00,系统处理工单时转移用户余额，订单号=WS2026020409292738575,2026-06-30 21:15:10,SYS,
ojb7F2Lc689iJ7y9MDEZiVvCiZek,0.00,69212621225986	,用户提现,89.00,用户提现-退费单RF2026063020520308757,2026-06-30 20:58:24,用户提现,
ojb7F2Lc689iJ7y9MDEZiVvCiZek,89.00,69212621225986	,订单退费转入,89.00,工单系统流量套餐退款,2026-06-30 20:52:03,SYS,
olAFl68GZ2LT_UFRsV5T1ZpNKM7M,0.00,70032617034266	,用户提现,69.00,用户提现-退费单RF2026063020202647664,2026-06-30 20:21:00,用户提现,
olAFl68GZ2LT_UFRsV5T1ZpNKM7M,69.00,70032617034266	,订单退费转入,69.00,工单系统流量套餐退款 本单会员价格20.00元，不能退款,2026-06-30 20:20:26,SYS,
o2uAP6wQWpF8cKNAjA_7_stUXUbE,86.00,86338358	,订单退费转入,86.00,工单系统流量套餐退款,2026-06-30 20:10:04,SYS,
olAFl65OQ6MYucsmJpmNfjcXUSR4,52.00,67482449129150	,订单退费转入,52.00,系统处理工单时转移用户余额，订单号=WN2026010110172586310,2026-06-30 19:42:46,SYS,
olAFl626BJI5ZC4tmFrI34IobYoc,0.00,68772610301580	,用户提现,106.60,用户提现-退费单RF2026063019322962966,2026-06-30 19:32:53,用户提现,
olAFl626BJI5ZC4tmFrI34IobYoc,106.60,68772610301580	,订单退费转入,106.60,系统处理工单时转移用户余额，订单号=WS2026042712353491333,2026-06-30 19:32:30,SYS,
olAFl6_K5kDO722s2wKQV9LM-EYY,40.60,67002535359279	,订单退费转入,40.60,系统处理工单时转移用户余额，订单号=WS2026031206313539285,2026-06-30 19:28:12,SYS,
olAFl66mAldu5Um_Vg_fxxqJBs14,0.00,60912411003698	,用户提现,172.20,用户提现-退费单RF2026063019131168394,2026-06-30 19:14:03,用户提现,
olAFl66mAldu5Um_Vg_fxxqJBs14,172.20,60912411003698	,订单退费转入,172.20,系统处理工单时转移用户余额，订单号=WS2026060617110285631,2026-06-30 19:13:12,SYS,
olAFl6-pyRr3z-VYd0C5TToT3mJI,0.00,69212621222300	,用户提现,180.00,用户提现-退费单RF2026063019003009046,2026-06-30 19:01:50,用户提现,
olAFl6-pyRr3z-VYd0C5TToT3mJI,180.00,69212621222300	,订单退费转入,180.00,系统处理工单时转移用户余额，订单号=WS2026062217284093651,2026-06-30 19:00:30,SYS,
ojb7F2MsjWYJRDQ2ruQGHB9o0NWY,212.00,69212621215316	,订单退费转入,212.00,工单系统流量套餐退款,2026-06-30 18:45:42,SYS,
ojb7F2AgMV0oIJZiZ5xd9aPeRC9E,0.00,69212612183221	,用户提现,110.00,用户提现-退费单RF2026062712021274077,2026-06-30 18:36:57,用户提现,
olAFl6zBXoj7ibWGHVK-_XAII9ek,112.40,68772610303746	,订单退费转入,112.40,系统处理工单时转移用户余额，订单号=WS2026051123371046450,2026-06-30 18:33:45,SYS,
o2uAP6w7U-tdlZzXCbZX935STMz8,0.00,86324369	,用户提现,49.00,用户提现-退费单RF2026063018260513181,2026-06-30 18:29:41,用户提现,
olAFl64HJUIOmPyJbkNa6D0UlYNs,0.00,67482449102893	,用户提现,69.00,用户提现-退费单RF2026063018265722712,2026-06-30 18:27:17,用户提现,
olAFl64HJUIOmPyJbkNa6D0UlYNs,69.00,67482449102893	,订单退费转入,69.00,工单系统流量套餐退款,2026-06-30 18:26:57,SYS,
o2uAP6w7U-tdlZzXCbZX935STMz8,49.00,86324369	,订单退费转入,49.00,工单系统流量套餐退款,2026-06-30 18:26:05,SYS,
olAFl6zUifO2WvS85_CQ1rEGMfm8,29.00,69212621223823	,订单退费转入,29.00,工单系统流量套餐退款,2026-06-30 18:25:22,SYS,
olAFl6zr2uurapwKsQkluPrIWXEs,86.00,67492509457351	,订单退费转入,86.00,工单系统流量套餐退款 本单会员价格20.00元，不能退款,2026-06-30 17:41:58,SYS,
ojb7F2L1zQAaNT01xsDySBXs-gOQ,0.00,69212602136812	,用户提现,212.00,用户提现-退费单RF2026062916044682298,2026-06-30 17:37:45,用户提现,
olAFl63twQypfWF5kv9M_O1a4FtA,0.00,67482442000510	,用户提现,106.00,用户提现-退费单RF2026063017272724093,2026-06-30 17:29:57,用户提现,
olAFl63kaOEhSDRtE0MYKEMwH8fc,159.00,70032621092916	,订单退费转入,159.00,工单系统流量套餐退款,2026-06-30 17:27:29,SYS,
olAFl63twQypfWF5kv9M_O1a4FtA,106.00,67482442000510	,订单退费转入,106.00,工单系统流量套餐退款,2026-06-30 17:27:27,SYS,
ojb7F2CjZyslUD2i8mO75tCWL0C4,140.00,67492609639742	,订单退费转入,140.00,工单系统流量套餐退款 本单会员价格20.00元，不能退款,2026-06-30 17:11:22,SYS,
olAFl6wgZpqEupXM9la_Xq09naQo,0.00,864665065659091	,用户提现,169.00,用户提现-退费单RF2026062603151557638,2026-06-30 17:00:10,用户提现,
olAFl69ASQQtQ60yfuPcsMHtWn1I,0.00,60912426142164	,用户提现,39.50,用户提现-退费单RF2026063016492183245,2026-06-30 16:50:25,用户提现,
olAFl69ASQQtQ60yfuPcsMHtWn1I,39.50,60912426142164	,订单退费转入,39.50,系统处理工单时转移用户余额，订单号=WS2025070105453965745 本单会员价格20.00元，不能退款,2026-06-30 16:49:22,SYS,
olAFl6-2kgY3uUY79O1MuXchwnXw,0.00,68052508002730	,用户提现,140.10,用户提现-退费单RF2026062603153453637,2026-06-30 16:42:03,用户提现,
olAFl65lu-hFNwZvyBoETBugHbiA,0.00,	,系统扣费,117.20,用户无可退退费单，钱包清零,2026-06-30 16:35:10,SYS,
olAFl65srh8eN2qhQITizv4tuzDY,0.00,67482512364218	,用户提现,29.60,用户提现-退费单RF2026063016164103899,2026-06-30 16:18:05,用户提现,
olAFl65srh8eN2qhQITizv4tuzDY,29.60,67482512364218	,订单退费转入,29.60,系统处理工单时转移用户余额，订单号=WS2025121809233385420,2026-06-30 16:16:41,SYS,
olAFl68IjskguWWWOx1knpiXPRAk,46.10,58812421072068	,订单退费转入,46.10,系统处理工单时转移用户余额，订单号=WN2025070310181756753,2026-06-30 16:14:18,SYS,
olAFl6w8iJeOWouviR8_IYdtdN4Y,0.00,69212621222508	,用户提现,100.00,用户提现-退费单RF2026063015335114320,2026-06-30 16:08:27,用户提现,
olAFl65Okmb9RKIV-92cZ8VQnPfE,49.00,864665068986848	,订单退费转入,49.00,工单系统流量套餐退款,2026-06-30 16:03:45,SYS,
olAFl67lfycIVVHClW2T0Rf-6wVY,0.00,70032606000027	,用户提现,361.00,用户提现-退费单RF2026063009292272069,2026-06-30 15:35:24,用户提现,
olAFl6w8iJeOWouviR8_IYdtdN4Y,100.00,69212621222508	,订单退费转入,100.00,系统处理工单时转移用户余额，订单号=WN2026063011235171944,2026-06-30 15:33:51,SYS,
olAFl63N9GNmwlp-iiAwZZe8HaHg,0.00,70032611011867	,用户提现,172.20,用户提现-退费单RF2026063015320729567,2026-06-30 15:32:45,用户提现,
olAFl63N9GNmwlp-iiAwZZe8HaHg,172.20,70032611011867	,订单退费转入,172.20,系统处理工单时转移用户余额，订单号=WS2026061311474340952,2026-06-30 15:32:07,SYS,
olAFl6zIvhbavcnkAbR_OlQs0IT4,0.00,67482448048623	,用户提现,180.00,用户提现-退费单RF2026062603152219329,2026-06-30 15:25:53,用户提现,
olAFl675X2GDbg6AiP3o89qkF-RQ,0.00,67492602582191	,用户提现,220.00,用户提现-退费单RF2026063012255050724,2026-06-30 15:12:44,用户提现,
olAFl6wWVCRmetwhP_O5-oG6rB20,0.00,60992438022354	,用户提现,108.40,用户提现-退费单RF2026062603150577226,2026-06-30 15:09:19,用户提现,
olAFl68WRnXBsmCDPWQjBS3gD8Ts,0.00,69212621220978	,用户提现,39.00,用户提现-退费单RF2026063011294872661,2026-06-30 15:06:44,用户提现,
olAFl6wakeKia_gYJk9BLsc2gs0A,0.00,67862443000279	,用户提现,42.80,用户提现-退费单RF2026062603152052391,2026-06-30 14:55:29,用户提现,
o2uAP61KeIJHU94xJ1SDm0M4Xn_A,93.40,86353113	,订单退费转入,93.40,系统处理工单时转移用户余额，订单号=WS2026042700183221224,2026-06-30 14:35:37,SYS,
olAFl6xJKB_GImB8Ok93xvOQX2ak,0.00,864665065462389	,用户提现,40.90,用户提现-退费单RF2026062823335125642,2026-06-30 14:34:30,用户提现,
ojb7F2MNqr6-tsWAGkrV1A_QRsLA,0.00,69212621221453	,用户提现,94.00,用户提现-退费单RF2026062809392510661,2026-06-30 14:33:48,用户提现,
olAFl63ns7-qfoBstd2Z5r6R64x0,0.00,67002452084946	,用户提现,75.70,用户提现-退费单RF2026063014204279358,2026-06-30 14:25:59,用户提现,
olAFl63ns7-qfoBstd2Z5r6R64x0,75.70,67002452084946	,订单退费转入,75.70,系统处理工单时转移用户余额，订单号=WS2026020109304495477,2026-06-30 14:20:43,SYS,
olAFl6w3gT9OvoJddcGmNKVLeIn8,0.00,68772612329845	,用户提现,241.00,用户提现-退费单RF2026063013520421643,2026-06-30 14:02:51,用户提现,
ojb7F2LdCp0ttXf8qlEmu4NrTvmQ,0.00,69212621215003	,用户提现,599.00,用户提现-退费单RF2026063013584778447,2026-06-30 13:59:24,用户提现,
ojb7F2LdCp0ttXf8qlEmu4NrTvmQ,599.00,69212621215003	,订单退费转入,599.00,工单系统流量套餐退款,2026-06-30 13:58:48,SYS,
olAFl6w3gT9OvoJddcGmNKVLeIn8,241.00,68772612329845	,订单退费转入,241.00,工单系统流量套餐退款,2026-06-30 13:52:04,SYS,
olAFl6_Ovm84vTz_7KeJz99KWUys,0.00,864665069341795	,用户提现,379.00,用户提现-退费单RF2026063013233831666,2026-06-30 13:51:47,用户提现,
olAFl6_Ovm84vTz_7KeJz99KWUys,379.00,864665069341795	,用户提现,379.00,用户提现-退费单RF2026063013354887195,2026-06-30 13:51:46,用户提现,
olAFl6_Ovm84vTz_7KeJz99KWUys,758.00,864665069341795	,订单退费转入,379.00,工单系统流量套餐退款,2026-06-30 13:35:49,SYS,
olAFl6wBVRawUmJdBE0_S9930t9A,0.00,67002509212732	,用户提现,167.70,用户提现-退费单RF2026063013041811857,2026-06-30 13:33:59,用户提现,
olAFl61nA4DEf-yqCVPdf6dCHM68,0.00,68772550174328	,用户提现,94.00,用户提现-退费单RF2026063012222706047,2026-06-30 13:23:42,用户提现,
olAFl6_Ovm84vTz_7KeJz99KWUys,379.00,864665069341795	,订单退费转入,379.00,工单系统流量套餐退款 本单会员价格20.00元，不能退款,2026-06-30 13:23:38,SYS,
olAFl61nA4DEf-yqCVPdf6dCHM68,94.00,68772550174328	,订单退费转入,94.00,工单系统审核退费单-套餐已作废/钱包已清零,2026-06-30 13:23:25,SYS,
olAFl66Caf0p9uJAwSM0ZXzitRWk,151.20,69212621217349	,订单退费转入,151.20,系统处理工单时转移用户余额，订单号=WS2026062313480343327,2026-06-30 13:18:04,SYS,
olAFl6wBVRawUmJdBE0_S9930t9A,167.70,67002509212732	,订单退费转入,167.70,系统处理工单时转移用户余额，订单号=WS2026062411012158132,2026-06-30 13:04:18,SYS,
olAFl683eJBO_vlc9FxJOGXGDp-E,0.00,67492602585489	,用户提现,69.60,用户提现-退费单RF2026063012505638531,2026-06-30 12:57:15,用户提现,
olAFl67mNy9tLxPtHS5-U6-W-3Vs,0.00,58482339017607	,用户提现,159.00,用户提现-退费单RF2026063012450615951,2026-06-30 12:51:52,用户提现,
olAFl683eJBO_vlc9FxJOGXGDp-E,69.60,67492602585489	,订单退费转入,69.60,系统处理工单时转移用户余额，订单号=WS2026032822143772884,2026-06-30 12:50:56,SYS,
olAFl67mNy9tLxPtHS5-U6-W-3Vs,159.00,58482339017607	,订单退费转入,159.00,工单系统流量套餐退款,2026-06-30 12:45:06,SYS,
olAFl60-fbWa4rJzUfu9Yv_Cg9s0,0.00,67492609648079	,用户提现,172.20,用户提现-退费单RF2026061507201900165,2026-06-30 12:29:53,用户提现,
olAFl60inNDTdQrcXTvx3HLcaTEE,0.00,867061070004803	,用户提现,159.30,用户提现-退费单RF2026063012290245880,2026-06-30 12:29:17,用户提现,
olAFl60inNDTdQrcXTvx3HLcaTEE,159.30,867061070004803	,订单退费转入,159.30,系统处理工单时转移用户余额，订单号=WS2026062317124607236,2026-06-30 12:29:02,SYS,
olAFl675X2GDbg6AiP3o89qkF-RQ,220.00,67492602582191	,订单退费转入,220.00,工单系统流量套餐退款,2026-06-30 12:25:51,SYS,
o2uAP6_gcgqLHgCHiGsFZkx_W7ho,19.90,328810252	,订单退费转入,19.90,工单系统流量套餐退款 本单会员价格20.00元，不能退款,2026-06-30 12:24:01,SYS,
odELQ6iILuO6v9XyvfHvMzRy3cNs,0.00,68712535007830	,用户提现,29.90,用户提现-退费单RF2026063012115926293,2026-06-30 12:12:16,用户提现,
odELQ6iILuO6v9XyvfHvMzRy3cNs,29.90,68712535007830	,订单退费转入,29.90,工单系统流量套餐退款,2026-06-30 12:11:59,SYS,
olAFl69WQGULHEzDK_IsndAU0LaM,0.00,68772612325575	,用户提现,230.00,用户提现-退费单RF2026062913123615095,2026-06-30 12:05:00,用户提现,
olAFl6_LKLL3d8CrPwH26heGJwG8,107.80,58812421073292	,订单退费转入,107.80,系统处理工单时转移用户余额，订单号=WS2026053017231698415,2026-06-30 11:54:11,SYS,
ojb7F2CZnXr9NbVtOyDpfgqxYkAA,0.00,70032621088447	,用户提现,106.00,用户提现-退费单RF2026062913005136618,2026-06-30 11:37:05,用户提现,
ojb7F2O9AklFh2HK5uUWij22lNBA,0.00,70032617029368	,用户提现,180.00,用户提现-退费单RF2026063011261010989,2026-06-30 11:31:17,用户提现,
olAFl68WRnXBsmCDPWQjBS3gD8Ts,39.00,69212621220978	,订单退费转入,39.00,工单系统流量套餐退款,2026-06-30 11:29:49,SYS,
olAFl61LLhV8wvzv40-DIeJlZTto,0.00,864665070511790	,用户提现,89.00,用户提现-退费单RF2026063010015522476,2026-06-30 11:29:01,用户提现,
ojb7F2O9AklFh2HK5uUWij22lNBA,180.00,70032617029368	,订单退费转入,180.00,系统处理工单时转移用户余额，订单号=WS2026063010113143330,2026-06-30 11:26:10,SYS,
olAFl697FQG4pUHoFtWNgOVVyLpw,0.00,67482610423414	,用户提现,171.20,用户提现-退费单RF2026063011010166949,2026-06-30 11:23:04,用户提现,
olAFl65cyGQG32QaNcGgSnGJ_EQw,173.30,67492509462178	,订单退费转入,173.30,系统处理工单时转移用户余额，订单号=WS2026052520251793849,2026-06-30 11:15:54,SYS,
olAFl65fVRLqhBKY7ARo6DXIoCHI,0.00,864665064630671	,用户提现,110.20,用户提现-退费单RF2026063011070960914,2026-06-30 11:10:36,用户提现,
olAFl65fVRLqhBKY7ARo6DXIoCHI,110.20,864665064630671	,订单退费转入,110.20,系统处理工单时转移用户余额，订单号=WS2026040520021923845,2026-06-30 11:07:10,SYS,
olAFl697FQG4pUHoFtWNgOVVyLpw,171.20,67482610423414	,订单退费转入,171.20,系统处理工单时转移用户余额，订单号=WS2026060223304206144,2026-06-30 11:01:02,SYS,
olAFl6yiupBonXUNerH8BifTnkhs,0.00,68772550195719	,用户提现,54.00,用户提现-退费单RF2026063010572036538,2026-06-30 10:57:48,用户提现,
olAFl6yiupBonXUNerH8BifTnkhs,54.00,68772550195719	,订单退费转入,54.00,系统处理工单时转移用户余额，订单号=WS2026042211454306322,2026-06-30 10:57:20,SYS,
olAFl626wdjZN-JwTFYB5T9Bx_d4,0.00,68032536036615	,用户提现,304.00,用户提现-退费单RF2026052003152445,2026-06-30 10:55:59,用户提现,
olAFl63ocND6gmRF0b3lg_1V9HMw,0.00,67002535361351	,用户提现,146.60,用户提现-退费单RF2026063010531236452,2026-06-30 10:54:54,用户提现,
olAFl63ocND6gmRF0b3lg_1V9HMw,146.60,67002535361351	,订单退费转入,146.60,系统处理工单时转移用户余额，订单号=WS2026051712435995153,2026-06-30 10:53:12,SYS,
olAFl68MNOCaYP1eK7jWiEtJhIbw,0.00,68772612325142	,用户提现,49.00,用户提现-退费单RF2026063010341273743,2026-06-30 10:34:44,用户提现,
olAFl68MNOCaYP1eK7jWiEtJhIbw,49.00,68772612325142	,订单退费转入,49.00,工单系统流量套餐退款,2026-06-30 10:34:13,SYS,
olAFl6-ysPLzAZ43pVzVjLRWTnrc,0.00,67492552546497	,用户提现,29.00,用户提现-退费单RF2026063010313366942,2026-06-30 10:32:16,用户提现,
olAFl67VR61uupZ_ZFUjW7BKQQwU,0.00,70032621091534	,用户提现,94.00,用户提现-退费单RF2026063009361479296,2026-06-30 10:31:55,用户提现,
olAFl6xXGnGpyQf_VXFF3cQq0kq8,0.00,67482610421298	,用户提现,61.60,用户提现-退费单RF2026063010310456088,2026-06-30 10:31:54,用户提现,
olAFl6-ysPLzAZ43pVzVjLRWTnrc,29.00,67492552546497	,订单退费转入,29.00,工单系统流量套餐退款,2026-06-30 10:31:34,SYS,
olAFl6xXGnGpyQf_VXFF3cQq0kq8,61.60,67482610421298	,订单退费转入,61.60,系统处理工单时转移用户余额，订单号=WS2026040510364905033,2026-06-30 10:31:05,SYS,
olAFl68d-ARPc0gTQvCgayPV3of4,0.00,67002444013676	,用户提现,125.70,用户提现-退费单RF2026062813503120489,2026-06-30 10:28:17,用户提现,
olAFl624hYT8FjO6u4Zj_PsaUS8w,0.00,867061075529648	,用户提现,83.50,用户提现-退费单RF2026050703153773,2026-06-30 10:28:09,用户提现,
ojb7F2IITRTDeIlsk0wq1RYr1NOc,0.00,67492538518473	,用户提现,29.00,用户提现-退费单RF2026062810454607028,2026-06-30 10:23:49,用户提现,
ojb7F2IITRTDeIlsk0wq1RYr1NOc,29.00,67492538518473	,订单退费转入,29.00,工单系统审核退费单-套餐已作废/钱包已清零,2026-06-30 10:23:22,SYS,
olAFl66mJMK8DIxqNPFgd3OGGhDk,0.00,67512535290144	,用户提现,60.80,用户提现-退费单RF2026063009384030998,2026-06-30 10:07:52,用户提现,
olAFl6_qYFAdrxs_dOPWaohWaLtg,0.00,58482343097330	,用户提现,47.80,用户提现-退费单RF2026063010043862267,2026-06-30 10:05:57,用户提现,
olAFl6_qYFAdrxs_dOPWaohWaLtg,47.80,58482343097330	,订单退费转入,47.80,系统处理工单时转移用户余额，订单号=WN2026031712105146667,2026-06-30 10:04:39,SYS,
olAFl61LLhV8wvzv40-DIeJlZTto,89.00,864665070511790	,订单退费转入,89.00,工单系统流量套餐退款,2026-06-30 10:01:55,SYS,
olAFl6wnXh3SuIgTbtRv-PVvKOfw,151.20,60912426128286	,订单退费转入,151.20,系统处理工单时转移用户余额，订单号=WS2026060708092802262,2026-06-30 10:01:28,SYS,
olAFl6yp_UivepJ9Zzh1fxIWMS7c,0.00,67002535384328	,用户提现,15.00,用户提现-退费单RF2026051503162954,2026-06-30 09:56:21,用户提现,
olAFl621wrZjlSbs9PBM975MU_rY,0.00,69212606160846	,用户提现,75.40,用户提现-退费单RF2026063009475591860,2026-06-30 09:48:17,用户提现,
olAFl621wrZjlSbs9PBM975MU_rY,75.40,69212606160846	,订单退费转入,75.40,系统处理工单时转移用户余额，订单号=WS2026030617550238692,2026-06-30 09:47:56,SYS,
olAFl64mYhJfrZlDkQqKsWSI2gKg,0.00,69212621221877	,用户提现,58.00,用户提现-退费单RF2026062921254160571,2026-06-30 09:46:48,用户提现,
odELQ6hKixbxdUrQgkssMO2z38ho,0.00,68772612334300	,用户提现,100.00,用户提现-退费单RF2026062521481089625,2026-06-30 09:45:45,用户提现,
olAFl60JPU2YjjnwHkP_RFfGiqL4,106.00,67002509248740	,订单退费转入,106.00,工单系统流量套餐退款 本单会员价格20.00元，不能退款,2026-06-30 09:45:27,SYS,
olAFl663LHbIG-wzWO61DfKhetwo,42.90,67002447023861	,订单退费转入,42.90,系统处理工单时转移用户余额，订单号=WN2025122713423843660,2026-06-30 09:43:31,SYS,
olAFl6xTOfCiz6sdRbcvJeMx0-ns,171.20,70032611014257	,订单退费转入,171.20,系统处理工单时转移用户余额，订单号=WS2026061619080459386,2026-06-30 09:41:54,SYS,
olAFl6_90LLa4Yt_Tz6ECSpn8tvY,140.00,67492609646770	,订单退费转入,140.00,工单系统流量套餐退款,2026-06-30 09:40:46,SYS,
olAFl66mJMK8DIxqNPFgd3OGGhDk,60.80,67512535290144	,订单退费转入,60.80,工单系统流量套餐退款 本单会员价格20.00元，不能退款 组合支付：微信退费 60.80,2026-06-30 09:38:40,SYS,
olAFl67VR61uupZ_ZFUjW7BKQQwU,94.00,70032621091534	,订单退费转入,94.00,工单系统流量套餐退款,2026-06-30 09:36:15,SYS,
olAFl6-Buv-yPvGF3ysQ0rNk8w2k,0.00,60992438024296	,用户提现,92.00,用户提现-退费单RF2026063009342077774,2026-06-30 09:35:06,用户提现,
olAFl62aTSza3btD9OzD58HFjgMY,0.00,67512534243844	,用户提现,149.20,用户提现-退费单RF2026060103150910461,2026-06-30 09:34:27,用户提现,
olAFl6-Buv-yPvGF3ysQ0rNk8w2k,92.00,60992438024296	,订单退费转入,92.00,系统处理工单时转移用户余额，订单号=WS2025113019380198591,2026-06-30 09:34:21,SYS,
olAFl67lfycIVVHClW2T0Rf-6wVY,361.00,70032606000027	,订单退费转入,361.00,工单系统流量套餐退款,2026-06-30 09:29:23,SYS,
olAFl6yruIlo_vTBt5Ew_-xUuOS8,0.00,69212621222157	,用户提现,109.00,用户提现-退费单RF2026062922580511776,2026-06-30 09:24:58,用户提现,
ojb7F2I0tRdEyTIRFE_Xzcpr_3iQ,0.00,70032617033074	,用户提现,73.30,用户提现-退费单RF2026063008482412437,2026-06-30 08:48:50,用户提现,
ojb7F2I0tRdEyTIRFE_Xzcpr_3iQ,73.30,70032617033074	,订单退费转入,73.30,系统处理工单时转移用户余额，订单号=WN2026060709053302478,2026-06-30 08:48:24,SYS,
olAFl6zIpcYk5OrybiqrOW4JVKoQ,0.00,67492509459689	,用户提现,160.00,用户提现-退费单RF2026063008252448053,2026-06-30 08:27:03,用户提现,
olAFl6zIpcYk5OrybiqrOW4JVKoQ,160.00,67492509459689	,订单退费转入,160.00,系统处理工单时转移用户余额，订单号=WS2026032719442602926,2026-06-30 08:25:24,SYS,
ojb7F2AOrWC1VnTLIZnBj-PaDsuU,99.00,67482610420888	,订单退费转入,99.00,工单系统流量套餐退款,2026-06-30 07:28:01,SYS,
olAFl64EDLW8k1EnzKCup63hp_eU,0.00,70032611016277	,用户提现,199.00,用户提现-退费单RF2026063007201736850,2026-06-30 07:21:19,用户提现,
olAFl64EDLW8k1EnzKCup63hp_eU,199.00,70032611016277	,订单退费转入,199.00,工单系统流量套餐退款,2026-06-30 07:20:17,SYS,
olAFl64J6UsuiP0174i5jz66-fI8,0.00,68772612326280	,用户提现,19.00,用户提现-退费单RF2026061516190203674,2026-06-30 06:13:02,用户提现,
olAFl694SZvcqWIA-Ouo1-rEHJIs,0.00,67492609641301	,用户提现,420.00,用户提现-退费单RF2026063004555978476,2026-06-30 04:56:57,用户提现,
olAFl694SZvcqWIA-Ouo1-rEHJIs,420.00,67492609641301	,订单退费转入,420.00,工单系统流量套餐退款 本单会员价格20.00元，不能退款,2026-06-30 04:56:00,SYS,
olAFl67vP162gNXz6klkj7btMElw,0.00,60912414050786	,用户提现,99.00,用户提现-退费单RF2026052714264863459,2026-06-30 02:57:12,用户提现,
olAFl61c0uhibzbIG4uVB0c0n0Dg,0.00,67482453151481	,用户提现,146.00,用户提现-退费单RF2026063000011482587,2026-06-30 00:14:22,用户提现,
olAFl61c0uhibzbIG4uVB0c0n0Dg,146.00,67482453151481	,订单退费转入,146.00,工单系统流量套餐退款,2026-06-30 00:01:15,SYS,
ojb7F2ENp9Ovdk41ArRHLf77sZSU,0.00,69212621227257	,用户提现,281.20,用户提现-退费单RF2026062918220953236,2026-06-29 23:41:24,用户提现,
olAFl6yruIlo_vTBt5Ew_-xUuOS8,109.00,69212621222157	,订单退费转入,109.00,工单系统流量套餐退款,2026-06-29 22:58:05,SYS,
olAFl6wLxKv5cPL2Z2Cd5beshiqc,0.00,68032536036459	,用户提现,179.00,用户提现-退费单RF2026062922523185777,2026-06-29 22:54:12,用户提现,
olAFl6wLxKv5cPL2Z2Cd5beshiqc,179.00,68032536036459	,订单退费转入,179.00,工单系统流量套餐退款,2026-06-29 22:52:32,SYS,
olAFl6yQ62heB3Cbd9GQ1kAmCMis,0.00,70032611006797	,用户提现,29.00,用户提现-退费单RF2026062922354621070,2026-06-29 22:36:10,用户提现,
olAFl6yQ62heB3Cbd9GQ1kAmCMis,29.00,70032611006797	,订单退费转入,29.00,工单系统流量套餐退款,2026-06-29 22:35:46,SYS,
o2uAP6zvfpcBu0pHN64sf2NoM8_g,0.00,86358034	,用户提现,40.40,用户提现-退费单RF2026062921394261349,2026-06-29 22:27:28,用户提现,
olAFl6-HesF_wUfvEZx5Abd_MpU8,0.00,67492602583205	,用户提现,34.00,用户提现-退费单RF2026062922195487260,2026-06-29 22:20:21,用户提现,
olAFl6-HesF_wUfvEZx5Abd_MpU8,34.00,67492602583205	,订单退费转入,34.00,系统处理工单时转移用户余额，订单号=WS2026021315124172147,2026-06-29 22:19:55,SYS,
olAFl62zVTR_VdpTusJ9t_6TJSyM,0.00,67492602585025	,用户提现,399.00,用户提现-退费单RF2026062921554739498,2026-06-29 22:03:06,用户提现,
olAFl62zVTR_VdpTusJ9t_6TJSyM,399.00,67492602585025	,订单退费转入,399.00,工单系统流量套餐退款,2026-06-29 21:55:47,SYS,
olAFl67OULNX_nGgmtvDu-tJFTgc,2.90,67492610677007	,订单退费转入,2.90,系统处理工单时转移用户余额，订单号=WS2026032317543825841,2026-06-29 21:46:12,SYS,
o2uAP6zvfpcBu0pHN64sf2NoM8_g,40.40,86358034	,订单退费转入,40.40,系统处理工单时转移用户余额，订单号=WS2026031310050670219,2026-06-29 21:39:43,SYS,
olAFl68-OUMy_IZY-lc8Nt3EMgsQ,0.00,67482610423117	,用户提现,300.00,用户提现-退费单RF2026062921280930979,2026-06-29 21:29:17,用户提现,
olAFl6xINsgqQKiY6VTNAhX5UW58,0.00,70032621087990	,用户提现,92.20,用户提现-退费单RF2026062921274254075,2026-06-29 21:28:11,用户提现,
olAFl68-OUMy_IZY-lc8Nt3EMgsQ,300.00,67482610423117	,订单退费转入,300.00,工单系统流量套餐退款,2026-06-29 21:28:09,SYS,
olAFl6xINsgqQKiY6VTNAhX5UW58,92.20,70032621087990	,订单退费转入,92.20,系统处理工单时转移用户余额，订单号=WN2026062510215197857,2026-06-29 21:27:43,SYS,
olAFl64mYhJfrZlDkQqKsWSI2gKg,58.00,69212621221877	,订单退费转入,58.00,工单系统流量套餐退款,2026-06-29 21:25:42,SYS,
olAFl6ztOGPQnwND29aKWaaDDwn4,0.00,67002535360246	,用户提现,93.60,用户提现-退费单RF2026062920531782150,2026-06-29 21:00:23,用户提现,
ojb7F2B4e91M7GsMLCy7b2gFDF7k,0.00,69212621218971	,用户提现,549.00,用户提现-退费单RF2026062920510996684,2026-06-29 20:56:58,用户提现,
olAFl63fI6rTWWJYn5z4IO1R9e58,0.00,70032617035704	,用户提现,66.00,用户提现-退费单RF2026062919472327150,2026-06-29 20:56:09,用户提现,
olAFl62PN-jin1fxbwSCFtCDI_98,0.00,67512448136627	,用户提现,106.00,用户提现-退费单RF2026062912510580781,2026-06-29 20:53:24,用户提现,
olAFl6ztOGPQnwND29aKWaaDDwn4,93.60,67002535360246	,订单退费转入,93.60,系统处理工单时转移用户余额，订单号=WS2025122516162377396,2026-06-29 20:53:18,SYS,
ojb7F2B4e91M7GsMLCy7b2gFDF7k,549.00,69212621218971	,订单退费转入,549.00,工单系统流量套餐退款,2026-06-29 20:51:10,SYS,
o2uAP67opQ80ZtXvu4GPRJUoo3No,0.00,86339386	,用户提现,59.00,用户提现-退费单RF2026062920385333281,2026-06-29 20:39:18,用户提现,
o2uAP67opQ80ZtXvu4GPRJUoo3No,59.00,86339386	,订单退费转入,59.00,工单系统流量套餐退款,2026-06-29 20:38:53,SYS,
olAFl6-26c0rr48z63E9x2e19tKw,0.00,69142620030520	,用户提现,78.00,用户提现-退费单RF2026062910230424481,2026-06-29 20:17:15,用户提现,
olAFl65cOQOPCJi4DvjtVWLvKPxo,0.00,60912414052509	,用户提现,55.40,用户提现-退费单RF2026062920095325888,2026-06-29 20:11:49,用户提现,
olAFl64jz8MF0IX9Y4SoA9eyzhX8,0.00,86132353173492	,用户提现,6.70,用户提现-退费单RF2026062920101009166,2026-06-29 20:10:59,用户提现,
olAFl64jz8MF0IX9Y4SoA9eyzhX8,6.70,86132353173492	,订单退费转入,6.70,系统处理工单时转移用户余额，订单号=WS2025120818004218338,2026-06-29 20:10:10,SYS,
olAFl65cOQOPCJi4DvjtVWLvKPxo,55.40,60912414052509	,订单退费转入,55.40,系统处理工单时转移用户余额，订单号=WS2025092809330076933,2026-06-29 20:09:53,SYS,
olAFl63MYHgyjT3jrsAMfYAJdJzY,0.00,67482449094932	,用户提现,86.50,用户提现-退费单RF2026062710441822896,2026-06-29 20:09:39,用户提现,
o4p3p61eb2mDEMgqG9539udrRL44,0.00,867921073636259	,用户提现,238.00,用户提现-退费单RF2026062920042654978,2026-06-29 20:04:57,用户提现,
o4p3p61eb2mDEMgqG9539udrRL44,238.00,867921073636259	,订单退费转入,238.00,工单系统流量套餐退款,2026-06-29 20:04:27,SYS,
olAFl6_llvB-EipzEoxb-5tKWn6Y,0.00,67002453179764	,用户提现,128.10,用户提现-退费单RF2026060203150844915,2026-06-29 19:58:52,用户提现,
olAFl6_llvB-EipzEoxb-5tKWn6Y,128.10,67002453179764	,用户提现,180.00,用户提现-退费单RF2026060203150845319,2026-06-29 19:58:50,用户提现,
olAFl640-N5aMCh45aWFttosb3GM,0.00,864665064287019	,用户提现,93.20,用户提现-退费单RF2026062919522415821,2026-06-29 19:53:49,用户提现,
olAFl640-N5aMCh45aWFttosb3GM,93.20,864665064287019	,订单退费转入,93.20,系统处理工单时转移用户余额，订单号=WN2026062819214419272,2026-06-29 19:52:24,SYS,
olAFl68SLBjn5BZl7UgcXRSjywDo,0.00,69142529007721	,用户提现,28.40,用户提现-退费单RF2026061000592001685,2026-06-29 19:48:03,用户提现,
olAFl63fI6rTWWJYn5z4IO1R9e58,66.00,70032617035704	,订单退费转入,66.00,系统处理工单时转移用户余额，订单号=WS2026061017234644718,2026-06-29 19:47:23,SYS,
ojb7F2LNE1CVPf88jNtM2Gq6-dkw,0.00,70032611015392	,用户提现,54.00,用户提现-退费单RF2026062918505149252,2026-06-29 19:36:04,用户提现,
ojb7F2M0HpNhRgswWGD2UZ-iXRR0,0.00,70032611014624	,用户提现,389.00,用户提现-退费单RF2026062908462445745,2026-06-29 19:28:05,用户提现,
olAFl61p1zDwFIoOrUjiL0FZDBeg,0.00,67492552545840	,用户提现,114.40,用户提现-退费单RF2026062419044777050,2026-06-29 19:19:58,用户提现,
olAFl6151i0Y2xV661IvudOjHBFk,0.00,68772602259994	,用户提现,131.20,用户提现-退费单RF2026062919034846145,2026-06-29 19:05:31,用户提现,
olAFl6151i0Y2xV661IvudOjHBFk,131.20,68772602259994	,订单退费转入,131.20,系统处理工单时转移用户余额，订单号=WS2026030310584106483,2026-06-29 19:03:48,SYS,
ojb7F2Esa8dNqv9UGP2sPgtP8IcI,0.00,67492609640876	,用户提现,172.20,用户提现-退费单RF2026062919021526477,2026-06-29 19:03:01,用户提现,
ojb7F2Esa8dNqv9UGP2sPgtP8IcI,172.20,67492609640876	,订单退费转入,172.20,系统处理工单时转移用户余额，订单号=WS2026061313130013644,2026-06-29 19:02:15,SYS,
ojb7F2LNE1CVPf88jNtM2Gq6-dkw,54.00,70032611015392	,订单退费转入,54.00,系统处理工单时转移用户余额，订单号=WS2026062918281831888,2026-06-29 18:50:51,SYS,
ojb7F2M0HpNhRgswWGD2UZ-iXRR0,389.00,70032611014624	,订单退费转入,389.00,工单系统审核退费单-套餐已作废/钱包已清零,2026-06-29 18:34:23,SYS,
olAFl69FC5lwLNTmuK5JoS-TpHJc,0.00,68772604280423	,用户提现,83.60,用户提现-退费单RF2026062918114847483,2026-06-29 18:28:00,用户提现,
ojb7F2GcmbiyJIPYinf8GEgkKwoQ,0.00,69212621220188	,用户提现,164.00,用户提现-退费单RF2026062918223550061,2026-06-29 18:24:06,用户提现,
ojb7F2GcmbiyJIPYinf8GEgkKwoQ,164.00,69212621220188	,订单退费转入,164.00,工单系统流量套餐退款,2026-06-29 18:22:36,SYS,
ojb7F2ENp9Ovdk41ArRHLf77sZSU,281.20,69212621227257	,订单退费转入,281.20,系统处理工单时转移用户余额，订单号=WS2026062810462496342,2026-06-29 18:22:10,SYS,
olAFl66Wt7eQo-6fXqlVhYP5IIXA,0.00,70032617031853	,用户提现,490.00,用户提现-退费单RF2026062918192093826,2026-06-29 18:19:41,用户提现,
olAFl66Wt7eQo-6fXqlVhYP5IIXA,490.00,70032617031853	,订单退费转入,490.00,工单系统流量套餐退款,2026-06-29 18:19:21,SYS,
olAFl69FC5lwLNTmuK5JoS-TpHJc,83.60,68772604280423	,订单退费转入,83.60,系统处理工单时转移用户余额，订单号=WS2026032210235118150,2026-06-29 18:11:48,SYS,
olAFl61myg7FA3coyaqnNkzX-9so,0.00,67492508411953	,用户提现,45.80,用户提现-退费单RF2026062915090654677,2026-06-29 17:58:04,用户提现,
olAFl67rz0_sVct--J8iI2fzhLBs,71.20,68772543147689	,订单退费转入,71.20,系统处理工单时转移用户余额，订单号=WN2025121423275726927,2026-06-29 17:57:50,SYS,
olAFl6-m65B3n7gvz0hOfhKLpbaU,0.00,	,系统扣费,140.00,用户无可退退费单，钱包清零,2026-06-29 17:24:40,SYS,
ojb7F2FhV1XOoXQjoruWzCDE90yk,100.00,69212621221397	,订单退费转入,100.00,工单系统审核退费单-套餐已作废/钱包已清零,2026-06-29 17:14:31,SYS,
ojb7F2EHZbuL55TR6OhpSwGPsSOg,0.00,69212621219319	,用户提现,39.00,用户提现-退费单RF2026062913471790045,2026-06-29 17:04:58,用户提现,
olAFl6xpY-j5mq_Qnldj6BzIudZs,100.00,69212621219557	,订单退费转入,100.00,系统处理工单时转移用户余额，订单号=WN2026062714024339755,2026-06-29 17:03:05,SYS,
o4p3p6-aM7hzvF3pwiqq-1GURaIU,0.00,867921073623661	,用户提现,1388.00,用户提现-退费单RF2026062916432100598,2026-06-29 16:44:45,用户提现,
o4p3p6-aM7hzvF3pwiqq-1GURaIU,1388.00,867921073623661	,订单退费转入,1388.00,工单系统流量套餐退款,2026-06-29 16:43:21,SYS,
ojb7F2Gejvg5ibfMbY_jbRuBBZMM,0.00,70032611009324	,用户提现,61.20,用户提现-退费单RF2026062822312773338,2026-06-29 16:41:04,用户提现,
olAFl6wCVwuy4UOAZ5scPkMym3fU,0.00,69212544101520	,用户提现,112.40,用户提现-退费单RF2026062916200515475,2026-06-29 16:22:20,用户提现,
olAFl6wCVwuy4UOAZ5scPkMym3fU,112.40,69212544101520	,订单退费转入,112.40,系统处理工单时转移用户余额，订单号=WS2026051309113466963,2026-06-29 16:20:05,SYS,
olAFl65qxq2VqwWBkK6RzwceBmwk,0.00,864665067316989	,用户提现,49.70,用户提现-退费单RF2026062916094007148,2026-06-29 16:10:19,用户提现,
olAFl65qxq2VqwWBkK6RzwceBmwk,49.70,864665067316989	,订单退费转入,49.70,系统处理工单时转移用户余额，订单号=WN2026040919344075219,2026-06-29 16:09:40,SYS,
ojb7F2L1zQAaNT01xsDySBXs-gOQ,212.00,69212602136812	,订单退费转入,212.00,工单系统流量套餐退款,2026-06-29 16:04:47,SYS,
ojb7F2FpSYh_RxKmrosZJC7lU8GQ,57.00,70032617035964	,订单退费转入,57.00,工单系统流量套餐退款,2026-06-29 15:57:47,SYS,
olAFl61myg7FA3coyaqnNkzX-9so,45.80,67492508411953	,订单退费转入,45.80,工单系统流量套餐退款 组合支付：微信退费 45.80,2026-06-29 15:09:07,SYS,
olAFl6_mWHp2acryyYVqjaTUP-_U,0.00,68772604278713	,用户提现,420.00,用户提现-退费单RF2026062912484909375,2026-06-29 15:06:30,用户提现,
olAFl6yiwOwzFpdzAE0oVEsB9OIc,0.00,68052511018710	,用户提现,302.40,用户提现-退费单RF2026062914400365535,2026-06-29 14:41:03,用户提现,
olAFl6yiwOwzFpdzAE0oVEsB9OIc,302.40,68052511018710	,订单退费转入,302.40,系统处理工单时转移用户余额，订单号=WS2026052416182561194,2026-06-29 14:40:04,SYS,
olAFl69icDrgpRJ6C_oU1yg1ICjA,0.00,864665071520311	,用户提现,133.70,用户提现-退费单RF2026062914352530026,2026-06-29 14:35:58,用户提现,
olAFl69icDrgpRJ6C_oU1yg1ICjA,133.70,864665071520311	,订单退费转入,133.70,系统处理工单时转移用户余额，订单号=WS2025100810413198448,2026-06-29 14:35:25,SYS,
olAFl64-8zfQty9NTRlXUJ72ZtqQ,0.00,68772610300615	,用户提现,53.60,用户提现-退费单RF2026062914331084799,2026-06-29 14:34:48,用户提现,
olAFl6yI_vAdEYZYcfR625DRCcyc,0.00,69212538050413	,用户提现,124.20,用户提现-退费单RF2026062914335750356,2026-06-29 14:34:33,用户提现,
olAFl6yI_vAdEYZYcfR625DRCcyc,124.20,69212538050413	,订单退费转入,124.20,系统处理工单时转移用户余额，订单号=WS2026051611100721963,2026-06-29 14:33:58,SYS,
olAFl64-8zfQty9NTRlXUJ72ZtqQ,53.60,68772610300615	,订单退费转入,53.60,系统处理工单时转移用户余额，订单号=WS2026032520265429988,2026-06-29 14:33:11,SYS,
ojb7F2EHZbuL55TR6OhpSwGPsSOg,39.00,69212621219319	,订单退费转入,39.00,工单系统流量套餐退款,2026-06-29 13:47:18,SYS,
olAFl6-7OmRfdwMPKA_ZkSNoXhAo,0.00,70032621091100	,用户提现,172.20,用户提现-退费单RF2026062815560862510,2026-06-29 13:41:47,用户提现,
olAFl6xLu9M6m-PkBQkEpcEA66mc,0.00,60912426131726	,用户提现,97.50,用户提现-退费单RF2026062913365692329,2026-06-29 13:39:37,用户提现,
olAFl6xLu9M6m-PkBQkEpcEA66mc,97.50,60912426131726	,订单退费转入,97.50,系统处理工单时转移用户余额，订单号=WS2026022607035054758,2026-06-29 13:36:57,SYS,
olAFl69WQGULHEzDK_IsndAU0LaM,230.00,68772612325575	,订单退费转入,230.00,工单系统流量套餐退款 本单会员价格20.00元，不能退款,2026-06-29 13:12:36,SYS,
ojb7F2CZnXr9NbVtOyDpfgqxYkAA,106.00,70032621088447	,订单退费转入,106.00,工单系统流量套餐退款,2026-06-29 13:00:51,SYS,
olAFl62PN-jin1fxbwSCFtCDI_98,106.00,67512448136627	,订单退费转入,106.00,工单系统流量套餐退款,2026-06-29 12:51:06,SYS,
olAFl6_mWHp2acryyYVqjaTUP-_U,420.00,68772604278713	,订单退费转入,420.00,工单系统流量套餐退款 本单会员价格20.00元，不能退款,2026-06-29 12:48:49,SYS,
ojb7F2Bc2XG-67Nj-gwZQ8SNRtwc,399.00,70032621088983	,订单退费转入,399.00,工单系统流量套餐退款,2026-06-29 12:40:26,SYS,
olAFl63qDObj3WcSn8xLzcA18g1s,0.00,69212612182362	,用户提现,154.00,用户提现-退费单RF2026062603151709759,2026-06-29 12:31:13,用户提现,
olAFl69onqVue6t15Kjf5bBaIh28,0.00,67482503209366	,用户提现,95.80,用户提现-退费单RF2026062912002779638,2026-06-29 12:00:47,用户提现,
olAFl69onqVue6t15Kjf5bBaIh28,95.80,67482503209366	,订单退费转入,95.80,系统处理工单时转移用户余额，订单号=WN2026062116542558038,2026-06-29 12:00:28,SYS,
olAFl655o7efKdRdvNc3vprJs2TE,0.00,69212621221019	,用户提现,92.20,用户提现-退费单RF2026062911235488493,2026-06-29 11:43:58,用户提现,
olAFl67m-CTHg53uB0mJzp5HVyUQ,0.00,67512525224254	,用户提现,400.00,用户提现-退费单RF2026062911323569225,2026-06-29 11:33:00,用户提现,
olAFl67m-CTHg53uB0mJzp5HVyUQ,400.00,67512525224254	,订单退费转入,400.00,工单系统流量套餐退款 本单会员价格20.00元，不能退款,2026-06-29 11:32:36,SYS,
olAFl655o7efKdRdvNc3vprJs2TE,92.20,69212621221019	,订单退费转入,92.20,系统处理工单时转移用户余额，订单号=WN2026062118505442041,2026-06-29 11:23:55,SYS,
olAFl65LVZLM8ogbjmUfnn9PDp94,0.00,67492445343783	,用户提现,103.20,用户提现-退费单RF2026062911142162785,2026-06-29 11:14:53,用户提现,
olAFl65LVZLM8ogbjmUfnn9PDp94,103.20,67492445343783	,订单退费转入,103.20,系统处理工单时转移用户余额，订单号=WS2026031619091195683,2026-06-29 11:14:22,SYS,
olAFl66dlUSf5wF5SKKCmyA9cIR4,52.20,67002523288395	,订单退费转入,52.20,工单系统流量套餐退款 本单会员价格20.00元，不能退款 组合支付：微信退费 52.20,2026-06-29 11:02:49,SYS,
ojb7F2BYznsCIc8zplHu6mXVfKtY,0.00,67482610416723	,用户提现,94.00,用户提现-退费单RF2026060518113594889,2026-06-29 11:00:15,用户提现,
olAFl67vQv5SY1MkublS5fZ-vigg,0.00,864665070533083	,用户提现,566.00,用户提现-退费单RF2026062810041910464,2026-06-29 10:53:32,用户提现,
olAFl6yUqoL0WhdfmWLSpD2Gl_wM,0.00,67482454167308	,用户提现,75.30,用户提现-退费单RF2026062910522708350,2026-06-29 10:53:25,用户提现,
olAFl65c5ph1_NkE7mog27qM1WbQ,0.00,67482610424233	,用户提现,88.40,用户提现-退费单RF2026062910401524350,2026-06-29 10:52:27,用户提现,
olAFl6yUqoL0WhdfmWLSpD2Gl_wM,75.30,67482454167308	,订单退费转入,75.30,系统处理工单时转移用户余额，订单号=WN2026061218271650873,2026-06-29 10:52:27,SYS,
ojb7F2KCkPl9CXYT14k9wbBlGFrE,0.00,69212621216723	,用户提现,179.00,用户提现-退费单RF2026062910440557925,2026-06-29 10:49:26,用户提现,
ojb7F2KCkPl9CXYT14k9wbBlGFrE,179.00,69212621216723	,订单退费转入,179.00,工单系统流量套餐退款,2026-06-29 10:44:06,SYS,
olAFl65c5ph1_NkE7mog27qM1WbQ,88.40,67482610424233	,订单退费转入,88.40,系统处理工单时转移用户余额，订单号=WS2026032621020647983,2026-06-29 10:40:15,SYS,
olAFl6-jdy2gTkKrSeAFAu00ETDk,0.00,67512535258135	,用户提现,105.30,用户提现-退费单RF2026062015060489032,2026-06-29 10:26:24,用户提现,
olAFl6-26c0rr48z63E9x2e19tKw,78.00,69142620030520	,订单退费转入,78.00,工单系统流量套餐退款 本单会员价格20.00元，不能退款,2026-06-29 10:23:04,SYS,
olAFl69inQnkTddN8vyO_8yRJE0U,0.00,864665063404029	,用户提现,179.00,用户提现-退费单RF2026062909574858987,2026-06-29 10:09:37,用户提现,
olAFl60iVtu6coJxF606PMZd84MM,0.00,67492609652300	,用户提现,46.60,用户提现-退费单RF2026062909413659420,2026-06-29 10:05:28,用户提现,
olAFl6xPOZIwc-LF0OjQojo9YKQQ,0.00,67512443054318	,用户提现,139.40,用户提现-退费单RF2026062603151308289,2026-06-29 10:01:18,用户提现,
olAFl69GH5LHQq4vbVsETE3ne1U4,172.20,69212621223277	,订单退费转入,172.20,系统处理工单时转移用户余额，订单号=WS2026062011214017336,2026-06-29 09:58:59,SYS,
olAFl69inQnkTddN8vyO_8yRJE0U,179.00,864665063404029	,订单退费转入,179.00,工单系统流量套餐退款,2026-06-29 09:57:49,SYS,
olAFl6w2fqRpgcBnTD-_ddInd45E,0.00,864665063277599	,用户提现,15.60,用户提现-退费单RF2026062719504663723,2026-06-29 09:50:53,用户提现,
olAFl60iVtu6coJxF606PMZd84MM,46.60,67492609652300	,订单退费转入,46.60,系统处理工单时转移用户余额，订单号=WS2026031617315872782,2026-06-29 09:41:37,SYS,
ojb7F2OJ-rTpI66arfIU-8p_BHZw,19.00,69142620033007	,订单退费转入,19.00,工单系统流量套餐退款 本单会员价格20.00元，不能退款,2026-06-29 09:36:52,SYS,
olAFl6wQ7310osHuU7tLdUZ_T39M,0.00,70032617026816	,用户提现,29.00,用户提现-退费单RF2026062909215816994,2026-06-29 09:29:19,用户提现,
olAFl6wQ7310osHuU7tLdUZ_T39M,29.00,70032617026816	,订单退费转入,29.00,工单系统流量套餐退款,2026-06-29 09:21:58,SYS,
olAFl62QANqelzqTUFJXW4Lj3Cjo,162.10,67512525200347	,订单退费转入,162.10,系统处理工单时转移用户余额，订单号=WS2026062907542248192,2026-06-29 09:18:07,SYS,
ojb7F2Aj1C50F6tzZL6CUGzQeUQI,0.00,69212621220407	,用户提现,120.00,用户提现-退费单RF2026062908551218371,2026-06-29 09:06:51,用户提现,
olAFl610pFr3IHL_Nan49jWmD4VQ,0.00,68932604050602	,用户提现,280.00,用户提现-退费单RF2026062908513438794,2026-06-29 08:55:32,用户提现,
ojb7F2Aj1C50F6tzZL6CUGzQeUQI,120.00,69212621220407	,订单退费转入,120.00,工单系统流量套餐退款 本单会员价格20.00元，不能退款,2026-06-29 08:55:12,SYS,
olAFl6xAxWjI-Oa7EG_A2b9hDIJw,0.00,69142620029461	,用户提现,134.00,用户提现-退费单RF2026062908535040938,2026-06-29 08:54:39,用户提现,
olAFl68C0oxa_TPrSxCiGUiPH0zQ,0.00,67512443058652	,用户提现,121.80,用户提现-退费单RF2026062908475823081,2026-06-29 08:54:17,用户提现,
olAFl6xAxWjI-Oa7EG_A2b9hDIJw,134.00,69142620029461	,订单退费转入,134.00,系统处理工单时转移用户余额，订单号=WS2026052600451679416,2026-06-29 08:53:50,SYS,
olAFl610pFr3IHL_Nan49jWmD4VQ,280.00,68932604050602	,订单退费转入,280.00,工单系统流量套餐退款,2026-06-29 08:51:34,SYS,
olAFl68C0oxa_TPrSxCiGUiPH0zQ,121.80,67512443058652	,订单退费转入,121.80,系统处理工单时转移用户余额，订单号=WS2026022316322534199,2026-06-29 08:47:58,SYS,
ojb7F2JWeZK9LBAGaKMbQYieJzco,0.00,69212621219619	,用户提现,106.00,用户提现-退费单RF2026062908405493334,2026-06-29 08:43:13,用户提现,
ojb7F2JWeZK9LBAGaKMbQYieJzco,106.00,69212621219619	,订单退费转入,106.00,工单系统流量套餐退款,2026-06-29 08:40:55,SYS,
olAFl65C78EMJtZzktFJDY6sEsvQ,0.00,67512443064060	,用户提现,113.90,用户提现-退费单RF2026062908310660320,2026-06-29 08:31:52,用户提现,
olAFl65C78EMJtZzktFJDY6sEsvQ,113.90,67512443064060	,订单退费转入,113.90,系统处理工单时转移用户余额，订单号=WS2026051122343827832,2026-06-29 08:31:07,SYS,
olAFl68gWxJSHxIkV7QFHpqiTZP4,0.00,67492538519493	,用户提现,50.00,用户提现-退费单RF2026062907444297976,2026-06-29 07:45:31,用户提现,
olAFl68gWxJSHxIkV7QFHpqiTZP4,50.00,67492538519493	,订单退费转入,50.00,工单系统流量套餐退款,2026-06-29 07:44:43,SYS,
ojb7F2I7q95PdAk8-AaddISXhHuY,0.00,70032621090438	,用户提现,172.20,用户提现-退费单RF2026062823494359059,2026-06-28 23:50:29,用户提现,
ojb7F2I7q95PdAk8-AaddISXhHuY,172.20,70032621090438	,订单退费转入,172.20,系统处理工单时转移用户余额，订单号=WS2026062321132403454,2026-06-28 23:49:44,SYS,
olAFl6xJKB_GImB8Ok93xvOQX2ak,40.90,864665065462389	,订单退费转入,40.90,工单系统流量套餐退款 组合支付：微信退费 40.90,2026-06-28 23:33:51,SYS,
olAFl64BU7WDiltZ1EOQjm1qn-Xw,0.00,70032611013085	,用户提现,62.20,用户提现-退费单RF2026062822575270335,2026-06-28 23:01:54,用户提现,
olAFl64BU7WDiltZ1EOQjm1qn-Xw,62.20,70032611013085	,订单退费转入,62.20,系统处理工单时转移用户余额，订单号=WN2026050615391073978,2026-06-28 22:57:53,SYS,
ojb7F2Gejvg5ibfMbY_jbRuBBZMM,61.20,70032611009324	,订单退费转入,61.20,系统处理工单时转移用户余额，订单号=WN2026062723292012139,2026-06-28 22:31:28,SYS,
olAFl69eEcpcddEbszRgp0algezM,0.00,67482504274833	,用户提现,261.00,用户提现-退费单RF2026062808501477455,2026-06-28 22:16:01,用户提现,
olAFl64Bzk1A5KgAXzG2l5vTBTz8,0.00,67482449101953	,用户提现,126.20,用户提现-退费单RF2026062821521744296,2026-06-28 21:58:26,用户提现,
olAFl6yHIcn55NaZQSaJuOa8nYWs,0.00,68032513022775	,用户提现,28.00,用户提现-退费单RF2026062821525437790,2026-06-28 21:53:50,用户提现,
olAFl6yHIcn55NaZQSaJuOa8nYWs,28.00,68032513022775	,订单退费转入,28.00,系统处理工单时转移用户余额，订单号=WN2025120416431230953,2026-06-28 21:52:54,SYS,
olAFl64Bzk1A5KgAXzG2l5vTBTz8,126.20,67482449101953	,订单退费转入,126.20,系统处理工单时转移用户余额，订单号=WS2026041622490469542,2026-06-28 21:52:17,SYS,
olAFl6yGccj9vrzIUhiv1wI0qdcs,0.00,69212612186248	,用户提现,61.00,用户提现-退费单RF2026062821272108618,2026-06-28 21:43:42,用户提现,
olAFl63csR3tnZ07wt2LJ6jjCFlY,0.00,67482610413275	,用户提现,120.00,用户提现-退费单RF2026062815535114855,2026-06-28 21:32:32,用户提现,
olAFl6yGccj9vrzIUhiv1wI0qdcs,61.00,69212612186248	,订单退费转入,61.00,工单系统流量套餐退款,2026-06-28 21:27:21,SYS,
olAFl642whIJI7V6ejkr-Pyf_SE4,0.00,864665070213470	,用户提现,150.10,用户提现-退费单RF2026062821264081965,2026-06-28 21:27:12,用户提现,
olAFl642whIJI7V6ejkr-Pyf_SE4,150.10,864665070213470	,订单退费转入,150.10,系统处理工单时转移用户余额，订单号=WS2026062818303441641,2026-06-28 21:26:41,SYS,
olAFl6w6Gv52j21PEMlXJw5KBfSI,0.00,67482448040157	,用户提现,30.30,用户提现-退费单RF2026062821162271621,2026-06-28 21:26:39,用户提现,
ojb7F2OkyKp50mQ1pEh7AiLhRMGU,0.00,69212621222156	,用户提现,188.00,用户提现-退费单RF2026062819132223933,2026-06-28 21:25:03,用户提现,
ojb7F2A0udhZ-4gFj6HBzdVS3Qdo,0.00,68772522034711	,用户提现,99.00,用户提现-退费单RF2026062821154040160,2026-06-28 21:16:24,用户提现,
olAFl6w6Gv52j21PEMlXJw5KBfSI,30.30,67482448040157	,订单退费转入,30.30,工单系统流量套餐退款 组合支付：微信退费 30.30,2026-06-28 21:16:23,SYS,
ojb7F2A0udhZ-4gFj6HBzdVS3Qdo,99.00,68772522034711	,订单退费转入,99.00,工单系统流量套餐退款,2026-06-28 21:15:40,SYS,
olAFl65b3S7ue42AwffPl8gbR14o,0.00,63272426058179	,用户提现,108.40,用户提现-退费单RF2026062820463514368,2026-06-28 20:47:52,用户提现,
olAFl65b3S7ue42AwffPl8gbR14o,108.40,63272426058179	,订单退费转入,108.40,系统处理工单时转移用户余额，订单号=WS2026050419323049350,2026-06-28 20:46:35,SYS,
olAFl62y47eyQ-GoFDB0BuPw3z7o,0.00,864665065361763	,用户提现,38.60,用户提现-退费单RF2026062820355081530,2026-06-28 20:36:12,用户提现,
olAFl62y47eyQ-GoFDB0BuPw3z7o,38.60,864665065361763	,订单退费转入,38.60,工单系统流量套餐退款 组合支付：微信退费 38.60,2026-06-28 20:35:51,SYS,
olAFl69YRsO29EEG6ExL0m3o4hQ0,0.00,67002509212621	,用户提现,66.00,用户提现-退费单RF2026062819295911752,2026-06-28 19:30:53,用户提现,
olAFl69YRsO29EEG6ExL0m3o4hQ0,66.00,67002509212621	,订单退费转入,66.00,系统处理工单时转移用户余额，订单号=WS2025100610071007079,2026-06-28 19:29:59,SYS,
ojb7F2OkyKp50mQ1pEh7AiLhRMGU,188.00,69212621222156	,订单退费转入,188.00,工单系统流量套餐退款,2026-06-28 19:13:22,SYS,
olAFl6zcRVnI50QO3t06Rbv7JdOA,0.00,68032504010084	,用户提现,109.00,用户提现-退费单RF2026062818465233450,2026-06-28 18:47:16,用户提现,
olAFl6zcRVnI50QO3t06Rbv7JdOA,109.00,68032504010084	,订单退费转入,109.00,工单系统流量套餐退款,2026-06-28 18:46:52,SYS,
olAFl67CUtILsqCGET_HqSJraD1I,0.00,68772602261727	,用户提现,54.00,用户提现-退费单RF2026062620131274971,2026-06-28 18:29:55,用户提现,
olAFl6_CUxrTMvLDy5ZeSkIyxDyU,0.00,67862447015372	,用户提现,69.00,用户提现-退费单RF2026062813160838449,2026-06-28 18:14:15,用户提现,
olAFl68ewi7czEZrKOEfza__dwJs,0.00,68772602245140	,用户提现,101.00,用户提现-退费单RF2026062818022284955,2026-06-28 18:04:05,用户提现,
olAFl68ewi7czEZrKOEfza__dwJs,101.00,68772602245140	,订单退费转入,101.00,工单系统流量套餐退款,2026-06-28 18:02:23,SYS,
olAFl67Ld8LqvRN6eDO98LD7832k,29.00,67482610418371	,订单退费转入,29.00,工单系统流量套餐退款,2026-06-28 17:28:40,SYS,
olAFl65tR1ojRmHB5xRlHMZx8Djo,0.00,67512445107747	,用户提现,6.00,用户提现-退费单RF2026062817110892894,2026-06-28 17:11:48,用户提现,
olAFl65tR1ojRmHB5xRlHMZx8Djo,6.00,67512445107747	,订单退费转入,6.00,系统处理工单时转移用户余额，订单号=WS2025112312304206848,2026-06-28 17:11:09,SYS,
olAFl6_qXNS7tzExyd8dEWRmHANs,0.00,67482512340403	,用户提现,479.00,用户提现-退费单RF2026062811142345659,2026-06-28 17:07:37,用户提现,
olAFl6znHV5DHIccupzfcISR7vkk,0.00,67482454182077	,用户提现,64.50,用户提现-退费单RF2026062720564354991,2026-06-28 17:02:24,用户提现,
olAFl6-nT7KIeBEu1CHqxwdgE4Co,0.00,69212606155684	,用户提现,71.50,用户提现-退费单RF2026062816123954519,2026-06-28 16:13:14,用户提现,
olAFl6-nT7KIeBEu1CHqxwdgE4Co,71.50,69212606155684	,订单退费转入,71.50,系统处理工单时转移用户余额，订单号=WS2026033022304195531,2026-06-28 16:12:40,SYS,
olAFl61v8phDb7i1tw7NFaowy4uc,0.00,67512535258594	,用户提现,116.80,用户提现-退费单RF2026062613451756468,2026-06-28 16:09:12,用户提现,
olAFl6wMPUoR_2CP8fqXP1yMEkxs,0.00,67492538518041	,用户提现,49.00,用户提现-退费单RF2026062710575600650,2026-06-28 16:06:18,用户提现,
olAFl6-7OmRfdwMPKA_ZkSNoXhAo,172.20,70032621091100	,订单退费转入,172.20,系统处理工单时转移用户余额，订单号=WS2026062220130102436,2026-06-28 15:56:09,SYS,
olAFl63csR3tnZ07wt2LJ6jjCFlY,120.00,67482610413275	,订单退费转入,120.00,工单系统流量套餐退款,2026-06-28 15:53:51,SYS,
olAFl65RfPboOj2ZaVvM0wo_Mjww,0.00,67482442008262	,用户提现,158.20,用户提现-退费单RF2026062815511691671,2026-06-28 15:51:44,用户提现,
olAFl65RfPboOj2ZaVvM0wo_Mjww,158.20,67482442008262	,订单退费转入,158.20,系统处理工单时转移用户余额，订单号=WS2026041720523970349,2026-06-28 15:51:17,SYS,
olAFl6-PIRg7TxqdiOLKgOixSxHY,0.00,68772602216070	,用户提现,20.40,用户提现-退费单RF2026062612551523439,2026-06-28 15:45:20,用户提现,
olAFl62wE_WonUOJeZoli92IxLt4,0.00,69212621225941	,用户提现,189.00,用户提现-退费单RF2026062815341952552,2026-06-28 15:37:45,用户提现,
olAFl62wE_WonUOJeZoli92IxLt4,189.00,69212621225941	,订单退费转入,189.00,工单系统流量套餐退款,2026-06-28 15:34:20,SYS,
olAFl6ygimXq8B3n6d95RlMmbCr4,0.00,86132414260144	,用户提现,69.00,用户提现-退费单RF2026062815212942150,2026-06-28 15:22:14,用户提现,
olAFl6ygimXq8B3n6d95RlMmbCr4,69.00,86132414260144	,订单退费转入,69.00,工单系统流量套餐退款,2026-06-28 15:21:29,SYS,
olAFl6xN7G1avAUqozQGhz98z1CM,99.00,68772604275687	,订单退费转入,99.00,工单系统流量套餐退款,2026-06-28 15:17:41,SYS,
ojb7F2JIW8xDMtCvEHG_nul2ldjk,0.00,69212621218579	,用户提现,74.00,用户提现-退费单RF2026062814342233185,2026-06-28 15:15:42,用户提现,
ojb7F2GGjcBcQya7fWCSZ8vtjQTU,0.00,67492602584443	,用户提现,116.00,用户提现-退费单RF2026062814351617767,2026-06-28 14:35:39,用户提现,
ojb7F2GGjcBcQya7fWCSZ8vtjQTU,116.00,67492602584443	,订单退费转入,116.00,工单系统流量套餐退款,2026-06-28 14:35:16,SYS,
ojb7F2JIW8xDMtCvEHG_nul2ldjk,74.00,69212621218579	,订单退费转入,74.00,系统处理工单时转移用户余额，订单号=WS2026061814062154218,2026-06-28 14:34:22,SYS,
ojb7F2PtKtxt588MpWaNnk9Umzpg,0.00,67492603607265	,用户提现,212.00,用户提现-退费单RF2026062603152732483,2026-06-28 14:33:11,用户提现,
odELQ6vVS4BJdUYWJgUntISBk6kY,0.00,864665069368632	,用户提现,99.00,用户提现-退费单RF2026062813573145181,2026-06-28 14:14:46,用户提现,
odELQ6vVS4BJdUYWJgUntISBk6kY,99.00,864665069368632	,订单退费转入,99.00,工单系统流量套餐退款 组合支付：微信退费 99.00,2026-06-28 13:57:31,SYS,
olAFl68d-ARPc0gTQvCgayPV3of4,125.70,67002444013676	,订单退费转入,125.70,系统处理工单时转移用户余额，订单号=WS2026042820481606244,2026-06-28 13:50:31,SYS,
olAFl6_CUxrTMvLDy5ZeSkIyxDyU,69.00,67862447015372	,订单退费转入,69.00,工单系统流量套餐退款,2026-06-28 13:16:08,SYS,
olAFl66Pvj8ASqx-xHkdQlHhe00k,0.00,68772537092046	,用户提现,55.00,用户提现-退费单RF2026062813133113191,2026-06-28 13:14:41,用户提现,
olAFl66Pvj8ASqx-xHkdQlHhe00k,55.00,68772537092046	,订单退费转入,55.00,工单系统流量套餐退款,2026-06-28 13:13:31,SYS,
ojb7F2E87BkWbyfR8NXKz9VEiTog,0.00,68932621086610	,用户提现,340.00,用户提现-退费单RF2026062813072876665,2026-06-28 13:08:04,用户提现,
ojb7F2E87BkWbyfR8NXKz9VEiTog,340.00,68932621086610	,订单退费转入,340.00,工单系统流量套餐退款 本单会员价格20.00元，不能退款,2026-06-28 13:07:29,SYS,
olAFl6yAFiYMygFmaqwLxVfEObxI,0.00,60912431172400	,用户提现,379.00,用户提现-退费单RF2026060611582574678,2026-06-28 12:55:11,用户提现,
ojb7F2J8uLfWHTv5Qoa_x5vhArUY,0.00,69212621218833	,用户提现,199.00,用户提现-退费单RF2026062812503863876,2026-06-28 12:52:27,用户提现,
ojb7F2J8uLfWHTv5Qoa_x5vhArUY,199.00,69212621218833	,订单退费转入,199.00,工单系统流量套餐退款,2026-06-28 12:50:39,SYS,
olAFl61x4Oq75goHbTX_O30KJ4dc,0.00,69212536009557	,用户提现,28.20,用户提现-退费单RF2026052103152164131,2026-06-28 12:38:53,用户提现,
ojb7F2BlyT0n8sORnNVBxnHVjQtc,0.00,67002509215271	,用户提现,9.40,用户提现-退费单RF2026062811495907321,2026-06-28 12:37:00,用户提现,
ojb7F2LYPs1EF0-1EREOnhB2KKw0,0.00,69212621225991	,用户提现,179.00,用户提现-退费单RF2026062811443838194,2026-06-28 12:19:48,用户提现,
olAFl69uce5x_zN3XjjGshgbDS_c,0.00,69212621222608	,用户提现,171.20,用户提现-退费单RF2026062613455083473,2026-06-28 12:18:30,用户提现,
olAFl6-5GthKrxM8XOBI3XwCjqm0,22.00,67492552545442	,订单退费转入,22.00,工单系统流量套餐退款,2026-06-28 11:58:25,SYS,
ojb7F2BlyT0n8sORnNVBxnHVjQtc,9.40,67002509215271	,订单退费转入,9.40,系统处理工单时转移用户余额，订单号=WS2026052912491820918,2026-06-28 11:49:59,SYS,
ojb7F2LYPs1EF0-1EREOnhB2KKw0,179.00,69212621225991	,订单退费转入,179.00,工单系统流量套餐退款,2026-06-28 11:44:38,SYS,
ojb7F2IrYAUhJSCw90zdxnF0AC5U,0.00,69212621225067	,用户提现,399.00,用户提现-退费单RF2026062811224082097,2026-06-28 11:22:59,用户提现,
ojb7F2IrYAUhJSCw90zdxnF0AC5U,399.00,69212621225067	,订单退费转入,399.00,工单系统流量套餐退款,2026-06-28 11:22:41,SYS,
olAFl63467q4fOy_98SNY7Lon5xs,0.00,67482504311708	,用户提现,106.00,用户提现-退费单RF2026062716461436811,2026-06-28 11:20:49,用户提现,
olAFl6_qXNS7tzExyd8dEWRmHANs,479.00,67482512340403	,订单退费转入,479.00,工单系统流量套餐退款 本单会员价格20.00元，不能退款,2026-06-28 11:14:23,SYS,
olAFl6wkljCUW5B-i4zGzncfOvQg,0.00,68772528054887	,用户提现,361.00,用户提现-退费单RF2026062811042446990,2026-06-28 11:06:27,用户提现,
olAFl6wkljCUW5B-i4zGzncfOvQg,361.00,68772528054887	,订单退费转入,361.00,工单系统流量套餐退款 本单会员价格20.00元，不能退款,2026-06-28 11:04:24,SYS,
olAFl60N692vRekaWfR4uSLzbOX4,0.00,67002509221187	,用户提现,87.00,用户提现-退费单RF2026062810584230574,2026-06-28 10:59:25,用户提现,
olAFl60N692vRekaWfR4uSLzbOX4,87.00,67002509221187	,订单退费转入,87.00,工单系统流量套餐退款,2026-06-28 10:58:42,SYS,
olAFl60faMDOD8cZIzHzuBS2Ze1w,0.00,67492603600867	,用户提现,63.80,用户提现-退费单RF2026062810455590048,2026-06-28 10:46:17,用户提现,
olAFl60faMDOD8cZIzHzuBS2Ze1w,63.80,67492603600867	,订单退费转入,63.80,系统处理工单时转移用户余额，订单号=WN2026030917444395699,2026-06-28 10:45:56,SYS,
olAFl6ylHiyQtRJnij7f_DR9UZBs,0.00,867061070189646	,用户提现,243.00,用户提现-退费单RF2026062810214205082,2026-06-28 10:22:18,用户提现,
olAFl6ylHiyQtRJnij7f_DR9UZBs,243.00,867061070189646	,订单退费转入,243.00,工单系统流量套餐退款 本单会员价格20.00元，不能退款,2026-06-28 10:21:42,SYS,
olAFl672r1T1Fuv68MGrktaMBHas,0.00,70032611013232	,用户提现,121.20,用户提现-退费单RF2026062810100079017,2026-06-28 10:10:50,用户提现,
olAFl672r1T1Fuv68MGrktaMBHas,121.20,70032611013232	,订单退费转入,121.20,系统处理工单时转移用户余额，订单号=WS2026051420281969819,2026-06-28 10:10:01,SYS,
olAFl67vQv5SY1MkublS5fZ-vigg,566.00,864665070533083	,订单退费转入,566.00,工单系统流量套餐退款 本单会员价格20.00元，不能退款,2026-06-28 10:04:19,SYS,
olAFl671Q36Oi1ZxxHtMHCbzzuNQ,0.00,69212612180384	,用户提现,369.00,用户提现-退费单RF2026052903151873727,2026-06-28 10:00:39,用户提现,
o2uAP6_2r7u-wSGQrIVxvBv8LAoQ,0.00,18006346	,用户提现,23.80,用户提现-退费单RF2026062419220667057,2026-06-28 09:52:49,用户提现,
ojb7F2MNqr6-tsWAGkrV1A_QRsLA,94.00,69212621221453	,订单退费转入,94.00,工单系统流量套餐退款,2026-06-28 09:39:25,SYS,
olAFl6-ecwFHwfXI4sxZhodemnmU,0.00,58812351005832	,用户提现,155.10,用户提现-退费单RF2026062809263757821,2026-06-28 09:29:03,用户提现,
olAFl6-ecwFHwfXI4sxZhodemnmU,155.10,58812351005832	,订单退费转入,155.10,系统处理工单时转移用户余额，订单号=WS2026032400104638437,2026-06-28 09:26:38,SYS,
ojb7F2M0z_Hzko15gyPR3aZ1tqL8,0.00,70032617034171	,用户提现,39.00,用户提现-退费单RF2026062809183252028,2026-06-28 09:18:48,用户提现,
ojb7F2M0z_Hzko15gyPR3aZ1tqL8,39.00,70032617034171	,订单退费转入,39.00,工单系统流量套餐退款,2026-06-28 09:18:33,SYS,
olAFl638iLnF7aX3WUB505rlc5Ao,0.00,68772612356252	,用户提现,260.20,用户提现-退费单RF2026062603151866375,2026-06-28 09:12:42,用户提现,
olAFl69eEcpcddEbszRgp0algezM,261.00,67482504274833	,订单退费转入,261.00,工单系统流量套餐退款 本单会员价格20.00元，不能退款,2026-06-28 08:50:15,SYS,
ojb7F2OWA-9S3IDN_WbJ4oCQqaxg,0.00,70032617030837	,用户提现,162.40,用户提现-退费单RF2026062808261854233,2026-06-28 08:29:40,用户提现,
ojb7F2OWA-9S3IDN_WbJ4oCQqaxg,162.40,70032617030837	,订单退费转入,162.40,系统处理工单时转移用户余额，订单号=WS2026053110545505890,2026-06-28 08:26:19,SYS,
olAFl6yoUuvNKsOjC2vqh2uez1V0,0.00,67492609640806	,用户提现,172.20,用户提现-退费单RF2026062808185551853,2026-06-28 08:20:02,用户提现,
olAFl6yoUuvNKsOjC2vqh2uez1V0,172.20,67492609640806	,订单退费转入,172.20,系统处理工单时转移用户余额，订单号=WS2026062023143284197,2026-06-28 08:18:56,SYS,
ojb7F2B_UqfPI5CtR6h8taYXKrek,146.00,67492610677325	,订单退费转入,146.00,工单系统流量套餐退款,2026-06-28 07:02:38,SYS,
odELQ6lHaWkahKqhsjCLM8YAp1_Y,0.00,67682453006783	,用户提现,40.40,用户提现-退费单RF2026062802540717070,2026-06-28 02:54:31,用户提现,
odELQ6lHaWkahKqhsjCLM8YAp1_Y,40.40,67682453006783	,订单退费转入,40.40,系统处理工单时转移用户余额，订单号=WS2026032715015353286,2026-06-28 02:54:07,SYS,
ojb7F2EpkvCZeDIQehAe_UyTNi7s,169.00,70032617030399	,订单退费转入,169.00,工单系统流量套餐退款,2026-06-28 00:08:18,SYS,
olAFl6-Wyi5nAYuD7qr_qfTw7nig,0.00,67492509434033	,用户提现,102.00,用户提现-退费单RF2026062603154280923,2026-06-27 23:55:05,用户提现,
olAFl6-2dRVMd7Qwq7DhY4La2Ta8,0.00,68932546039511	,用户提现,79.00,用户提现-退费单RF2026061421293486246,2026-06-27 23:36:03,用户提现,
o2uAP65ahjUrUec3WrS_kcStEGa4,0.00,328813135	,用户提现,399.00,用户提现-退费单RF2026062709484502563,2026-06-27 23:22:39,用户提现,
olAFl66hQ-tEi4aELwTm0QuhBgB0,0.00,67492445310273	,用户提现,75.10,用户提现-退费单RF2026062723144158357,2026-06-27 23:15:16,用户提现,
olAFl66hQ-tEi4aELwTm0QuhBgB0,75.10,67492445310273	,订单退费转入,75.10,系统处理工单时转移用户余额，订单号=WN2026060612474171225,2026-06-27 23:14:42,SYS,
ojb7F2PR5S5ONpsvjQZRIkjxal8o,0.00,70032611014441	,用户提现,469.00,用户提现-退费单RF2026062722454072234,2026-06-27 22:55:08,用户提现,
o2uAP6wnFbWNJF2BK_gYIUM3poy0,0.00,86327466	,用户提现,299.00,用户提现-退费单RF2026060618472881438,2026-06-27 22:52:50,用户提现,
ojb7F2PR5S5ONpsvjQZRIkjxal8o,469.00,70032611014441	,订单退费转入,469.00,工单系统流量套餐退款,2026-06-27 22:45:41,SYS,
olAFl69tWnxsHS0X7rwm0TQHE8t0,0.00,69212602145082	,用户提现,106.00,用户提现-退费单RF2026051503161799,2026-06-27 21:56:31,用户提现,
olAFl66LLoFxF9Xft9-mu3jor3nA,0.00,67002452086998	,用户提现,96.80,用户提现-退费单RF2026062603152211253,2026-06-27 21:52:07,用户提现,
olAFl6-ad7cdOQAdzLU4eTgZkGv8,0.00,67492609647373	,用户提现,202.00,用户提现-退费单RF2026062721402089079,2026-06-27 21:40:54,用户提现,
olAFl6-ad7cdOQAdzLU4eTgZkGv8,202.00,67492609647373	,订单退费转入,202.00,工单系统流量套餐退款,2026-06-27 21:40:21,SYS,
olAFl6wqtOlO9pWOA3M2BqCdMNqA,0.00,69212612184154	,用户提现,79.00,用户提现-退费单RF2026062603153295644,2026-06-27 21:27:23,用户提现,
olAFl67K8UkY7UCz8qEyS19X2_vY,0.00,68772612355402	,用户提现,20.30,用户提现-退费单RF2026061312414633714,2026-06-27 21:25:49,用户提现,
olAFl6znHV5DHIccupzfcISR7vkk,64.50,67482454182077	,订单退费转入,64.50,系统处理工单时转移用户余额，订单号=WS2026033010142046165,2026-06-27 20:56:44,SYS,
o4p3p65EpLAKDjnHcQT9XS2ceqI0,0.00,867921073623372	,用户提现,440.00,用户提现-退费单RF2026062708083476142,2026-06-27 20:49:17,用户提现,
ojb7F2JPUQqB9sseDqrnmv7uwzvs,0.00,70032621088311	,用户提现,109.00,用户提现-退费单RF2026062700542600984,2026-06-27 20:22:39,用户提现,
olAFl6w2fqRpgcBnTD-_ddInd45E,15.60,864665063277599	,订单退费转入,15.60,系统处理工单时转移用户余额，订单号=WS2025100611245206542,2026-06-27 19:50:47,SYS,
olAFl69YMvORrUtI8CtMR8iH6QxI,0.00,67492538518013	,用户提现,76.60,用户提现-退费单RF2026062719465802972,2026-06-27 19:48:07,用户提现,
olAFl69YMvORrUtI8CtMR8iH6QxI,76.60,67492538518013	,订单退费转入,76.60,系统处理工单时转移用户余额，订单号=WS2026042216411056759,2026-06-27 19:46:58,SYS,
olAFl67nnzfGnBTWizUHYi9fyqOw,69.00,68772610304834	,订单退费转入,69.00,工单系统流量套餐退款,2026-06-27 19:29:01,SYS,
olAFl6-9A3ZGHwxZUDcU3nkF-bbE,0.00,67492610671936	,用户提现,53.60,用户提现-退费单RF2026062716582085020,2026-06-27 19:23:24,用户提现,
olAFl60sa6WhAoIb9Vp0BT3RNhcc,0.00,67862510034885	,用户提现,105.30,用户提现-退费单RF2026062719015686732,2026-06-27 19:02:34,用户提现,
olAFl60sa6WhAoIb9Vp0BT3RNhcc,105.30,67862510034885	,订单退费转入,105.30,工单系统流量套餐退款 本单会员价格20.00元，不能退款,2026-06-27 19:01:57,SYS,
olAFl6yEoYR2MeaMszc9CMj0Lwhk,0.00,68772612354455	,用户提现,120.00,用户提现-退费单RF2026062309195929949,2026-06-27 18:54:17,用户提现,
ojb7F2NEqtBHbTyYnZZRDiB06M4E,0.00,70032617036583	,用户提现,46.00,用户提现-退费单RF2026062718481609896,2026-06-27 18:49:34,用户提现,
ojb7F2NEqtBHbTyYnZZRDiB06M4E,46.00,70032617036583	,订单退费转入,46.00,工单系统流量套餐退款,2026-06-27 18:48:16,SYS,
olAFl69vbaKxWuiv0DReqYhoMsSY,0.00,68032536036040	,用户提现,549.00,用户提现-退费单RF2026062715173726396,2026-06-27 18:10:27,用户提现,
olAFl6yPh9bc92Au5kzhme6dT0k0,0.00,69212612178142	,用户提现,120.00,用户提现-退费单RF2026062714340850310,2026-06-27 18:05:11,用户提现,
olAFl6-9A3ZGHwxZUDcU3nkF-bbE,53.60,67492610671936	,订单退费转入,53.60,系统处理工单时转移用户余额，订单号=WS2026042013205734548,2026-06-27 16:58:21,SYS,
olAFl63467q4fOy_98SNY7Lon5xs,106.00,67482504311708	,订单退费转入,106.00,工单系统流量套餐退款 本单会员价格20.00元，不能退款,2026-06-27 16:46:14,SYS,
olAFl6zRhAZVsx-z0d4PGem2TNto,0.00,67002447034303	,用户提现,25.00,用户提现-退费单RF2026062603152733755,2026-06-27 16:44:07,用户提现,
olAFl6y6HRD6x-KojHhO8w0Jxgcc,0.00,864665063352129	,用户提现,84.30,用户提现-退费单RF2026062603154756522,2026-06-27 16:29:33,用户提现,
ojb7F2HfHU_2Yf0bV3Dm24iEjdvU,0.00,69212621219196	,用户提现,199.00,用户提现-退费单RF2026062716065025538,2026-06-27 16:17:08,用户提现,
ojb7F2HfHU_2Yf0bV3Dm24iEjdvU,199.00,69212621219196	,订单退费转入,199.00,工单系统流量套餐退款,2026-06-27 16:06:50,SYS,
olAFl69co0IUA5L69Z8pw4OfNuU4,0.00,68772528056334	,用户提现,7.60,用户提现-退费单RF2026062609353291399,2026-06-27 16:04:23,用户提现,
odELQ6tfJK7PW7fhbj0Fsakm73gU,0.00,67682509015174	,用户提现,29.90,用户提现-退费单RF2026062715295863730,2026-06-27 15:42:32,用户提现,
olAFl6-zU13XmXYm3mlCG9eh-ICI,0.00,68772513001131	,用户提现,29.00,用户提现-退费单RF2026062714301707524,2026-06-27 15:38:44,用户提现,
odELQ6tfJK7PW7fhbj0Fsakm73gU,29.90,67682509015174	,订单退费转入,29.90,工单系统流量套餐退款,2026-06-27 15:29:59,SYS,
olAFl69vbaKxWuiv0DReqYhoMsSY,549.00,68032536036040	,订单退费转入,549.00,工单系统流量套餐退款,2026-06-27 15:17:37,SYS,
olAFl69jr3vyk8YeFpO49xNBKOiM,0.00,68772610305703	,用户提现,119.20,用户提现-退费单RF2026062715054391178,2026-06-27 15:08:39,用户提现,
olAFl6wN_wtnJ8NagnAfZI7HWxDE,0.00,69212536008440	,用户提现,160.30,用户提现-退费单RF2026062715073699651,2026-06-27 15:08:16,用户提现,
olAFl6wN_wtnJ8NagnAfZI7HWxDE,160.30,69212536008440	,订单退费转入,160.30,系统处理工单时转移用户余额，订单号=WS2026052812111194097,2026-06-27 15:07:37,SYS,
olAFl69jr3vyk8YeFpO49xNBKOiM,119.20,68772610305703	,订单退费转入,119.20,系统处理工单时转移用户余额，订单号=WS2026032713160418878,2026-06-27 15:05:44,SYS,
olAFl6yPh9bc92Au5kzhme6dT0k0,120.00,69212612178142	,订单退费转入,120.00,工单系统流量套餐退款,2026-06-27 14:34:09,SYS,
olAFl643k22VNVLmwmzg0fiLcurA,0.00,68772539115425	,用户提现,282.00,用户提现-退费单RF2026062711553229277,2026-06-27 14:32:34,用户提现,
olAFl6-zU13XmXYm3mlCG9eh-ICI,29.00,68772513001131	,订单退费转入,29.00,工单系统流量套餐退款,2026-06-27 14:30:17,SYS,
ojb7F2E-vmbhBnZIw2u_c6AwqGXs,0.00,70032617034418	,用户提现,90.00,用户提现-退费单RF2026062007402849142,2026-06-27 14:11:18,用户提现,
ojb7F2DshCdnkX1q_txs2fq-wsxQ,0.00,70032611014849	,用户提现,122.00,用户提现-退费单RF2026062713541954734,2026-06-27 13:55:22,用户提现,
ojb7F2DshCdnkX1q_txs2fq-wsxQ,122.00,70032611014849	,订单退费转入,122.00,系统处理工单时转移用户余额，订单号=WS2026060120162998674,2026-06-27 13:54:20,SYS,
olAFl64GwmDbr4JB5fHddOVRuUXs,0.00,69212612176094	,用户提现,82.60,用户提现-退费单RF2026062700230743134,2026-06-27 13:30:32,用户提现,
olAFl6wHbv5KtAwVXTRKxTZoYg7o,0.00,67482448042533	,用户提现,93.30,用户提现-退费单RF2026062713090216170,2026-06-27 13:10:05,用户提现,
olAFl6wHbv5KtAwVXTRKxTZoYg7o,93.30,67482448042533	,订单退费转入,93.30,系统处理工单时转移用户余额，订单号=WN2026051812414140150,2026-06-27 13:09:02,SYS,
ojb7F2G4v5Lzc_9Vdhj_KhEUv7-w,0.00,69212621227254	,用户提现,79.00,用户提现-退费单RF2026062712471608572,2026-06-27 12:48:36,用户提现,
ojb7F2G4v5Lzc_9Vdhj_KhEUv7-w,79.00,69212621227254	,订单退费转入,79.00,工单系统流量套餐退款,2026-06-27 12:47:16,SYS,
olAFl6-Zhj71Fdlqbo4fmtjChfeo,0.00,68772610301190	,用户提现,97.50,用户提现-退费单RF2026062712200648761,2026-06-27 12:20:21,用户提现,
olAFl6-Zhj71Fdlqbo4fmtjChfeo,97.50,68772610301190	,订单退费转入,97.50,系统处理工单时转移用户余额，订单号=WS2026050909060943734,2026-06-27 12:20:06,SYS,
olAFl68_C7eA2P7KHWhXW8yEG9Qo,0.00,69212621225476	,用户提现,69.00,用户提现-退费单RF2026062616224527895,2026-06-27 12:15:50,用户提现,
olAFl6yTE7JLfLc1TeXTMZKrYiRU,0.00,69212621223003	,用户提现,138.00,用户提现-退费单RF2026062510022038678,2026-06-27 12:06:05,用户提现,
ojb7F2AgMV0oIJZiZ5xd9aPeRC9E,110.00,69212612183221	,订单退费转入,110.00,工单系统流量套餐退款 本单会员价格20.00元，不能退款,2026-06-27 12:02:13,SYS,
olAFl6z4dydM-NItOeoVF4CkujZs,0.00,864665065720463	,用户提现,479.00,用户提现-退费单RF2026062712012188625,2026-06-27 12:01:39,用户提现,
olAFl6z4dydM-NItOeoVF4CkujZs,479.00,864665065720463	,订单退费转入,479.00,工单系统流量套餐退款,2026-06-27 12:01:22,SYS,
olAFl643k22VNVLmwmzg0fiLcurA,282.00,68772539115425	,订单退费转入,282.00,工单系统流量套餐退款,2026-06-27 11:55:32,SYS,
o2uAP65ahjUrUec3WrS_kcStEGa4,399.00,328813135	,订单退费转入,399.00,工单系统审核退费单-套餐已作废/钱包已清零,2026-06-27 11:46:41,SYS,
olAFl62c3amKpmJnEJ-DZP-YCwhI,0.00,67482454162084	,用户提现,10.00,用户提现-退费单RF2026062711231365218,2026-06-27 11:23:33,用户提现,
olAFl62c3amKpmJnEJ-DZP-YCwhI,10.00,67482454162084	,订单退费转入,10.00,系统处理工单时转移用户余额，订单号=WS2025112412055072087,2026-06-27 11:23:14,SYS,
ojb7F2P5uqYsRzfeNhgs2FRoJxCE,0.00,69142620026928	,用户提现,479.00,用户提现-退费单RF2026062711023896394,2026-06-27 11:02:59,用户提现,
ojb7F2P5uqYsRzfeNhgs2FRoJxCE,479.00,69142620026928	,订单退费转入,479.00,工单系统流量套餐退款 本单会员价格20.00元，不能退款,2026-06-27 11:02:39,SYS,
olAFl6wMPUoR_2CP8fqXP1yMEkxs,49.00,67492538518041	,订单退费转入,49.00,工单系统流量套餐退款,2026-06-27 10:57:56,SYS,
olAFl66jdwrC6rLI6pSMhf9Z26do,0.00,69212537039563	,用户提现,66.80,用户提现-退费单RF2026062706354829611,2026-06-27 10:50:07,用户提现,
olAFl67PFShrWjo6Ntc7riQX4jEg,0.00,68032454001509	,用户提现,23.50,用户提现-退费单RF2026062610124921929,2026-06-27 10:50:00,用户提现,
olAFl6-LZiM2sMiCKgJ6EqXnpy7E,0.00,864665068132344	,用户提现,71.60,用户提现-退费单RF2026062710462179017,2026-06-27 10:46:50,用户提现,
olAFl6-LZiM2sMiCKgJ6EqXnpy7E,71.60,864665068132344	,订单退费转入,71.60,系统处理工单时转移用户余额，订单号=WN2026020615390086532,2026-06-27 10:46:22,SYS,
olAFl63MYHgyjT3jrsAMfYAJdJzY,86.50,67482449094932	,订单退费转入,86.50,系统处理工单时转移用户余额，订单号=WN2026052010015938994,2026-06-27 10:44:18,SYS,
olAFl6zdJRXKXtgnFELGTskDGCuk,0.00,67512535271170	,用户提现,46.00,用户提现-退费单RF2026062710333781476,2026-06-27 10:34:39,用户提现,
olAFl6zdJRXKXtgnFELGTskDGCuk,46.00,67512535271170	,订单退费转入,46.00,工单系统流量套餐退款,2026-06-27 10:33:38,SYS,
olAFl6wtXVBybnrlfaxn8ZnbrdjU,0.00,68772604272151	,用户提现,150.40,用户提现-退费单RF2026062516170623847,2026-06-27 10:18:02,用户提现,
olAFl69f0FHJ1gJqZiF0nJPpRBgY,0.00,86132347124506	,用户提现,180.00,用户提现-退费单RF2026062710170133539,2026-06-27 10:17:35,用户提现,
olAFl69f0FHJ1gJqZiF0nJPpRBgY,180.00,86132347124506	,订单退费转入,180.00,系统处理工单时转移用户余额，订单号=WS2026052923304283681,2026-06-27 10:17:01,SYS,
olAFl635zjBttgrGdIcvn0B4cZYw,0.00,68932546039238	,用户提现,120.00,用户提现-退费单RF2026062603151872340,2026-06-27 10:13:45,用户提现,
olAFl68xbjpa4k9gpuIKWhBCiV-Q,0.00,67002452078545	,用户提现,108.80,用户提现-退费单RF2026062603152405271,2026-06-27 10:06:17,用户提现,
olAFl64dHYvuCivgaJ1F0NHcWLqg,0.00,69142620031401	,用户提现,180.00,用户提现-退费单RF2026062709525175157,2026-06-27 09:53:38,用户提现,
olAFl64dHYvuCivgaJ1F0NHcWLqg,180.00,69142620031401	,订单退费转入,180.00,系统处理工单时转移用户余额，订单号=WS2026062109553338592,2026-06-27 09:52:52,SYS,
ojb7F2Kjvh4IofKHSug3ZkqaHhdk,0.00,68772520016657	,用户提现,359.00,用户提现-退费单RF2026062708483998059,2026-06-27 09:49:18,用户提现,
olAFl6zY9V-lH5Grtv18g9FrD-SY,0.00,69142620034652	,用户提现,129.00,用户提现-退费单RF2026061112180285293,2026-06-27 09:31:07,用户提现,
olAFl69y7BTzu8vYPI9zznLCpcQ4,0.00,867061074917919	,用户提现,324.20,用户提现-退费单RF2026062709023415359,2026-06-27 09:05:18,用户提现,
olAFl69y7BTzu8vYPI9zznLCpcQ4,324.20,867061074917919	,订单退费转入,324.20,工单系统流量套餐退款,2026-06-27 09:02:34,SYS,
olAFl6yjW29MSRjT5o6XWv2ZpRfI,0.00,67482448040557	,用户提现,100.00,用户提现-退费单RF2026062708515940388,2026-06-27 08:52:16,用户提现,
olAFl6yjW29MSRjT5o6XWv2ZpRfI,100.00,67482448040557	,订单退费转入,100.00,系统处理工单时转移用户余额，订单号=WN2026011413080199063,2026-06-27 08:51:59,SYS,
ojb7F2Kjvh4IofKHSug3ZkqaHhdk,359.00,68772520016657	,订单退费转入,359.00,工单系统流量套餐退款,2026-06-27 08:48:40,SYS,
olAFl61xVeEW9EeHYYCXlKBaFsRQ,0.00,68032513025501	,用户提现,87.20,用户提现-退费单RF2026062708455166236,2026-06-27 08:47:16,用户提现,
olAFl61xVeEW9EeHYYCXlKBaFsRQ,87.20,68032513025501	,订单退费转入,87.20,系统处理工单时转移用户余额，订单号=WS2025121815363535733,2026-06-27 08:45:52,SYS,
olAFl6zOTGvb0j16OUO-yIW_EwmQ,0.00,69212621219923	,用户提现,86.00,用户提现-退费单RF2026062708345481749,2026-06-27 08:35:36,用户提现,
olAFl6zOTGvb0j16OUO-yIW_EwmQ,86.00,69212621219923	,订单退费转入,86.00,系统处理工单时转移用户余额，订单号=WS2026062014331174118,2026-06-27 08:34:55,SYS,
olAFl665oTXtB3GdXCeAMuSAq_4A,0.00,867061070767599	,用户提现,193.00,用户提现-退费单RF2026052703150217354,2026-06-27 08:26:42,用户提现,
o4p3p65EpLAKDjnHcQT9XS2ceqI0,440.00,867921073623372	,订单退费转入,440.00,工单系统流量套餐退款,2026-06-27 08:08:35,SYS,
o2uAP6zuZbmC0Y8NwQlHOUSW4YMA,0.00,328807627	,用户提现,187.00,用户提现-退费单RF2026062617354193078,2026-06-27 06:58:25,用户提现,
olAFl66jdwrC6rLI6pSMhf9Z26do,66.80,69212537039563	,订单退费转入,66.80,系统处理工单时转移用户余额，订单号=WS2026011514553933127,2026-06-27 06:35:48,SYS,
ojb7F2JPUQqB9sseDqrnmv7uwzvs,109.00,70032621088311	,订单退费转入,109.00,工单系统流量套餐退款,2026-06-27 00:54:26,SYS,
olAFl64GwmDbr4JB5fHddOVRuUXs,82.60,69212612176094	,订单退费转入,82.60,系统处理工单时转移用户余额，订单号=WS2026041522223131719,2026-06-27 00:23:07,SYS,
ojb7F2DUhg5Gv9Bw6K2iMFnBHGOs,0.00,70032617033333	,用户提现,172.20,用户提现-退费单RF2026062700062679380,2026-06-27 00:07:03,用户提现,
ojb7F2DUhg5Gv9Bw6K2iMFnBHGOs,172.20,70032617033333	,订单退费转入,172.20,系统处理工单时转移用户余额，订单号=WS2026060623405089897,2026-06-27 00:06:27,SYS,
olAFl60uVVdriJZDX-y67Q62q1Q8,0.00,67512535257493	,用户提现,20.80,用户提现-退费单RF2026062622561384947,2026-06-26 22:56:34,用户提现,
olAFl60uVVdriJZDX-y67Q62q1Q8,20.80,67512535257493	,订单退费转入,20.80,系统处理工单时转移用户余额，订单号=WS2026041001440518927,2026-06-26 22:56:14,SYS,
olAFl6wcEmkTsCNA7iUjYqjZUcEQ,0.00,67002453173193	,用户提现,136.60,用户提现-退费单RF2026050603150751,2026-06-26 22:29:20,用户提现,
olAFl6yHZEdfu-1lYBkSaTWfb1Ok,0.00,68772543146244	,用户提现,93.00,用户提现-退费单RF2026050503154553,2026-06-26 22:29:03,用户提现,
olAFl6zBR4r-HC7NTaKcPEdX_4ng,0.00,864665068085484	,用户提现,49.00,用户提现-退费单RF2026062412462184719,2026-06-26 22:27:40,用户提现,
olAFl6zBR4r-HC7NTaKcPEdX_4ng,49.00,864665068085484	,订单退费转入,49.00,工单系统审核退费单-套餐已作废/钱包已清零,2026-06-26 22:18:14,SYS,
olAFl6_WDRqv12PcQJZ6hcNt9G-8,0.00,60912422108254	,用户提现,76.40,用户提现-退费单RF2026062521485854873,2026-06-26 21:53:07,用户提现,
olAFl65pthvzbGQ5nNMnDWyt6fUI,0.00,58482343090570	,用户提现,138.00,用户提现-退费单RF2026062603154363273,2026-06-26 21:35:24,用户提现,
olAFl627ncBqJeGLwzpfNZyE3esg,0.00,70032611014708	,用户提现,120.00,用户提现-退费单RF2026062610564721996,2026-06-26 21:27:41,用户提现,
olAFl6-ZJ6LpUHMbpxzyotmbZZf4,0.00,58812421073067	,用户提现,56.10,用户提现-退费单RF2026062621114854227,2026-06-26 21:15:53,用户提现,
olAFl6-ZJ6LpUHMbpxzyotmbZZf4,56.10,58812421073067	,订单退费转入,56.10,系统处理工单时转移用户余额，订单号=WN2025102821042497147,2026-06-26 21:11:49,SYS,
olAFl64dWVPgxrmAlY2lAyW1k6Ag,0.00,86132437289413	,用户提现,92.20,用户提现-退费单RF2026062603151690041,2026-06-26 20:55:28,用户提现,
ojb7F2NYA0fic2DgErRqcU-gA-zk,0.00,67482610418721	,用户提现,172.20,用户提现-退费单RF2026062508353244973,2026-06-26 20:33:29,用户提现,
olAFl61SVA8BtZeF0yppwrDKIsBc,0.00,70032621089061	,用户提现,260.00,用户提现-退费单RF2026062620275343277,2026-06-26 20:28:25,用户提现,
olAFl61SVA8BtZeF0yppwrDKIsBc,260.00,70032621089061	,订单退费转入,260.00,系统处理工单时转移用户余额，订单号=WS2026062219114280756,2026-06-26 20:27:53,SYS,
olAFl67CUtILsqCGET_HqSJraD1I,54.00,68772602261727	,订单退费转入,54.00,系统处理工单时转移用户余额，订单号=WS2026030717592331525,2026-06-26 20:13:13,SYS,
olAFl62DDGJrgcb7vrOFBPEl-H0A,0.00,68032536033161	,用户提现,19.00,用户提现-退费单RF2026062613240655918,2026-06-26 20:09:35,用户提现,
olAFl62py7T13tetiyz7Mz4V5RNA,0.00,68052508001344	,用户提现,82.80,用户提现-退费单RF2026062603154661882,2026-06-26 19:40:35,用户提现,
olAFl68ndG8RAp0jSt3gYTGZoXr4,0.00,86132410223087	,用户提现,49.40,用户提现-退费单RF2026062612564696489,2026-06-26 19:25:10,用户提现,
olAFl68MI5XvBqe6q4f7T5FcRrgc,0.00,67002453174359	,用户提现,69.40,用户提现-退费单RF2026062603153550736,2026-06-26 19:20:47,用户提现,
olAFl64kYnM2gen8HtUNRpaG1Sbw,0.00,68772602224419	,用户提现,250.40,用户提现-退费单RF2026052203153719366,2026-06-26 19:12:18,用户提现,
olAFl63a_Tica7BwPWxuG0XGEKtQ,0.00,86132353165048	,用户提现,70.60,用户提现-退费单RF2026062619023723890,2026-06-26 19:09:31,用户提现,
olAFl63a_Tica7BwPWxuG0XGEKtQ,70.60,86132353165048	,订单退费转入,70.60,系统处理工单时转移用户余额，订单号=WS2026030522533364411 本单会员价格20.00元，不能退款,2026-06-26 19:02:37,SYS,
olAFl63oG5pH0sOs4oVTMtR-AMmc,0.00,68772550182881	,用户提现,140.10,用户提现-退费单RF2026062603152891120,2026-06-26 18:43:49,用户提现,
odELQ6iVE8J2mIDz4ZQ_MA9ZiEfI,0.00,	,系统扣费,59.00,用户无可退退费单，钱包清零,2026-06-26 18:26:08,SYS,
olAFl63lhiM48M0hoVweix4celbo,0.00,67002453147131	,用户提现,51.50,用户提现-退费单RF2026062618094031996,2026-06-26 18:10:50,用户提现,
olAFl67IKstfXcyV3e8RPMhUhci0,0.00,68772602225482	,用户提现,112.40,用户提现-退费单RF2026062603153398649,2026-06-26 18:10:18,用户提现,
olAFl63lhiM48M0hoVweix4celbo,51.50,67002453147131	,订单退费转入,51.50,系统处理工单时转移用户余额，订单号=WS2026022701180408724,2026-06-26 18:09:40,SYS,
olAFl62ckTTaX4fvDkUe4srBFkUs,0.00,86132327025052	,用户提现,172.20,用户提现-退费单RF2026062618080671928,2026-06-26 18:09:36,用户提现,
olAFl62ckTTaX4fvDkUe4srBFkUs,172.20,86132327025052	,订单退费转入,172.20,系统处理工单时转移用户余额，订单号=WS2026061615363213790,2026-06-26 18:08:07,SYS,
o2uAP6zuZbmC0Y8NwQlHOUSW4YMA,187.00,328807627	,订单退费转入,187.00,工单系统流量套餐退款,2026-06-26 17:35:42,SYS,
olAFl66QXRwHZ6CQRJeYafeVIahc,0.00,58812351018272	,用户提现,479.00,用户提现-退费单RF2026062617305512658,2026-06-26 17:31:47,用户提现,
olAFl66QXRwHZ6CQRJeYafeVIahc,479.00,58812351018272	,订单退费转入,479.00,工单系统流量套餐退款 本单会员价格20.00元，不能退款,2026-06-26 17:30:55,SYS,
olAFl69co0IUA5L69Z8pw4OfNuU4,7.60,68772528056334	,订单退费转入,7.60,工单系统审核退费单-套餐已作废/钱包已清零,2026-06-26 16:57:04,SYS,
olAFl6yA4PBmkt__XEbwfOFr0sX8,0.00,67492447360246	,用户提现,75.00,用户提现-退费单RF2026062616533536215,2026-06-26 16:54:07,用户提现,
olAFl6yA4PBmkt__XEbwfOFr0sX8,75.00,67492447360246	,订单退费转入,75.00,工单系统流量套餐退款,2026-06-26 16:53:35,SYS,
ojb7F2O9Btb2QqvOWAekUiuzc79g,0.00,69212621220083	,用户提现,19.00,用户提现-退费单RF2026062616200443074,2026-06-26 16:28:34,用户提现,
ojb7F2HH-FwNK-CQJ4TgFRVMtoKg,0.00,69212621226408	,用户提现,180.00,用户提现-退费单RF2026062614002613424,2026-06-26 16:26:19,用户提现,
olAFl64vYKSxQOukoghED6KPl4Nk,0.00,67002453148103	,用户提现,71.60,用户提现-退费单RF2026062616230040067,2026-06-26 16:24:42,用户提现,
olAFl64vYKSxQOukoghED6KPl4Nk,71.60,67002453148103	,订单退费转入,71.60,系统处理工单时转移用户余额，订单号=WS2025111711271179131,2026-06-26 16:23:00,SYS,
olAFl68_C7eA2P7KHWhXW8yEG9Qo,69.00,69212621225476	,订单退费转入,69.00,工单系统流量套餐退款 本单会员价格20.00元，不能退款,2026-06-26 16:22:45,SYS,
ojb7F2O9Btb2QqvOWAekUiuzc79g,19.00,69212621220083	,订单退费转入,19.00,工单系统流量套餐退款,2026-06-26 16:20:04,SYS,
olAFl63eVm3YX7Zv6TmP4inge9Vs,0.00,58812351017467	,用户提现,192.00,用户提现-退费单RF2026062516424634275,2026-06-26 16:03:47,用户提现,
olAFl6_9nAIMPX4A5DqmJa5-a6jo,0.00,67482512347390	,用户提现,54.00,用户提现-退费单RF2026062610355059469,2026-06-26 15:49:44,用户提现,
olAFl6_SQGbFiljGE6Elkr2NIN6c,0.00,86132345120578	,用户提现,138.00,用户提现-退费单RF2026060303152081683,2026-06-26 15:39:21,用户提现,
olAFl6wHkvLGExKzEqCDOmSSAEQg,0.00,70032621089320	,用户提现,100.00,用户提现-退费单RF2026062520373714094,2026-06-26 15:32:04,用户提现,
olAFl601xWrC-IroxBASJ3v8Clvc,8.00,68772610304240	,订单退费转入,8.00,工单系统流量套餐退款,2026-06-26 15:30:02,SYS,
olAFl65o2Oc-UIy5K_CU2vrxd1q0,0.00,67002523286344	,用户提现,85.30,用户提现-退费单RF2026062603151230799,2026-06-26 15:27:25,用户提现,
olAFl61howqCd7-NUTeZusELqJ0A,0.00,68032536037239	,用户提现,58.00,用户提现-退费单RF2026062615255986594,2026-06-26 15:26:25,用户提现,
olAFl61howqCd7-NUTeZusELqJ0A,58.00,68032536037239	,订单退费转入,58.00,工单系统流量套餐退款,2026-06-26 15:26:00,SYS,
ojb7F2AeCbAI2hmmbC3LYi_eArsA,0.00,69142620031049	,用户提现,46.00,用户提现-退费单RF2026062603150761656,2026-06-26 15:18:18,用户提现,
olAFl669T-tqVWpFI3S5hYdzaWBo,0.00,867061078120973	,用户提现,77.00,用户提现-退费单RF2026062608493002526,2026-06-26 15:12:53,用户提现,
ojb7F2J8NzFehfuT9tx4bod4P5fw,0.00,68772610297992	,用户提现,321.00,用户提现-退费单RF2026062615000542810,2026-06-26 15:08:03,用户提现,
olAFl63GBaV8EEd-4fr4DTHvk2To,0.00,67512535269211	,用户提现,80.80,用户提现-退费单RF2026062615002985752,2026-06-26 15:00:49,用户提现,
olAFl63GBaV8EEd-4fr4DTHvk2To,80.80,67512535269211	,订单退费转入,80.80,系统处理工单时转移用户余额，订单号=WS2025102110001197388,2026-06-26 15:00:30,SYS,
ojb7F2J8NzFehfuT9tx4bod4P5fw,321.00,68772610297992	,订单退费转入,321.00,工单系统流量套餐退款,2026-06-26 15:00:05,SYS,
olAFl6-kIGwFvCBG8zHWNH2eN0kQ,0.00,867061073587010	,用户提现,19.50,用户提现-退费单RF2026062614423459966,2026-06-26 14:46:19,用户提现,
olAFl63KV49Y_-DDIxsKNt4zEHp8,0.00,69212612173253	,用户提现,106.00,用户提现-退费单RF2026042311304197,2026-06-26 14:45:34,用户提现,
olAFl6-kIGwFvCBG8zHWNH2eN0kQ,19.50,867061073587010	,订单退费转入,19.50,系统处理工单时转移用户余额，订单号=WS2026040111573365410,2026-06-26 14:42:35,SYS,
olAFl652KT9lMp86qF_rkPqhP4ZE,0.00,67512443068586	,用户提现,102.10,用户提现-退费单RF2026062614245506321,2026-06-26 14:25:27,用户提现,
olAFl6_0CvE9Trmua1N4x0VOAdUo,143.40,864665069469240	,订单退费转入,143.40,系统处理工单时转移用户余额，订单号=WS2026032816482015173 本单会员价格20.00元，不能退款,2026-06-26 14:25:03,SYS,
olAFl652KT9lMp86qF_rkPqhP4ZE,102.10,67512443068586	,订单退费转入,102.10,系统处理工单时转移用户余额，订单号=WS2026042014395111772,2026-06-26 14:24:55,SYS,
olAFl61jlZAatqHvdLMenNk6K0pY,0.00,67512440003901	,用户提现,106.00,用户提现-退费单RF2026062614232858062,2026-06-26 14:24:24,用户提现,
olAFl61jlZAatqHvdLMenNk6K0pY,106.00,67512440003901	,订单退费转入,106.00,工单系统流量套餐退款,2026-06-26 14:23:29,SYS,
o4p3p62C_z3qeSDLe69SewCqX-Ig,0.00,866801080087038	,用户提现,123.00,用户提现-退费单RF2026062603151874635,2026-06-26 14:22:09,用户提现,
ojb7F2MPLfK7K3unCQ6ZOZ79eX2w,0.00,70032611012059	,用户提现,142.20,用户提现-退费单RF2026062614193493996,2026-06-26 14:20:26,用户提现,
ojb7F2MPLfK7K3unCQ6ZOZ79eX2w,142.20,70032611012059	,订单退费转入,142.20,系统处理工单时转移用户余额，订单号=WS2026062612550727133,2026-06-26 14:19:35,SYS,
olAFl60yEE5DJMe1OSdEa7OlqxMM,0.00,70032617033046	,用户提现,1.00,用户提现-退费单RF2026062612453800685,2026-06-26 14:16:41,用户提现,
ojb7F2HH-FwNK-CQJ4TgFRVMtoKg,180.00,69212621226408	,订单退费转入,180.00,系统处理工单时转移用户余额，订单号=WS2026062412480069569,2026-06-26 14:00:26,SYS,
olAFl69uce5x_zN3XjjGshgbDS_c,171.20,69212621222608	,订单退费转入,171.20,系统处理工单时转移用户余额，订单号=WS2026062221464272750,2026-06-26 13:45:51,SYS,
olAFl61v8phDb7i1tw7NFaowy4uc,116.80,67512535258594	,订单退费转入,116.80,系统处理工单时转移用户余额，订单号=WS2025111619461432878,2026-06-26 13:45:18,SYS,
olAFl62DDGJrgcb7vrOFBPEl-H0A,19.00,68032536033161	,订单退费转入,19.00,工单系统流量套餐退款,2026-06-26 13:24:07,SYS,
olAFl65OfpM0Q7fzn2wwp_DkA7dI,0.00,867061070809821	,用户提现,146.00,用户提现-退费单RF2026062613140660093,2026-06-26 13:16:52,用户提现,
olAFl65OfpM0Q7fzn2wwp_DkA7dI,146.00,867061070809821	,订单退费转入,146.00,工单系统流量套餐退款,2026-06-26 13:14:07,SYS,
olAFl698i-RU091jMlN1gCEEEriw,0.00,70032617029380	,用户提现,189.50,用户提现-退费单RF2026062521034514563,2026-06-26 13:12:13,用户提现,
olAFl67GiwYiQ1F_Leza1edfvudE,420.00,67002535384984	,订单退费转入,420.00,工单系统流量套餐退款 本单会员价格20.00元，不能退款,2026-06-26 13:01:53,SYS,
ojb7F2FoxTid0kDOiMFnCMpBWLdM,0.00,69212612191096	,用户提现,410.00,用户提现-退费单RF2026062603154360994,2026-06-26 13:01:29,用户提现,
olAFl61Cmm6u3XQgr2a1wdpWxVzo,0.00,68772610295628	,用户提现,88.30,用户提现-退费单RF2026062613000416733,2026-06-26 13:00:33,用户提现,
olAFl61Cmm6u3XQgr2a1wdpWxVzo,88.30,68772610295628	,订单退费转入,88.30,系统处理工单时转移用户余额，订单号=WS2026032518464162058,2026-06-26 13:00:04,SYS,
ojb7F2GYEGC4T-xSY1NQUPO5UqYc,0.00,69212621219599	,用户提现,171.20,用户提现-退费单RF2026062612572890716,2026-06-26 12:57:39,用户提现,
ojb7F2GYEGC4T-xSY1NQUPO5UqYc,171.20,69212621219599	,订单退费转入,171.20,系统处理工单时转移用户余额，订单号=WS2026062416451218386,2026-06-26 12:57:29,SYS,
olAFl68ndG8RAp0jSt3gYTGZoXr4,49.40,86132410223087	,订单退费转入,49.40,系统处理工单时转移用户余额，订单号=WN2026040711384096351,2026-06-26 12:56:47,SYS,
olAFl6-PIRg7TxqdiOLKgOixSxHY,20.40,68772602216070	,订单退费转入,20.40,系统处理工单时转移用户余额，订单号=WS2026012311421760460,2026-06-26 12:55:15,SYS,
olAFl60yEE5DJMe1OSdEa7OlqxMM,1.00,70032617033046	,订单退费转入,1.00,系统处理工单时转移用户余额，订单号=WS2026061921444269461,2026-06-26 12:45:38,SYS,
o2uAP69fUUvqtivFVVYTh6Fe9OZs,0.00,86349160	,用户提现,23.50,用户提现-退费单RF2026062603150940336,2026-06-26 12:36:58,用户提现,
olAFl6xyV7kNcbLFXViMSLRDO1bo,0.00,67492602579956	,用户提现,172.20,用户提现-退费单RF2026062414291899653,2026-06-26 12:25:57,用户提现,
olAFl6yS78Bx9lZGxOJU3SCYDO_A,0.00,67002453173335	,用户提现,123.40,用户提现-退费单RF2026051203150334,2026-06-26 12:25:11,用户提现,
olAFl6_cvWNlm8UTGLbgm-1fuLlw,0.00,69212606154510	,用户提现,93.20,用户提现-退费单RF2026062611365825939,2026-06-26 12:01:30,用户提现,
olAFl640sxZjVfpv6Ra8U0Ga-RO0,0.00,68772610300012	,用户提现,77.50,用户提现-退费单RF2026062611435279361,2026-06-26 11:46:12,用户提现,
olAFl640sxZjVfpv6Ra8U0Ga-RO0,77.50,68772610300012	,订单退费转入,77.50,系统处理工单时转移用户余额，订单号=WS2026050510365795884,2026-06-26 11:43:53,SYS,
olAFl6_cvWNlm8UTGLbgm-1fuLlw,93.20,69212606154510	,订单退费转入,93.20,系统处理工单时转移用户余额，订单号=WS2026051412553316638,2026-06-26 11:36:58,SYS,
ojb7F2JZJj6hMMvs4iMB2dcvtatk,0.00,69142620032927	,用户提现,54.00,用户提现-退费单RF2026062611333418487,2026-06-26 11:34:02,用户提现,
ojb7F2JZJj6hMMvs4iMB2dcvtatk,54.00,69142620032927	,订单退费转入,54.00,系统处理工单时转移用户余额，订单号=WS2026052211370295667,2026-06-26 11:33:34,SYS,
ojb7F2CYtiJy5XUfZNvupdEaDY_U,0.00,70032611007137	,用户提现,60.00,用户提现-退费单RF2026062516431353697,2026-06-26 11:32:49,用户提现,
olAFl6-Kh9QOLT849Ol6TCExdtt8,0.00,864665066139747	,用户提现,106.00,用户提现-退费单RF2026060222140466043,2026-06-26 11:31:47,用户提现,
olAFl627ncBqJeGLwzpfNZyE3esg,120.00,70032611014708	,订单退费转入,120.00,工单系统流量套餐退款,2026-06-26 10:56:47,SYS,
olAFl6xL2NYOfOR3yI2b5_LXoCow,0.00,68772535082596	,用户提现,94.00,用户提现-退费单RF2026062610443636341,2026-06-26 10:45:26,用户提现,
olAFl6xL2NYOfOR3yI2b5_LXoCow,94.00,68772535082596	,订单退费转入,94.00,工单系统流量套餐退款,2026-06-26 10:44:36,SYS,
olAFl6yHUivvV0bQtZfgSbftAvEw,0.00,35682253084286	,用户提现,69.00,用户提现-退费单RF2026062610424289072,2026-06-26 10:43:23,用户提现,
olAFl6yHUivvV0bQtZfgSbftAvEw,69.00,35682253084286	,订单退费转入,69.00,工单系统流量套餐退款,2026-06-26 10:42:43,SYS,
olAFl67ja6kEuCwORQtr05gtHCMc,0.00,60912432194402	,用户提现,11.80,用户提现-退费单RF2026062610401184590,2026-06-26 10:41:32,用户提现,
olAFl6-rTb0SFZqOlbwv6x5ICeMY,0.00,68032504011800	,用户提现,14.70,用户提现-退费单RF2026062610365523462,2026-06-26 10:41:05,用户提现,
olAFl67ja6kEuCwORQtr05gtHCMc,11.80,60912432194402	,订单退费转入,11.80,系统处理工单时转移用户余额，订单号=WN2025091310523093248,2026-06-26 10:40:12,SYS,
olAFl628NMZpusbmEy_e4sZB0JcM,0.00,67512534237117	,用户提现,130.50,用户提现-退费单RF2026062610392004381,2026-06-26 10:39:32,用户提现,
olAFl628NMZpusbmEy_e4sZB0JcM,130.50,67512534237117	,订单退费转入,130.50,系统处理工单时转移用户余额，订单号=WS2026040200155064272,2026-06-26 10:39:20,SYS,
olAFl64slulGuxFu6Kkzqzn1TxwM,0.00,67002453150681	,用户提现,44.60,用户提现-退费单RF2026062610382387477,2026-06-26 10:39:04,用户提现,
olAFl64slulGuxFu6Kkzqzn1TxwM,44.60,67002453150681	,订单退费转入,44.60,工单系统流量套餐退款,2026-06-26 10:38:24,SYS,
olAFl60yu6cd4ArtDkmNvu4ZQsDQ,69.00,69212621216641	,订单退费转入,69.00,工单系统流量套餐退款,2026-06-26 10:37:03,SYS,
olAFl6-rTb0SFZqOlbwv6x5ICeMY,14.70,68032504011800	,订单退费转入,14.70,系统处理工单时转移用户余额，订单号=WS2026011721033726935,2026-06-26 10:36:55,SYS,
olAFl6_9nAIMPX4A5DqmJa5-a6jo,54.00,67482512347390	,订单退费转入,54.00,系统处理工单时转移用户余额，订单号=WS2025070111510725836,2026-06-26 10:35:51,SYS,
olAFl63nfRlitbVSSmVl4K5_mKyQ,0.00,67482512342126	,用户提现,40.60,用户提现-退费单RF2026062603153270336,2026-06-26 10:28:46,用户提现,
olAFl68CX_Bvnfz4xMQnaSTRF8U8,0.00,68932538033141	,用户提现,86.00,用户提现-退费单RF2026062603152892651,2026-06-26 10:20:10,用户提现,
olAFl67PFShrWjo6Ntc7riQX4jEg,23.50,68032454001509	,订单退费转入,23.50,系统处理工单时转移用户余额，订单号=WN2025090409162760723,2026-06-26 10:12:49,SYS,
olAFl6zBt3dyf6Szs5hVPaZeQBbU,0.00,69212621227313	,用户提现,171.20,用户提现-退费单RF2026062510394833760,2026-06-26 10:05:35,用户提现,
olAFl62uLW0Cx2SVgR_ELwYo6Z94,0.00,68772543147320	,用户提现,74.50,用户提现-退费单RF2026062609513560377,2026-06-26 10:00:43,用户提现,
o2uAP67YHfRUiOGcii-lbAL2_WOI,309.00,90461222	,订单退费转入,309.00,工单系统流量套餐退款,2026-06-26 09:56:09,SYS,
olAFl62uLW0Cx2SVgR_ELwYo6Z94,74.50,68772543147320	,订单退费转入,74.50,系统处理工单时转移用户余额，订单号=WS2026051206580999368,2026-06-26 09:51:36,SYS,
ojb7F2Hy89NRhl2L_QYyBQ3IS9NU,94.00,70032611008499	,订单退费转入,94.00,工单系统流量套餐退款,2026-06-26 09:36:16,SYS,
ojb7F2GVtQLMS7c-DXwzaK8qAIZM,19.00,69212621215645	,订单退费转入,19.00,工单系统流量套餐退款,2026-06-26 09:28:09,SYS,
ojb7F2IQPdv8Yizl1dfDYUjXYcVA,0.00,67492603607422	,用户提现,345.00,用户提现-退费单RF2026062603154282626,2026-06-26 08:58:51,用户提现,
olAFl62_lNdva-kjYddgEFLHCc74,0.00,67492609647224	,用户提现,83.60,用户提现-退费单RF2026062608490643422,2026-06-26 08:56:29,用户提现,
o4p3p67u_LTGMU-60MGH6gOYec2g,0.00,865405075546601	,用户提现,123.00,用户提现-退费单RF2026062603154510384,2026-06-26 08:53:41,用户提现,
olAFl669T-tqVWpFI3S5hYdzaWBo,77.00,867061078120973	,订单退费转入,77.00,工单系统流量套餐退款,2026-06-26 08:49:30,SYS,
olAFl62_lNdva-kjYddgEFLHCc74,83.60,67492609647224	,订单退费转入,83.60,系统处理工单时转移用户余额，订单号=WS2026042615340443052,2026-06-26 08:49:06,SYS,
ojb7F2KlsPNTQ9agk1kybKi9kDjQ,0.00,67492603601536	,用户提现,74.00,用户提现-退费单RF2026062608091836843,2026-06-26 08:12:43,用户提现,
olAFl63tmXHyIa1IFX9OjDCa_9U0,0.00,69212612188955	,用户提现,387.00,用户提现-退费单RF2026062603151876558,2026-06-26 08:11:05,用户提现,
ojb7F2KlsPNTQ9agk1kybKi9kDjQ,74.00,67492603601536	,订单退费转入,74.00,系统处理工单时转移用户余额，订单号=WS2026062318462537097,2026-06-26 08:09:18,SYS,
olAFl62fsd37_hHs20zeli3V7ZP4,0.00,67492609648791	,用户提现,51.00,用户提现-退费单RF2026062607362258467,2026-06-26 07:37:25,用户提现,
olAFl62fsd37_hHs20zeli3V7ZP4,51.00,67492609648791	,订单退费转入,51.00,工单系统流量套餐退款,2026-06-26 07:36:23,SYS,
olAFl67gRwQXk1gpC67BZwx0GmSo,0.00,69212621217081	,用户提现,58.00,用户提现-退费单RF2026062416071993324,2026-06-26 07:21:16,用户提现,
olAFl62mQCL6H5ZSIMBOdHhNOmjQ,0.00,70032621090827	,用户提现,39.00,用户提现-退费单RF2026062307434534326,2026-06-26 07:20:30,用户提现,
olAFl6y6HRD6x-KojHhO8w0Jxgcc,84.30,864665063352129	,订单退费转入,84.30,系统处理工单时转移用户余额，订单号=WS2025092210255542157,2026-06-26 03:15:48,SYS,
olAFl62py7T13tetiyz7Mz4V5RNA,82.80,68052508001344	,订单退费转入,82.80,系统处理工单时转移用户余额，订单号=WN2026030809303363336,2026-06-26 03:15:47,SYS,
olAFl6wTxgWxLLpSfNe8hDpueyRg,66.00,68772539114787	,订单退费转入,66.00,系统处理工单时转移用户余额，订单号=WN2025100716074177627,2026-06-26 03:15:46,SYS,
olAFl6y8WwWPw4GC32XZuHWYsNJQ,479.00,68052517041636	,订单退费转入,479.00,工单系统流量套餐退款 本单会员价格20.00元，不能退款,2026-06-26 03:15:46,SYS,
olAFl6yPvhFa7GhGS60O3x2djU1E,137.40,68032504009158	,订单退费转入,137.40,系统处理工单时转移用户余额，订单号=WS2026012817442305735,2026-06-26 03:15:45,SYS,
olAFl60bInrRGx3k1WFAUy0NZt_k,128.60,67482449088526	,订单退费转入,128.60,系统处理工单时转移用户余额，订单号=WS2025082721495073673,2026-06-26 03:15:45,SYS,
o4p3p67u_LTGMU-60MGH6gOYec2g,123.00,865405075546601	,订单退费转入,123.00,工单系统流量套餐退款,2026-06-26 03:15:45,SYS,
ojb7F2FoxTid0kDOiMFnCMpBWLdM,410.00,69212612191096	,订单退费转入,410.00,工单系统流量套餐退款,2026-06-26 03:15:44,SYS,
olAFl65pthvzbGQ5nNMnDWyt6fUI,138.00,58482343090570	,订单退费转入,138.00,工单系统流量套餐退款 本单会员价格20.00元，不能退款,2026-06-26 03:15:44,SYS,
olAFl6-Wyi5nAYuD7qr_qfTw7nig,102.00,67492509434033	,订单退费转入,102.00,系统处理工单时转移用户余额，订单号=WS2026012818575680721,2026-06-26 03:15:43,SYS,
ojb7F2IQPdv8Yizl1dfDYUjXYcVA,345.00,67492603607422	,订单退费转入,345.00,工单系统流量套餐退款,2026-06-26 03:15:43,SYS,
olAFl62db90scV718KVAcxNIoCwo,61.00,68772610298671	,订单退费转入,61.00,工单系统流量套餐退款 本单会员价格20.00元，不能退款,2026-06-26 03:15:43,SYS,
ojb7F2BJGsJTaF0tRG1jKe9VTjYw,19.00,70032617033336	,订单退费转入,19.00,工单系统审核退费单-套餐已作废/钱包已清零,2026-06-26 03:15:43,SYS,
olAFl6-08yGJLtcsXqFoWbGhuNek,109.80,67482445017388	,订单退费转入,109.80,系统处理工单时转移用户余额，订单号=WS2026032222431393614,2026-06-26 03:15:43,SYS,
olAFl6yAFiYMygFmaqwLxVfEObxI,379.00,60912431172400	,订单退费转入,379.00,工单系统审核退费单-套餐已作废/钱包已清零,2026-06-26 03:15:43,SYS,
olAFl609Lx9Z4KQpu7SzEtVhHpN8,20.80,67492552546425	,订单退费转入,20.80,系统处理工单时转移用户余额，订单号=WN2026032821020351338,2026-06-26 03:15:42,SYS,
olAFl629r3iVMj1KuM_e9kjc-XUY,16.10,67512443065256	,订单退费转入,16.10,系统处理工单时转移用户余额，订单号=WS2025092213540426439,2026-06-26 03:15:41,SYS,
olAFl627I8oWC2lk_iQpH3-t6zzo,120.00,68772539120160	,订单退费转入,120.00,工单系统流量套餐退款 本单会员价格20.00元，不能退款,2026-06-26 03:15:41,SYS,
ojb7F2N6PsNIrizHA6TXzxwk3NbU,163.00,69212612175368	,订单退费转入,163.00,工单系统流量套餐退款 本单会员价格20.00元，不能退款,2026-06-26 03:15:41,SYS,
olAFl6wiFaT16ypzWScJTZhAtDCc,69.00,60912411000548	,订单退费转入,69.00,工单系统流量套餐退款,2026-06-26 03:15:41,SYS,
olAFl6yzfWIZ_Hm6wU4ScgFQ8n_Q,93.50,67482504306190	,订单退费转入,93.50,系统处理工单时转移用户余额，订单号=WS2026040422325357418,2026-06-26 03:15:40,SYS,
olAFl68AfwjMO1iMUAaI9DwCMupE,106.60,68772550177764	,订单退费转入,106.60,系统处理工单时转移用户余额，订单号=WS2026050115440074886,2026-06-26 03:15:39,SYS,
olAFl6xoy3DW2-jTxw5TwylaBgmk,88.40,69212537027360	,订单退费转入,88.40,系统处理工单时转移用户余额，订单号=WS2026041112304938550,2026-06-26 03:15:39,SYS,
olAFl6x2RClNbmg2Nsp0AUz6OQQ0,199.00,67002447018690	,订单退费转入,199.00,工单系统审核退费单-套餐已作废/钱包已清零,2026-06-26 03:15:39,SYS,
ojb7F2LPABy2N1pp_zTWUY9VkxaQ,109.00,69212612183774	,订单退费转入,109.00,工单系统审核退费单-套餐已作废/钱包已清零,2026-06-26 03:15:39,SYS,
olAFl66LUd3IrzHSE6pZYFpCJMto,133.30,67492509484302	,订单退费转入,133.30,系统处理工单时转移用户余额，订单号=WS2026052220152645929,2026-06-26 03:15:38,SYS,
olAFl64J0XtZ1SHNWB_8IExfcYBA,73.00,69212536018792	,订单退费转入,73.00,工单系统流量套餐退款,2026-06-26 03:15:38,SYS,
olAFl6xelaxqgC1euzIIMZpoolJg,88.60,68772550200863	,订单退费转入,88.60,系统处理工单时转移用户余额，订单号=WS2026030316175044054,2026-06-26 03:15:37,SYS,
olAFl68MI5XvBqe6q4f7T5FcRrgc,69.40,67002453174359	,订单退费转入,69.40,系统处理工单时转移用户余额，订单号=WS2025111510063039630,2026-06-26 03:15:36,SYS,
olAFl6-G4-YNM4-A9-bl_H7YIVzA,115.00,67492538517379	,订单退费转入,49.00,工单系统流量套餐退款,2026-06-26 03:15:36,SYS,
olAFl61PgnR1VKlSF9ppjn6k32gY,162.20,69212602132098	,订单退费转入,162.20,系统处理工单时转移用户余额，订单号=WS2026022412260352339,2026-06-26 03:15:36,SYS,
olAFl6-2kgY3uUY79O1MuXchwnXw,140.10,68052508002730	,订单退费转入,140.10,系统处理工单时转移用户余额，订单号=WS2026042813023917823,2026-06-26 03:15:35,SYS,
olAFl67IKstfXcyV3e8RPMhUhci0,112.40,68772602225482	,订单退费转入,112.40,系统处理工单时转移用户余额，订单号=WS2026052207553921973,2026-06-26 03:15:34,SYS,
olAFl63nfRlitbVSSmVl4K5_mKyQ,40.60,67482512342126	,订单退费转入,40.60,系统处理工单时转移用户余额，订单号=WS2026022314211640873,2026-06-26 03:15:33,SYS,
olAFl6xa-GpQRmuVqhK7NHGcWi1E,29.00,68772539118290	,订单退费转入,29.00,工单系统流量套餐退款,2026-06-26 03:15:33,SYS,
ojb7F2GWNIFOcl7MJUQAMCXCJM0k,420.00,69142620033613	,订单退费转入,420.00,工单系统审核退费单-套餐已作废/钱包已清零,2026-06-26 03:15:33,SYS,
olAFl6yqZI_dgunMovbaRS7vYNIM,29.00,68772543147522	,订单退费转入,29.00,工单系统流量套餐退款,2026-06-26 03:15:33,SYS,
olAFl6wqtOlO9pWOA3M2BqCdMNqA,79.00,69212612184154	,订单退费转入,79.00,工单系统流量套餐退款,2026-06-26 03:15:33,SYS,
ojb7F2DbFBfiayBGzcWHEzYxNwXo,109.00,67492603602814	,订单退费转入,109.00,工单系统审核退费单-套餐已作废/钱包已清零,2026-06-26 03:15:33,SYS,
olAFl664S9faDmMhzHt-6wFHoXmk,49.60,67512445099064	,订单退费转入,49.60,系统处理工单时转移用户余额，订单号=WS2026020713311428244,2026-06-26 03:15:32,SYS,
ojb7F2FXp0Qrr_Qxi1Vmg53SsumA,19.00,69212612173588	,订单退费转入,19.00,工单系统流量套餐退款,2026-06-26 03:15:32,SYS,
olAFl610XrC7Ga1WZsj1fplgoR4g,114.40,67492603608346	,订单退费转入,114.40,系统处理工单时转移用户余额，订单号=WS2026050511514584638,2026-06-26 03:15:31,SYS,
olAFl68VJfBnXerUeBHvIOAZf48w,34.90,67002535364568	,订单退费转入,34.90,系统处理工单时转移用户余额，订单号=WS2025112420115688632,2026-06-26 03:15:31,SYS,
olAFl6x2AlpYB2r4XPJgywcwVVkQ,29.00,68772550197182	,订单退费转入,29.00,工单系统流量套餐退款,2026-06-26 03:15:31,SYS,
ojb7F2I0d-k89UiL1pucFty75sUk,179.00,69212606154130	,订单退费转入,179.00,工单系统审核退费单-套餐已作废/钱包已清零,2026-06-26 03:15:31,SYS,
olAFl61EfWP8dsRhEkbVlq_Ijstk,60.00,67482504300067	,订单退费转入,60.00,工单系统流量套餐退款 本单会员价格20.00元，不能退款 组合支付：微信退费 60.00,2026-06-26 03:15:31,SYS,
olAFl63oG5pH0sOs4oVTMtR-AMmc,140.10,68772550182881	,订单退费转入,140.10,系统处理工单时转移用户余额，订单号=WS2026060519165707085,2026-06-26 03:15:29,SYS,
olAFl68CX_Bvnfz4xMQnaSTRF8U8,86.00,68932538033141	,订单退费转入,86.00,工单系统流量套餐退款,2026-06-26 03:15:29,SYS,
olAFl60tvqYofBLbSvQPI6eAnWxc,140.00,69142620034754	,订单退费转入,140.00,工单系统流量套餐退款,2026-06-26 03:15:29,SYS,
olAFl650r1ASMZFvOVZFZbsSY6Vs,79.00,69212537038148	,订单退费转入,79.00,工单系统流量套餐退款 本单会员价格20.00元，不能退款,2026-06-26 03:15:29,SYS,
ojb7F2PpXaUorQz4nk_dPALmJafg,162.40,69212602146371	,订单退费转入,162.40,系统处理工单时转移用户余额，订单号=WS2026052319592744874,2026-06-26 03:15:29,SYS,
olAFl64cNSf43nHeqTbP7p20pPVQ,154.00,68772604277010	,订单退费转入,154.00,系统处理工单时转移用户余额，订单号=WS2026022315585099698,2026-06-26 03:15:27,SYS,
olAFl68G16M1c3_zzGiZZDgRoy_8,4.00,70032617029390	,订单退费转入,4.00,系统处理工单时转移用户余额，订单号=WN2026060619081917410,2026-06-26 03:15:27,SYS,
ojb7F2PtKtxt588MpWaNnk9Umzpg,212.00,67492603607265	,订单退费转入,212.00,工单系统流量套餐退款 本单会员价格20.00元，不能退款,2026-06-26 03:15:27,SYS,
olAFl6zRhAZVsx-z0d4PGem2TNto,25.00,67002447034303	,订单退费转入,25.00,工单系统流量套餐退款 组合支付：微信退费 25.00,2026-06-26 03:15:27,SYS,
olAFl6y4ab9O3QUbIocnDzdx8rKw,68.40,67492609651532	,订单退费转入,68.40,系统处理工单时转移用户余额，订单号=WS2026040220590740524,2026-06-26 03:15:26,SYS,
olAFl6yCapQ1bifoM1IcumxihmvI,112.40,69212537037923	,订单退费转入,112.40,系统处理工单时转移用户余额，订单号=WS2026051309405000447,2026-06-26 03:15:26,SYS,
olAFl67ccNBSDd7gKADrPkI91izc,15.30,67512534236602	,订单退费转入,15.30,系统处理工单时转移用户余额，订单号=WS2025101621392982874,2026-06-26 03:15:24,SYS,
ojb7F2K9ZCV0vQZVSUkck7Y_WUkQ,199.00,68932604053753	,订单退费转入,199.00,工单系统审核退费单-套餐已作废/钱包已清零,2026-06-26 03:15:24,SYS,
olAFl68xbjpa4k9gpuIKWhBCiV-Q,108.80,67002452078545	,订单退费转入,108.80,系统处理工单时转移用户余额，订单号=WS2026040421050175916 本单会员价格20.00元，不能退款,2026-06-26 03:15:24,SYS,
olAFl66LLoFxF9Xft9-mu3jor3nA,96.80,67002452086998	,订单退费转入,96.80,系统处理工单时转移用户余额，订单号=WS2026040122011908225,2026-06-26 03:15:22,SYS,
olAFl6w1ZgosIDToIbRDj0b7-lMM,55.60,67482448051854	,订单退费转入,55.60,工单系统审核退费单-套餐已作废/钱包已清零,2026-06-26 03:15:22,SYS,
olAFl6zIvhbavcnkAbR_OlQs0IT4,180.00,67482448048623	,订单退费转入,180.00,系统处理工单时转移用户余额，订单号=WS2026060316092209434,2026-06-26 03:15:22,SYS,
olAFl6yTlvVdlXWMvtJshl29aowg,545.00,67512535291444	,订单退费转入,545.00,工单系统流量套餐退款 本单会员价格20.00元，不能退款,2026-06-26 03:15:22,SYS,
olAFl6wakeKia_gYJk9BLsc2gs0A,42.80,67862443000279	,订单退费转入,42.80,系统处理工单时转移用户余额，订单号=WN2026022311001866985,2026-06-26 03:15:21,SYS,
olAFl6y4vwHdzZGtuaL-EZGHP90c,123.00,67002523293358	,订单退费转入,123.00,工单系统流量套餐退款,2026-06-26 03:15:21,SYS,
olAFl6z6yWFFGd9TP_kJtK7esXoY,36.70,69212602132073	,订单退费转入,36.70,系统处理工单时转移用户余额，订单号=WS2026030417143435645,2026-06-26 03:15:20,SYS,
olAFl6_rHnezwtPOCY_Alj4qLZvI,156.00,68772550177317	,订单退费转入,156.00,系统处理工单时转移用户余额，订单号=WS2026041621301596291,2026-06-26 03:15:19,SYS,
o2uAP6wnFbWNJF2BK_gYIUM3poy0,299.00,86327466	,订单退费转入,299.00,工单系统审核退费单-套餐已作废/钱包已清零,2026-06-26 03:15:19,SYS,
olAFl65Vg8awnptuMVR54HECSo6o,172.20,70032611006589	,订单退费转入,172.20,系统处理工单时转移用户余额，订单号=WS2026052623555648332,2026-06-26 03:15:19,SYS,
olAFl638iLnF7aX3WUB505rlc5Ao,260.20,68772612356252	,订单退费转入,260.20,工单系统流量套餐退款 本单会员价格20.00元，不能退款 组合支付：微信退费 260.20,2026-06-26 03:15:19,SYS,
olAFl635zjBttgrGdIcvn0B4cZYw,120.00,68932546039238	,订单退费转入,120.00,工单系统流量套餐退款,2026-06-26 03:15:19,SYS,
odELQ6gpUbT2Wp_Q4Zj8F8njO2Po,199.00,67002451063167	,订单退费转入,199.00,工单系统流量套餐退款,2026-06-26 03:15:19,SYS,
o4p3p62C_z3qeSDLe69SewCqX-Ig,123.00,866801080087038	,订单退费转入,123.00,工单系统流量套餐退款,2026-06-26 03:15:19,SYS,
olAFl63tmXHyIa1IFX9OjDCa_9U0,387.00,69212612188955	,订单退费转入,387.00,工单系统流量套餐退款,2026-06-26 03:15:19,SYS,
olAFl64dWVPgxrmAlY2lAyW1k6Ag,92.20,86132437289413	,订单退费转入,92.20,系统处理工单时转移用户余额，订单号=WN2026042515354780836,2026-06-26 03:15:17,SYS,
olAFl65y-L-jXPKRZ-ALKv0A4Csw,379.00,60912426136804	,订单退费转入,379.00,工单系统流量套餐退款,2026-06-26 03:15:17,SYS,
olAFl63qDObj3WcSn8xLzcA18g1s,154.00,69212612182362	,订单退费转入,154.00,系统处理工单时转移用户余额，订单号=WS2026050109173082985,2026-06-26 03:15:17,SYS,
olAFl68m1LYbrT5qNHdOb8XoTC_E,39.50,67512534238382	,订单退费转入,39.50,系统处理工单时转移用户余额，订单号=WS2025091023171063383,2026-06-26 03:15:16,SYS,
olAFl6wgZpqEupXM9la_Xq09naQo,169.00,864665065659091	,订单退费转入,169.00,工单系统流量套餐退款 本单会员价格20.00元，不能退款,2026-06-26 03:15:16,SYS,
olAFl6-dJ9v22mW2Rf-TYBZnykKA,41.20,69142529004557	,订单退费转入,41.20,系统处理工单时转移用户余额，订单号=WS2026022822175615969,2026-06-26 03:15:15,SYS,
o2uAP6_xwGPGkG0injfXIQ9YdbAo,129.00,328811568	,订单退费转入,129.00,工单系统流量套餐退款,2026-06-26 03:15:14,SYS,
ojb7F2BEKVvpsAnNAonkiADYQpj4,106.00,69142620028410	,订单退费转入,106.00,工单系统流量套餐退款,2026-06-26 03:15:14,SYS,
olAFl6xf2_I9M6Neu6eFssTJZCPs,170.10,86132325012865	,订单退费转入,170.10,系统处理工单时转移用户余额，订单号=WS2026060511573252037,2026-06-26 03:15:14,SYS,
olAFl6xPOZIwc-LF0OjQojo9YKQQ,139.40,67512443054318	,订单退费转入,139.40,系统处理工单时转移用户余额，订单号=WS2026041809501816040,2026-06-26 03:15:13,SYS,
ojb7F2MTIDt0JhJI4SYPoVY3A2Yk,29.00,70032611008034	,订单退费转入,29.00,工单系统审核退费单-套餐已作废/钱包已清零,2026-06-26 03:15:13,SYS,
olAFl63VRLz7_WYzzQMC1fiizccc,69.00,67482449098828	,订单退费转入,69.00,工单系统审核退费单-套餐已作废/钱包已清零,2026-06-26 03:15:13,SYS,
olAFl65o2Oc-UIy5K_CU2vrxd1q0,85.30,67002523286344	,订单退费转入,85.30,系统处理工单时转移用户余额，订单号=WS2026040501240747181,2026-06-26 03:15:12,SYS,
olAFl65Of5dEP1HgHHIQExE_vrx8,112.50,67482503211207	,订单退费转入,112.50,系统处理工单时转移用户余额，订单号=WN2025121015181373747,2026-06-26 03:15:11,SYS,
olAFl64wpQCwhuFIYKD8VrRzXaKQ,10.10,67512535272344	,订单退费转入,10.10,系统处理工单时转移用户余额，订单号=WS2025112218393928339,2026-06-26 03:15:11,SYS,
olAFl6zWv8ummiZQoyepKJgT4E_Y,106.00,70032611006904	,订单退费转入,106.00,工单系统流量套餐退款,2026-06-26 03:15:10,SYS,
oyoJU7J8G9oHi_2VSaw5u4uVl4ps,440.22,86002606016159	,订单退费转入,440.22,工单系统审核退费单-套餐已作废/钱包已清零,2026-06-26 03:15:10,SYS,
olAFl6wcStJ6eXXmQ-JaI4f_-y-M,5.40,60912426143517	,订单退费转入,5.40,系统处理工单时转移用户余额，订单号=WN2026010415510318638,2026-06-26 03:15:09,SYS,
o2uAP69fUUvqtivFVVYTh6Fe9OZs,23.50,86349160	,订单退费转入,23.50,系统处理工单时转移用户余额，订单号=WS2026013011544521754,2026-06-26 03:15:09,SYS,
olAFl62HLGGp3woPsEUtFkwQbYqs,49.70,67482512342935	,订单退费转入,49.70,工单系统审核退费单-套餐已作废/钱包已清零,2026-06-26 03:15:09,SYS,
olAFl6-JA11hh7F2XG4QpidKxm4w,48.50,67482445020616	,订单退费转入,48.50,系统处理工单时转移用户余额，订单号=WN2026050409392307697,2026-06-26 03:15:08,SYS,
ojb7F2AeCbAI2hmmbC3LYi_eArsA,46.00,69142620031049	,订单退费转入,46.00,工单系统流量套餐退款 本单会员价格20.00元，不能退款,2026-06-26 03:15:08,SYS,
olAFl66alXBmh1T9u4VnrD4UWrco,98.00,70032611008544	,订单退费转入,98.00,工单系统流量套餐退款,2026-06-26 03:15:08,SYS,
olAFl63IUdN0vOGBTYQ4gHa254uI,80.80,67492538513642	,订单退费转入,80.80,系统处理工单时转移用户余额，订单号=WS2025110500202782366,2026-06-26 03:15:08,SYS,
olAFl6wWVCRmetwhP_O5-oG6rB20,108.40,60992438022354	,订单退费转入,108.40,系统处理工单时转移用户余额，订单号=WS2026050715522953585,2026-06-26 03:15:06,SYS,
olAFl67Pvhoc0I-E6REfS6_Xzxcw,100.00,867061070084417	,订单退费转入,100.00,系统处理工单时转移用户余额，订单号=WN2026060410292026255,2026-06-26 03:15:06,SYS,
olAFl6xzRDbXmWm3L4TFCHPZoMkI,68.90,67492509484054	,订单退费转入,68.90,系统处理工单时转移用户余额，订单号=WS2026031711564698055,2026-06-26 03:15:04,SYS,
olAFl69f4BTHjxHZdnRYfeCekKqg,34.00,67492509457766	,订单退费转入,34.00,系统处理工单时转移用户余额，订单号=WS2025123121291260187,2026-06-26 03:15:04,SYS,
ojb7F2BYznsCIc8zplHu6mXVfKtY,94.00,67482610416723	,订单退费转入,94.00,工单系统审核退费单-套餐已作废/钱包已清零,2026-06-26 03:15:02,SYS,
olAFl639KNSsOkV4vyo2ol4sWHFI,0.00,67512534238504	,用户提现,89.50,用户提现-退费单RF2026062600325992029,2026-06-26 00:33:16,用户提现,
olAFl639KNSsOkV4vyo2ol4sWHFI,89.50,67512534238504	,订单退费转入,89.50,系统处理工单时转移用户余额，订单号=WS2026041800282244377,2026-06-26 00:33:00,SYS,
olAFl6w17KupMdvm97HahrKkJqFs,0.00,69212612170161	,用户提现,122.00,用户提现-退费单RF2026062600210643256,2026-06-26 00:22:19,用户提现,
olAFl6w17KupMdvm97HahrKkJqFs,122.00,69212612170161	,订单退费转入,122.00,系统处理工单时转移用户余额，订单号=WS2026050400410361860,2026-06-26 00:21:06,SYS,
olAFl601kJ33Y4_0y44P0em07_nY,0.00,67492602584298	,用户提现,199.00,用户提现-退费单RF2026062513493034857,2026-06-25 23:59:37,用户提现,
olAFl65NFW3hUbo9NwQR95yRCKCY,0.00,67492454385264	,用户提现,58.00,用户提现-退费单RF2026062520322343939,2026-06-25 23:40:57,用户提现,
ojb7F2Kn-tFIs2wMdJwPkICw_r2g,0.00,68772612324414	,用户提现,50.00,用户提现-退费单RF2026062517315116066,2026-06-25 23:21:56,用户提现,
olAFl69oGPVSLPxDVsSEtArdgh5g,0.00,67482610423850	,用户提现,54.00,用户提现-退费单RF2026062523034722837,2026-06-25 23:04:17,用户提现,
olAFl69oGPVSLPxDVsSEtArdgh5g,54.00,67482610423850	,订单退费转入,54.00,系统处理工单时转移用户余额，订单号=WS2026040708571876128,2026-06-25 23:03:47,SYS,
olAFl60yniWsVjSoclf2Cl5nRkq4,0.00,67002452070344	,用户提现,106.00,用户提现-退费单RF2026062523005842011,2026-06-25 23:01:45,用户提现,
olAFl60yniWsVjSoclf2Cl5nRkq4,106.00,67002452070344	,订单退费转入,106.00,工单系统流量套餐退款,2026-06-25 23:00:58,SYS,
olAFl64dURaiP3yyFUC0Wh0N4oh4,0.00,69212544102520	,用户提现,10.00,用户提现-退费单RF2026062521492808462,2026-06-25 21:50:33,用户提现,
olAFl64dURaiP3yyFUC0Wh0N4oh4,10.00,69212544102520	,订单退费转入,10.00,工单系统流量套餐退款,2026-06-25 21:49:28,SYS,
olAFl6_WDRqv12PcQJZ6hcNt9G-8,76.40,60912422108254	,订单退费转入,76.40,系统处理工单时转移用户余额，订单号=WN2026050814065521144,2026-06-25 21:48:59,SYS,
odELQ6hKixbxdUrQgkssMO2z38ho,100.00,68772612334300	,订单退费转入,100.00,工单系统流量套餐退款 本单会员价格20.00元，不能退款,2026-06-25 21:48:11,SYS,
olAFl63hBsZIuSrCeQ-lGizPIDDA,0.00,70032606001734	,用户提现,112.40,用户提现-退费单RF2026062521452140978,2026-06-25 21:46:56,用户提现,
olAFl63hBsZIuSrCeQ-lGizPIDDA,112.40,70032606001734	,订单退费转入,112.40,系统处理工单时转移用户余额，订单号=WS2026051613540308714,2026-06-25 21:45:21,SYS,
odELQ6l85lB3SpS7ffbWFroSE2X8,0.00,67682522025370	,用户提现,59.00,用户提现-退费单RF2026062521210086375,2026-06-25 21:21:42,用户提现,
ojb7F2O9Btb2QqvOWAekUiuzc79g,0.00,69212621220083	,用户提现,179.00,用户提现-退费单RF2026062521185081376,2026-06-25 21:21:16,用户提现,
odELQ6l85lB3SpS7ffbWFroSE2X8,59.00,67682522025370	,订单退费转入,59.00,工单系统流量套餐退款,2026-06-25 21:21:01,SYS,
ojb7F2O9Btb2QqvOWAekUiuzc79g,179.00,69212621220083	,订单退费转入,179.00,工单系统流量套餐退款,2026-06-25 21:18:51,SYS,
olAFl698i-RU091jMlN1gCEEEriw,189.50,70032617029380	,订单退费转入,189.50,工单系统流量套餐退款 本单会员价格20.00元，不能退款,2026-06-25 21:03:45,SYS,
olAFl669IgF00XZg3B842iJxCGPc,0.00,60912414051648	,用户提现,146.00,用户提现-退费单RF2026062520322857420,2026-06-25 21:02:46,用户提现,
olAFl66bIrV2CmjTXAXQzbnMimRg,0.00,67512448137896	,用户提现,37.00,用户提现-退费单RF2026062516280414343,2026-06-25 21:01:44,用户提现,
olAFl6-mutbyLEv5LMeDrJxY-vdQ,0.00,69212606160192	,用户提现,64.00,用户提现-退费单RF2026061919453283828,2026-06-25 20:56:52,用户提现,
olAFl60csNcRmPCDraRReACFVbzM,0.00,68772535083082	,用户提现,58.00,用户提现-退费单RF2026062520425941064,2026-06-25 20:43:19,用户提现,
olAFl60csNcRmPCDraRReACFVbzM,58.00,68772535083082	,订单退费转入,58.00,工单系统流量套餐退款,2026-06-25 20:42:59,SYS,
olAFl6wHkvLGExKzEqCDOmSSAEQg,100.00,70032621089320	,订单退费转入,100.00,系统处理工单时转移用户余额，订单号=WN2026062213213463037,2026-06-25 20:37:37,SYS,
olAFl669IgF00XZg3B842iJxCGPc,146.00,60912414051648	,订单退费转入,146.00,工单系统流量套餐退款,2026-06-25 20:32:29,SYS,
olAFl65NFW3hUbo9NwQR95yRCKCY,58.00,67492454385264	,订单退费转入,58.00,工单系统流量套餐退款,2026-06-25 20:32:23,SYS,
olAFl6wZN4fcYTx1mt1Z9dRMhQFc,0.00,68032536035023	,用户提现,199.00,用户提现-退费单RF2026062418105434629,2026-06-25 20:16:03,用户提现,
olAFl65NdYHLUnYXOxH7mTlnv2k8,0.00,68772528057450	,用户提现,133.00,用户提现-退费单RF2026062519355785458,2026-06-25 19:37:39,用户提现,
olAFl65NdYHLUnYXOxH7mTlnv2k8,133.00,68772528057450	,订单退费转入,133.00,工单系统流量套餐退款 本单会员价格20.00元，不能退款,2026-06-25 19:35:58,SYS,
olAFl69saSoc1UtPBb4JTAxiGY4c,0.00,67512515168282	,用户提现,95.20,用户提现-退费单RF2026062519210069320,2026-06-25 19:21:38,用户提现,
olAFl69saSoc1UtPBb4JTAxiGY4c,95.20,67512515168282	,订单退费转入,95.20,系统处理工单时转移用户余额，订单号=WN2026061717060725673,2026-06-25 19:21:01,SYS,
olAFl6wFLIMqn9SCyVnBMfhwswuo,0.00,68772602248697	,用户提现,121.00,用户提现-退费单RF2026062421282962637,2026-06-25 18:59:44,用户提现,
olAFl6_j_KezczQnf62pBhkECflI,0.00,69142620030269	,用户提现,97.00,用户提现-退费单RF2026062518500356466 微信退款失败：工单系统流量套餐退款,2026-06-25 18:51:04,用户提现,
olAFl6_j_KezczQnf62pBhkECflI,97.00,69142620030269	,订单退费转入,97.00,工单系统流量套餐退款,2026-06-25 18:50:04,SYS,
ojb7F2OOxbOWutJ8wP9SbNs8G6_4,0.00,70032617027633	,用户提现,479.00,用户提现-退费单RF2026062518420952483,2026-06-25 18:42:49,用户提现,
ojb7F2OOxbOWutJ8wP9SbNs8G6_4,479.00,70032617027633	,订单退费转入,479.00,工单系统流量套餐退款,2026-06-25 18:42:10,SYS,
olAFl64yrOcVA_Zce8OOWEAxp5tw,0.00,70032621090999	,用户提现,172.20,用户提现-退费单RF2026062518340611370,2026-06-25 18:36:38,用户提现,
olAFl64yrOcVA_Zce8OOWEAxp5tw,172.20,70032621090999	,订单退费转入,172.20,系统处理工单时转移用户余额，订单号=WS2026062121193716544,2026-06-25 18:34:06,SYS,
ojb7F2GprYDHdc1Nm-uOy76_OWck,549.00,69212621220723	,订单退费转入,549.00,工单系统流量套餐退款,2026-06-25 18:20:16,SYS,
olAFl658xYRvRGaG88nb_DrATNGU,0.00,67002535387190	,用户提现,1.60,用户提现-退费单RF2026062517155346814 微信退款失败：当前商户号暂不能进行“资金付款类”相关业务操作，可前往“微信支付商家助手”小程序 >“业务受限处理”了解原因,2026-06-25 18:09:40,用户提现,
olAFl6_21RU0Ci6C8ajKbJ0oSdno,0.00,68032536038581	,用户提现,27.00,用户提现-退费单RF2026062517332522542,2026-06-25 18:03:50,用户提现,
olAFl6-KUw_wSbZo6J0jneaprs2Y,0.00,69212612188425	,用户提现,39.00,用户提现-退费单RF2026062317302371871,2026-06-25 17:55:48,用户提现,
ojb7F2MNASZ0GhFRUziIVQuD9UR0,0.00,70032621088479	,用户提现,179.00,用户提现-退费单RF2026062517491019224,2026-06-25 17:49:56,用户提现,
ojb7F2MNASZ0GhFRUziIVQuD9UR0,179.00,70032621088479	,订单退费转入,179.00,工单系统流量套餐退款,2026-06-25 17:49:10,SYS,
olAFl6_21RU0Ci6C8ajKbJ0oSdno,27.00,68032536038581	,订单退费转入,27.00,系统处理工单时转移用户余额，订单号=WS2025121400425042599,2026-06-25 17:33:25,SYS,
ojb7F2Kn-tFIs2wMdJwPkICw_r2g,50.00,68772612324414	,订单退费转入,50.00,工单系统流量套餐退款 本单会员价格20.00元，不能退款,2026-06-25 17:31:51,SYS,
olAFl658xYRvRGaG88nb_DrATNGU,1.60,67002535387190	,订单退费转入,1.60,系统处理工单时转移用户余额，订单号=WS2026021509054689998,2026-06-25 17:15:53,SYS,
olAFl685nbbe_X3HD17zjM_EKu2o,0.00,68772550181064	,用户提现,54.00,用户提现-退费单RF2026062517050279666,2026-06-25 17:08:52,用户提现,
olAFl6wcRbnb4MxqDRwzkKwSB6kU,0.00,67492609639534	,用户提现,85.40,用户提现-退费单RF2026062517020583990,2026-06-25 17:05:10,用户提现,
olAFl685nbbe_X3HD17zjM_EKu2o,54.00,68772550181064	,订单退费转入,54.00,系统处理工单时转移用户余额，订单号=WS2026010307040482372,2026-06-25 17:05:03,SYS,
olAFl62ivq78stZQ0LvHiFdMNEyQ,0.00,67512525200294	,用户提现,109.00,用户提现-退费单RF2026062516324378369,2026-06-25 17:03:58,用户提现,
olAFl6wcRbnb4MxqDRwzkKwSB6kU,85.40,67492609639534	,订单退费转入,85.40,系统处理工单时转移用户余额，订单号=WS2026040904192242559,2026-06-25 17:02:06,SYS,
olAFl6zyytjMOuEakf0hh9AOIFIw,0.00,69212621219160	,用户提现,359.00,用户提现-退费单RF2026062516522763182,2026-06-25 16:52:48,用户提现,
olAFl6zyytjMOuEakf0hh9AOIFIw,359.00,69212621219160	,订单退费转入,359.00,工单系统流量套餐退款,2026-06-25 16:52:28,SYS,
olAFl66x8WV05YfLaNgbOx9EowMM,0.00,69212544101106	,用户提现,88.40,用户提现-退费单RF2026051303152838,2026-06-25 16:47:06,用户提现,
olAFl69hABleu5Ni8ZzCmEgYRw6w,8.40,69212536002238	,订单退费转入,8.40,系统处理工单时转移用户余额，订单号=WS2026021613230464743,2026-06-25 16:44:37,SYS,
olAFl69oFGwTzTLu-tvDgWC0Mc1M,0.00,68772528053083	,用户提现,76.80,用户提现-退费单RF2026062516400992284,2026-06-25 16:43:19,用户提现,
ojb7F2CYtiJy5XUfZNvupdEaDY_U,60.00,70032611007137	,订单退费转入,60.00,工单系统流量套餐退款 本单会员价格20.00元，不能退款,2026-06-25 16:43:14,SYS,
olAFl63eVm3YX7Zv6TmP4inge9Vs,192.00,58812351017467	,订单退费转入,192.00,工单系统流量套餐退款 本单会员价格20.00元，不能退款,2026-06-25 16:42:46,SYS,
olAFl69oFGwTzTLu-tvDgWC0Mc1M,76.80,68772528053083	,订单退费转入,76.80,系统处理工单时转移用户余额，订单号=WS2025112609445515166,2026-06-25 16:40:10,SYS,
olAFl62ivq78stZQ0LvHiFdMNEyQ,109.00,67512525200294	,订单退费转入,109.00,工单系统流量套餐退款,2026-06-25 16:32:44,SYS,
olAFl66bIrV2CmjTXAXQzbnMimRg,37.00,67512448137896	,订单退费转入,37.00,工单系统流量套餐退款,2026-06-25 16:28:04,SYS,
odELQ6iZTei-37mebSMzE2g4Ln-I,0.00,67682522024830	,用户提现,25.00,用户提现-退费单RF2026062516200347953,2026-06-25 16:20:43,用户提现,
odELQ6iZTei-37mebSMzE2g4Ln-I,25.00,67682522024830	,订单退费转入,25.00,工单系统流量套餐退款,2026-06-25 16:20:03,SYS,
olAFl6wtXVBybnrlfaxn8ZnbrdjU,150.40,68772604272151	,订单退费转入,150.40,系统处理工单时转移用户余额，订单号=WS2026031907561019986,2026-06-25 16:17:06,SYS,
olAFl66ig2iR-MfdbDJ_jKu9PNFk,81.40,67512515168768	,订单退费转入,81.40,系统处理工单时转移用户余额，订单号=WN2026051411194256849,2026-06-25 16:13:18,SYS,
olAFl6-wU7Jnc_RzyB5ooDEXDH0c,0.00,67512443061750	,用户提现,106.00,用户提现-退费单RF2026062511223939916,2026-06-25 16:06:05,用户提现,
olAFl68hUEvZp8HtQZci3lM1eQEA,0.00,69212621222361	,用户提现,180.00,用户提现-退费单RF2026062315482323278,2026-06-25 15:41:06,用户提现,
olAFl61O2sBBhVX3y5gOk5A5YXWc,0.00,67512535258592	,用户提现,65.80,用户提现-退费单RF2026062515100331314,2026-06-25 15:10:46,用户提现,
olAFl61O2sBBhVX3y5gOk5A5YXWc,65.80,67512535258592	,订单退费转入,65.80,系统处理工单时转移用户余额，订单号=WS2025111017071506512,2026-06-25 15:10:03,SYS,
olAFl6-IFXQjWV7yb7_kZYbm_SdU,0.00,69212621222929	,用户提现,199.00,用户提现-退费单RF2026062514553621977,2026-06-25 14:58:29,用户提现,
olAFl6-IFXQjWV7yb7_kZYbm_SdU,199.00,69212621222929	,订单退费转入,199.00,工单系统流量套餐退款,2026-06-25 14:55:36,SYS,
odELQ6vBz8HJ2g2P_MS3cOSpQLY0,0.00,68772612334545	,用户提现,247.00,用户提现-退费单RF2026061819383329457,2026-06-25 14:22:58,用户提现,
olAFl61z0EvKXA62ECeX4HhwvSqw,0.00,67492552545092	,用户提现,92.20,用户提现-退费单RF2026062513560473392,2026-06-25 13:57:10,用户提现,
olAFl61z0EvKXA62ECeX4HhwvSqw,92.20,67492552545092	,订单退费转入,92.20,系统处理工单时转移用户余额，订单号=WN2026052821195785355,2026-06-25 13:56:05,SYS,
olAFl66xMRy0hQ1fZQCBbZHz3kTE,0.00,69142529013952	,用户提现,159.00,用户提现-退费单RF2026062418032743778,2026-06-25 13:53:43,用户提现,
olAFl601kJ33Y4_0y44P0em07_nY,199.00,67492602584298	,订单退费转入,199.00,工单系统流量套餐退款,2026-06-25 13:49:30,SYS,
olAFl69f8h1xEra7d2Z9aOtJbrKU,0.00,67492552542745	,用户提现,114.40,用户提现-退费单RF2026062419291692665,2026-06-25 13:48:59,用户提现,
ojb7F2NNwtVK_CYMGaTuj83EbZkg,0.00,69142620029058	,用户提现,120.00,用户提现-退费单RF2026062513361610476,2026-06-25 13:39:41,用户提现,
ojb7F2NNwtVK_CYMGaTuj83EbZkg,120.00,69142620029058	,订单退费转入,120.00,工单系统流量套餐退款 本单会员价格20.00元，不能退款,2026-06-25 13:36:16,SYS,
olAFl60_ejKY8GFy0z74q24GJfBA,0.00,67512440015683	,用户提现,49.00,用户提现-退费单RF2026062509534977141,2026-06-25 13:23:59,用户提现,
ojb7F2BPm767V_0BcsR-TJ3WpDaY,0.00,69212621220246	,用户提现,172.20,用户提现-退费单RF2026062513202644749,2026-06-25 13:22:13,用户提现,
ojb7F2BPm767V_0BcsR-TJ3WpDaY,172.20,69212621220246	,订单退费转入,172.20,系统处理工单时转移用户余额，订单号=WS2026062312065673552,2026-06-25 13:20:26,SYS,
olAFl61euDy9dOyW5lDeNbhNPpWk,0.00,69142620026654	,用户提现,140.50,用户提现-退费单RF2026062511030749572,2026-06-25 13:03:24,用户提现,
olAFl6x69sfCXy6ACW7EhvuFSVhg,0.00,60912422109996	,用户提现,42.50,用户提现-退费单RF2026062416191124479,2026-06-25 13:00:21,用户提现,
olAFl6-UcBBeT_fZH5H4ABhf0IS8,0.00,68772522032512	,用户提现,124.80,用户提现-退费单RF2026062512391062433,2026-06-25 12:41:23,用户提现,
olAFl6-UcBBeT_fZH5H4ABhf0IS8,124.80,68772522032512	,订单退费转入,124.80,系统处理工单时转移用户余额，订单号=WS2026030419152232875,2026-06-25 12:39:11,SYS,
olAFl65fxPMjN9122ptxJ7bd34wo,0.00,67482454181873	,用户提现,122.20,用户提现-退费单RF2026062512382584698,2026-06-25 12:39:08,用户提现,
olAFl65fxPMjN9122ptxJ7bd34wo,122.20,67482454181873	,订单退费转入,122.20,系统处理工单时转移用户余额，订单号=WS2026051420054110845,2026-06-25 12:38:26,SYS,
olAFl629Nnq-_TJEHQWJCZ_F-69g,0.00,67002453173600	,用户提现,160.10,用户提现-退费单RF2026062511524347514,2026-06-25 11:53:16,用户提现,
olAFl629Nnq-_TJEHQWJCZ_F-69g,160.10,67002453173600	,订单退费转入,160.10,系统处理工单时转移用户余额，订单号=WS2026062507333219151,2026-06-25 11:52:43,SYS,
olAFl6z40hbwV1I2SI5gKHq3_8Bo,0.00,60912422105994	,用户提现,49.00,用户提现-退费单RF2026062511383764682,2026-06-25 11:39:05,用户提现,
olAFl6z40hbwV1I2SI5gKHq3_8Bo,49.00,60912422105994	,订单退费转入,49.00,工单系统流量套餐退款,2026-06-25 11:38:38,SYS,
olAFl6-wU7Jnc_RzyB5ooDEXDH0c,106.00,67512443061750	,订单退费转入,106.00,工单系统流量套餐退款 本单会员价格20.00元，不能退款,2026-06-25 11:22:39,SYS,
olAFl61euDy9dOyW5lDeNbhNPpWk,140.50,69142620026654	,订单退费转入,140.50,工单系统流量套餐退款,2026-06-25 11:03:07,SYS,
olAFl6zBt3dyf6Szs5hVPaZeQBbU,171.20,69212621227313	,订单退费转入,171.20,系统处理工单时转移用户余额，订单号=WS2026061618304097864,2026-06-25 10:39:48,SYS,
olAFl618sVNbpM1Ectqjm67zDF_0,0.00,58812421074898	,用户提现,169.00,用户提现-退费单RF2026062509541521714,2026-06-25 10:11:20,用户提现,
olAFl6-rhCMpKWlPEShOcLDivSr8,0.00,67512535268313	,用户提现,320.00,用户提现-退费单RF2026052603150985625,2026-06-25 10:06:11,用户提现,
olAFl6yTE7JLfLc1TeXTMZKrYiRU,138.00,69212621223003	,订单退费转入,138.00,工单系统流量套餐退款,2026-06-25 10:02:20,SYS,
olAFl618sVNbpM1Ectqjm67zDF_0,169.00,58812421074898	,订单退费转入,169.00,工单系统流量套餐退款 本单会员价格20.00元，不能退款,2026-06-25 09:54:15,SYS,
olAFl60_ejKY8GFy0z74q24GJfBA,49.00,67512440015683	,订单退费转入,49.00,工单系统流量套餐退款 本单会员价格20.00元，不能退款,2026-06-25 09:53:50,SYS,
olAFl63JB9AK8Zr0JD9Uu4TsF2LQ,0.00,67002452096344	,用户提现,31.80,用户提现-退费单RF2026062416410610464,2026-06-25 09:05:41,用户提现,
olAFl69CK6jLn5Uert5XvzN0TGws,0.00,67862445008464	,用户提现,133.60,用户提现-退费单RF2026062508514213893,2026-06-25 08:52:12,用户提现,
olAFl69CK6jLn5Uert5XvzN0TGws,133.60,67862445008464	,订单退费转入,133.60,系统处理工单时转移用户余额，订单号=WS2026042906380512913,2026-06-25 08:51:42,SYS,
olAFl6zhn67f8RydIVZGGYIKdFgY,0.00,69212612177695	,用户提现,34.40,用户提现-退费单RF2026062508512094061,2026-06-25 08:51:41,用户提现,
olAFl6zhn67f8RydIVZGGYIKdFgY,34.40,69212612177695	,订单退费转入,34.40,系统处理工单时转移用户余额，订单号=WN2026051011261483520,2026-06-25 08:51:21,SYS,
ojb7F2NYA0fic2DgErRqcU-gA-zk,172.20,67482610418721	,订单退费转入,172.20,系统处理工单时转移用户余额，订单号=WS2026060709444675791,2026-06-25 08:35:32,SYS,
olAFl6_VOFHcawiVEbCorNWsLeno,0.00,67002523288473	,用户提现,29.30,用户提现-退费单RF2026062208532767036,2026-06-25 08:16:39,用户提现,
olAFl66FeI_aGZ85lA_o79TYEYvU,0.00,67862447014627	,用户提现,1.30,用户提现-退费单RF2026052003150859,2026-06-25 08:16:15,用户提现,
olAFl6x_MP_UQol6Uy0eTH2tVbkM,0.00,67482503213105	,用户提现,224.00,用户提现-退费单RF2026062420134600395,2026-06-25 02:31:29,用户提现,
o2uAP6_oXGbak9mnSWkXzJeCtZrk,0.00,90463371	,用户提现,69.00,用户提现-退费单RF2026062018005144570,2026-06-25 01:27:24,用户提现,
olAFl6yU2R-S5ZwJ6U03ZLAHmMoY,0.00,68932604054490	,用户提现,69.00,用户提现-退费单RF2026062102485887014,2026-06-25 00:35:03,用户提现,
olAFl65kdUVEjPRg-gtppWSuVGZE,0.00,67512443066122	,用户提现,52.80,用户提现-退费单RF2026062322490963057,2026-06-24 23:51:27,用户提现,
olAFl617fatVyFsxdxh8XcH3Ew1A,0.00,67482504273766	,用户提现,124.20,用户提现-退费单RF2026060303151450676,2026-06-24 23:21:57,用户提现,
ojb7F2D9719gf-eswl-GZknjiYHA,0.00,70032621089273	,用户提现,171.20,用户提现-退费单RF2026062423140250534,2026-06-24 23:14:20,用户提现,
ojb7F2D9719gf-eswl-GZknjiYHA,171.20,70032621089273	,订单退费转入,171.20,系统处理工单时转移用户余额，订单号=WS2026062410282404859,2026-06-24 23:14:03,SYS,
olAFl60v7HcI3l441YHtaN3l7xuU,0.00,67492453367120	,用户提现,63.10,用户提现-退费单RF2026062322593030162,2026-06-24 23:01:18,用户提现,
ojb7F2Aptt4v2nUYoqWRq7Xj4o7o,0.00,67482610417591	,用户提现,89.00,用户提现-退费单RF2026062422330725874,2026-06-24 22:40:36,用户提现,
ojb7F2Aptt4v2nUYoqWRq7Xj4o7o,89.00,67482610417591	,订单退费转入,89.00,工单系统流量套餐退款,2026-06-24 22:33:07,SYS,
odELQ6ngWIEy5Pe439peNu4Oxh-o,0.00,68772612334749	,用户提现,681.00,用户提现-退费单RF2026062214141720488,2026-06-24 22:19:12,用户提现,
ojb7F2PxFUHfw603bh3b8XgYm1oY,0.00,70032617035502	,用户提现,199.00,用户提现-退费单RF2026062421570186357,2026-06-24 22:06:54,用户提现,
ojb7F2PxFUHfw603bh3b8XgYm1oY,199.00,70032617035502	,订单退费转入,199.00,工单系统流量套餐退款 本单会员价格20.00元，不能退款,2026-06-24 21:57:02,SYS,
olAFl61fTBJmn3naEnvJWlLKIp5Y,0.00,867061070018670	,用户提现,106.00,用户提现-退费单RF2026062421340487042,2026-06-24 21:34:44,用户提现,
olAFl61fTBJmn3naEnvJWlLKIp5Y,106.00,867061070018670	,订单退费转入,106.00,工单系统流量套餐退款,2026-06-24 21:34:05,SYS,
olAFl6wFLIMqn9SCyVnBMfhwswuo,121.00,68772602248697	,订单退费转入,121.00,系统处理工单时转移用户余额，订单号=WS2026020718532697094,2026-06-24 21:28:30,SYS,
olAFl6_ccBPbIGbHLNdbEL5ha1tw,0.00,864665064475622	,用户提现,179.00,用户提现-退费单RF2026062421221556360,2026-06-24 21:24:36,用户提现,
olAFl6_ccBPbIGbHLNdbEL5ha1tw,179.00,864665064475622	,订单退费转入,179.00,工单系统流量套餐退款 本单会员价格20.00元，不能退款,2026-06-24 21:22:16,SYS,
ojb7F2MjvKdHZT3DG0werGS-OVAU,89.00,69212602132452	,订单退费转入,89.00,工单系统流量套餐退款,2026-06-24 21:12:53,SYS,
olAFl6z7SMgNHj5pv5scFw8zF58Y,0.00,864665068039093	,用户提现,88.70,用户提现-退费单RF2026062421012693038,2026-06-24 21:02:07,用户提现,
olAFl6z7SMgNHj5pv5scFw8zF58Y,88.70,864665068039093	,订单退费转入,88.70,系统处理工单时转移用户余额，订单号=WS2026030814342502780,2026-06-24 21:01:27,SYS,
ojb7F2Jps0XvLYj1at6WnqQoLLzo,203.09,69142620034032	,订单退费转入,203.09,工单系统流量套餐退款,2026-06-24 20:42:19,SYS,
olAFl66Ck1YtZwR0fctEHBXnM-Hc,0.00,67492552540417	,用户提现,99.20,用户提现-退费单RF2026062420355322936,2026-06-24 20:37:05,用户提现,
olAFl66Ck1YtZwR0fctEHBXnM-Hc,99.20,67492552540417	,订单退费转入,99.20,系统处理工单时转移用户余额，订单号=WS2026010613514403366,2026-06-24 20:35:53,SYS,
olAFl6x_MP_UQol6Uy0eTH2tVbkM,224.00,67482503213105	,订单退费转入,224.00,工单系统流量套餐退款,2026-06-24 20:13:46,SYS,
olAFl6ziKDibN4-E061WPmY5FIcc,0.00,68032536033290	,用户提现,399.00,用户提现-退费单RF2026062420114564258,2026-06-24 20:12:38,用户提现,
olAFl6ziKDibN4-E061WPmY5FIcc,399.00,68032536033290	,订单退费转入,399.00,工单系统流量套餐退款,2026-06-24 20:11:46,SYS,
olAFl6wZ_MIdfUjsBM4N76DUlvb0,0.00,68772612327108	,用户提现,93.40,用户提现-退费单RF2026062220332082919,2026-06-24 19:45:57,用户提现,
olAFl69f8h1xEra7d2Z9aOtJbrKU,114.40,67492552542745	,订单退费转入,114.40,系统处理工单时转移用户余额，订单号=WS2026051221091360952,2026-06-24 19:29:17,SYS,
o2uAP6_2r7u-wSGQrIVxvBv8LAoQ,23.80,18006346	,订单退费转入,23.80,系统处理工单时转移用户余额，订单号=WN2026032209131827824,2026-06-24 19:22:07,SYS,
olAFl62kQmQvtMqIH24U5xfxOBMY,0.00,67512445106670	,用户提现,80.80,用户提现-退费单RF2026062220081134288,2026-06-24 19:21:08,用户提现,
olAFl6x0NUkekwo0oCYyKCyxLjA8,0.00,69212606160393	,用户提现,48.30,用户提现-退费单RF2026062110265961014,2026-06-24 19:12:35,用户提现,
olAFl61p1zDwFIoOrUjiL0FZDBeg,114.40,67492552545840	,订单退费转入,114.40,系统处理工单时转移用户余额，订单号=WS2026050510020374370,2026-06-24 19:04:48,SYS,
olAFl65vVTjCxcYlkxx__E94e0gg,0.00,70032621087385	,用户提现,29.00,用户提现-退费单RF2026062418494913615,2026-06-24 18:51:42,用户提现,
olAFl65vVTjCxcYlkxx__E94e0gg,29.00,70032621087385	,订单退费转入,29.00,工单系统流量套餐退款,2026-06-24 18:49:49,SYS,
olAFl6zjg6ioN38MhpYKvH0_188I,0.00,69212612182753	,用户提现,112.40,用户提现-退费单RF2026062418433889517,2026-06-24 18:44:11,用户提现,
olAFl6zjg6ioN38MhpYKvH0_188I,112.40,69212612182753	,订单退费转入,112.40,系统处理工单时转移用户余额，订单号=WS2026051922294924199,2026-06-24 18:43:39,SYS,
ojb7F2IqSrDi9XkNvP9Lh1hEjftE,100.00,69212621219879	,订单退费转入,100.00,系统处理工单时转移用户余额，订单号=WN2026062322144185270,2026-06-24 18:27:59,SYS,
olAFl69V-mWeKEJXxbRtB3Q2J7y0,0.00,68032536038533	,用户提现,67.00,用户提现-退费单RF2026062313595310977,2026-06-24 18:26:36,用户提现,
olAFl6wZN4fcYTx1mt1Z9dRMhQFc,199.00,68032536035023	,订单退费转入,199.00,工单系统流量套餐退款,2026-06-24 18:10:54,SYS,
olAFl66xMRy0hQ1fZQCBbZHz3kTE,159.00,69142529013952	,订单退费转入,34.00,系统处理工单时转移用户余额，订单号=WS2026050319275545939,2026-06-24 18:03:27,SYS,
olAFl66xMRy0hQ1fZQCBbZHz3kTE,125.00,69142529013952	,订单退费转入,125.00,工单系统流量套餐退款 组合支付：微信退费 125.00,2026-06-24 18:01:13,SYS,
olAFl6zZf5VhqE8fmVt8ciYS-RWU,0.00,69212602136501	,用户提现,188.00,用户提现-退费单RF2026062410512553139,2026-06-24 17:49:06,用户提现,
olAFl605hkYdYM4kKl_54mAFbK-s,0.00,68772604280459	,用户提现,39.00,用户提现-退费单RF2026062417274935470,2026-06-24 17:43:58,用户提现,
olAFl6z_00wC8ga40ZOi274SBFfQ,0.00,68772604270483	,用户提现,164.40,用户提现-退费单RF2026062417350198356,2026-06-24 17:39:17,用户提现,
ojb7F2K7rYXFwqHocdMKxZ3GQ5I0,0.00,70032621087737	,用户提现,180.00,用户提现-退费单RF2026062417293898729,2026-06-24 17:38:12,用户提现,
olAFl6z_00wC8ga40ZOi274SBFfQ,164.40,68772604270483	,订单退费转入,164.40,系统处理工单时转移用户余额，订单号=WS2026062323303347986,2026-06-24 17:35:02,SYS,
olAFl601cAwxpUMdsDDz_1LELSTA,0.00,67512535267402	,用户提现,104.20,用户提现-退费单RF2026062417303705778,2026-06-24 17:31:12,用户提现,
olAFl601cAwxpUMdsDDz_1LELSTA,104.20,67512535267402	,订单退费转入,104.20,系统处理工单时转移用户余额，订单号=WS2026042612070248290,2026-06-24 17:30:37,SYS,
ojb7F2K7rYXFwqHocdMKxZ3GQ5I0,180.00,70032621087737	,订单退费转入,180.00,系统处理工单时转移用户余额，订单号=WS2026062417024780463,2026-06-24 17:29:39,SYS,
olAFl605hkYdYM4kKl_54mAFbK-s,39.00,68772604280459	,订单退费转入,39.00,工单系统流量套餐退款,2026-06-24 17:27:49,SYS,
olAFl63JB9AK8Zr0JD9Uu4TsF2LQ,31.80,67002452096344	,订单退费转入,31.80,系统处理工单时转移用户余额，订单号=WS2026021220500705473,2026-06-24 16:41:06,SYS,
ojb7F2GujKDM3mVFRKI6UPs6OJTo,0.00,69212621219643	,用户提现,180.00,用户提现-退费单RF2026062416274585572,2026-06-24 16:29:13,用户提现,
ojb7F2GujKDM3mVFRKI6UPs6OJTo,180.00,69212621219643	,订单退费转入,180.00,系统处理工单时转移用户余额，订单号=WS2026062412161700360,2026-06-24 16:27:46,SYS,
ojb7F2GxyiNjx3UxoxH1vasq12I8,0.00,70032617027394	,用户提现,460.00,用户提现-退费单RF2026062416194205553,2026-06-24 16:20:07,用户提现,
ojb7F2GxyiNjx3UxoxH1vasq12I8,460.00,70032617027394	,订单退费转入,460.00,工单系统流量套餐退款,2026-06-24 16:19:42,SYS,
olAFl6x69sfCXy6ACW7EhvuFSVhg,42.50,60912422109996	,订单退费转入,42.50,系统处理工单时转移用户余额，订单号=WS2026051411210855762,2026-06-24 16:19:11,SYS,
olAFl61R1rk5QvnKcPrdnNUg4Bhs,0.00,69212612189818	,用户提现,146.30,用户提现-退费单RF2026062416182862837,2026-06-24 16:19:03,用户提现,
olAFl61R1rk5QvnKcPrdnNUg4Bhs,146.30,69212612189818	,订单退费转入,146.30,系统处理工单时转移用户余额，订单号=WS2026052513091664972,2026-06-24 16:18:29,SYS,
olAFl65OLmSu-qwLfc3cz0wGTLHs,7.10,67512535261582	,订单退费转入,7.10,系统处理工单时转移用户余额，订单号=WS2025112000364253573,2026-06-24 16:17:44,SYS,
olAFl6-akZCLhBzxl-JnPAqaKOqw,109.00,70032621088947	,订单退费转入,109.00,工单系统流量套餐退款,2026-06-24 16:11:07,SYS,
olAFl67gRwQXk1gpC67BZwx0GmSo,58.00,69212621217081	,订单退费转入,58.00,工单系统流量套餐退款,2026-06-24 16:07:20,SYS,
olAFl66i6yZxn-FpzKMo-LqDuP_A,0.00,68772528049207	,用户提现,79.00,用户提现-退费单RF2026062412262084712,2026-06-24 15:16:05,用户提现,
ojb7F2Or14G9_YY9tdNtZroclREU,0.00,69142620028962	,用户提现,189.00,用户提现-退费单RF2026062414592761787,2026-06-24 15:03:01,用户提现,
ojb7F2Or14G9_YY9tdNtZroclREU,189.00,69142620028962	,订单退费转入,189.00,工单系统流量套餐退款 本单会员价格20.00元，不能退款,2026-06-24 14:59:28,SYS,
ojb7F2DsAQMe8o-MIs4UT73ScHjo,0.00,69212621216927	,用户提现,171.20,用户提现-退费单RF2026062413553247727,2026-06-24 14:57:21,用户提现,
olAFl60ahJmMzmLNvb8sz3dFCccc,0.00,69142620032876	,用户提现,172.20,用户提现-退费单RF2026062414423441744,2026-06-24 14:42:57,用户提现,
olAFl60ahJmMzmLNvb8sz3dFCccc,172.20,69142620032876	,订单退费转入,172.20,系统处理工单时转移用户余额，订单号=WS2026052600220659232,2026-06-24 14:42:34,SYS,
olAFl6xyV7kNcbLFXViMSLRDO1bo,172.20,67492602579956	,订单退费转入,172.20,系统处理工单时转移用户余额，订单号=WS2026060208574439067,2026-06-24 14:29:19,SYS,
ojb7F2DsAQMe8o-MIs4UT73ScHjo,171.20,69212621216927	,订单退费转入,171.20,系统处理工单时转移用户余额，订单号=WS2026062412372183999,2026-06-24 13:55:32,SYS,
olAFl6ymd6Y3N2ZeqKYbszjrPs1Y,0.00,68772610300335	,用户提现,121.80,用户提现-退费单RF2026062320430924519,2026-06-24 13:26:54,用户提现,
olAFl677KQJ94IX_BctwvQOoH_pg,0.00,69212621222860	,用户提现,399.00,用户提现-退费单RF2026062323203713555,2026-06-24 13:25:17,用户提现,
olAFl63dw4ezrkrOC19gm7Uuib8c,0.00,68772543142295	,用户提现,66.70,用户提现-退费单RF2026061810421944762,2026-06-24 13:22:26,用户提现,
ojb7F2DypF6AtUhXa5vkqX-713Zc,0.00,67482610423707	,用户提现,74.00,用户提现-退费单RF2026062412451226146,2026-06-24 12:50:44,用户提现,
ojb7F2DypF6AtUhXa5vkqX-713Zc,74.00,67482610423707	,订单退费转入,74.00,系统处理工单时转移用户余额，订单号=WS2026060107172372679,2026-06-24 12:45:12,SYS,
olAFl66i6yZxn-FpzKMo-LqDuP_A,79.00,68772528049207	,订单退费转入,79.00,工单系统流量套餐退款 本单会员价格20.00元，不能退款,2026-06-24 12:26:21,SYS,
olAFl67F7MbsdP35DPCcowI09do0,0.00,68772612327229	,用户提现,19.00,用户提现-退费单RF2026062412165112382,2026-06-24 12:17:18,用户提现,
olAFl67F7MbsdP35DPCcowI09do0,19.00,68772612327229	,订单退费转入,19.00,工单系统流量套餐退款,2026-06-24 12:16:51,SYS,
ojb7F2M9uAQb9EDpurmllsjeREuY,0.00,69212612191404	,用户提现,74.00,用户提现-退费单RF2026062411494414783,2026-06-24 11:55:53,用户提现,
ojb7F2M9uAQb9EDpurmllsjeREuY,74.00,69212612191404	,订单退费转入,74.00,系统处理工单时转移用户余额，订单号=WS2026060100093913331,2026-06-24 11:49:44,SYS,
olAFl690NxQugDepMHwcsVjV82SI,0.00,70032611010253	,用户提现,199.00,用户提现-退费单RF2026062411342169027,2026-06-24 11:34:55,用户提现,
olAFl690NxQugDepMHwcsVjV82SI,199.00,70032611010253	,订单退费转入,199.00,工单系统流量套餐退款 本单会员价格20.00元，不能退款,2026-06-24 11:34:22,SYS,
olAFl65o_pnBhQInf4QdvPLjQ7Us,0.00,70032611010619	,用户提现,212.00,用户提现-退费单RF2026062411251705481,2026-06-24 11:28:14,用户提现,
olAFl65o_pnBhQInf4QdvPLjQ7Us,212.00,70032611010619	,订单退费转入,212.00,工单系统流量套餐退款 本单会员价格20.00元，不能退款,2026-06-24 11:25:17,SYS,
olAFl6z1cxsJLU7nFedZKFZhbuOQ,0.00,68772612320711	,用户提现,300.00,用户提现-退费单RF2026052503150673327,2026-06-24 11:12:49,用户提现,
olAFl62GpnsE2W9_itlQ1i2V57nw,0.00,86132437293456	,用户提现,55.70,用户提现-退费单RF2026062411045515682,2026-06-24 11:05:10,用户提现,
olAFl62GpnsE2W9_itlQ1i2V57nw,55.70,86132437293456	,订单退费转入,55.70,系统处理工单时转移用户余额，订单号=WS2025121212191353411,2026-06-24 11:04:55,SYS,
olAFl6zZf5VhqE8fmVt8ciYS-RWU,188.00,69212602136501	,订单退费转入,188.00,工单系统流量套餐退款,2026-06-24 10:51:26,SYS,
olAFl6wgwfvwS23Y8Sxy52NDucno,0.00,58482343088698	,用户提现,420.00,用户提现-退费单RF2026062410482769534,2026-06-24 10:49:18,用户提现,
olAFl6wgwfvwS23Y8Sxy52NDucno,420.00,58482343088698	,订单退费转入,420.00,工单系统流量套餐退款 本单会员价格20.00元，不能退款,2026-06-24 10:48:28,SYS,
odELQ6koTrrCBQEw1K9K39JgwSiI,0.00,67682453008335	,用户提现,59.00,用户提现-退费单RF2026062220273899766,2026-06-24 10:15:13,用户提现,
ojb7F2IReJe-Nvbpib_BQM8TBNwo,0.00,70032617033335	,用户提现,171.20,用户提现-退费单RF2026062410103145932,2026-06-24 10:11:50,用户提现,
ojb7F2IReJe-Nvbpib_BQM8TBNwo,171.20,70032617033335	,订单退费转入,171.20,系统处理工单时转移用户余额，订单号=WS2026060906322524829,2026-06-24 10:10:31,SYS,
ojb7F2OMOdqWjtT8w6sAM2W7rA-Q,0.00,70032611006856	,用户提现,39.00,用户提现-退费单RF2026062409342949587,2026-06-24 09:38:47,用户提现,
ojb7F2OMOdqWjtT8w6sAM2W7rA-Q,39.00,70032611006856	,订单退费转入,39.00,工单系统流量套餐退款,2026-06-24 09:34:29,SYS,
olAFl6xMWhY1UcJbo4XaBs-l_rPE,0.00,68772602223250	,用户提现,39.60,用户提现-退费单RF2026062409290306439,2026-06-24 09:31:23,用户提现,
olAFl6xMWhY1UcJbo4XaBs-l_rPE,39.60,68772602223250	,订单退费转入,39.60,系统处理工单时转移用户余额，订单号=WS2026012420231516061,2026-06-24 09:29:03,SYS,
ojb7F2FeHU6fdBIEWNK-cjDLLjKw,0.00,70032621087946	,用户提现,199.00,用户提现-退费单RF2026062408474996070,2026-06-24 08:58:10,用户提现,
ojb7F2FeHU6fdBIEWNK-cjDLLjKw,199.00,70032621087946	,订单退费转入,199.00,工单系统审核退费单-套餐已作废/钱包已清零,2026-06-24 08:57:53,SYS,
olAFl6yAmelgVmY5uuUb84kFvtD0,0.00,70032617031845	,用户提现,152.20,用户提现-退费单RF2026061520364478730,2026-06-24 08:57:35,用户提现,
olAFl63PgAqQhQMNCfESmqkB3uYY,0.00,67482454167926	,用户提现,103.40,用户提现-退费单RF2026062319053881131,2026-06-24 07:09:12,用户提现,
ojb7F2LhRsPULab5NGdza7poHo20,0.00,70032617034323	,用户提现,399.00,用户提现-退费单RF2026062401585084928,2026-06-24 01:59:26,用户提现,
ojb7F2LhRsPULab5NGdza7poHo20,399.00,70032617034323	,订单退费转入,399.00,工单系统流量套餐退款,2026-06-24 01:58:51,SYS,
o2uAP6zDkP0pBFsTm1yAovNCZrZM,0.00,18001094	,用户提现,26.80,用户提现-退费单RF2026062401111889932,2026-06-24 01:12:11,用户提现,
o2uAP6zDkP0pBFsTm1yAovNCZrZM,26.80,18001094	,订单退费转入,26.80,系统处理工单时转移用户余额，订单号=WS2026030616370015347,2026-06-24 01:11:19,SYS,
olAFl62fbarbsUm_C2TbSi3xLrWU,0.00,68932534024123	,用户提现,149.00,用户提现-退费单RF2026062400420477056,2026-06-24 00:42:27,用户提现,
olAFl62fbarbsUm_C2TbSi3xLrWU,149.00,68932534024123	,订单退费转入,149.00,工单系统流量套餐退款,2026-06-24 00:42:05,SYS,
ojb7F2Kk3NAPug_f9oH5TQowYyEQ,0.00,69212612188203	,用户提现,29.00,用户提现-退费单RF2026062400264596820,2026-06-24 00:28:36,用户提现,
ojb7F2Kk3NAPug_f9oH5TQowYyEQ,29.00,69212612188203	,订单退费转入,29.00,工单系统流量套餐退款,2026-06-24 00:26:46,SYS,
olAFl667O6cIpeTQ5WPhcTy-KwJA,0.00,58812351003506	,用户提现,70.10,用户提现-退费单RF2026062400071185630,2026-06-24 00:07:45,用户提现,
olAFl667O6cIpeTQ5WPhcTy-KwJA,70.10,58812351003506	,订单退费转入,70.10,系统处理工单时转移用户余额，订单号=WN2026062208541607757,2026-06-24 00:07:12,SYS,
olAFl677KQJ94IX_BctwvQOoH_pg,399.00,69212621222860	,订单退费转入,399.00,工单系统流量套餐退款,2026-06-23 23:20:37,SYS,
olAFl6w_Lnw93AFIBTrcBX7VoXb4,0.00,864665065586112	,用户提现,159.00,用户提现-退费单RF2026062323191598332,2026-06-23 23:20:00,用户提现,
olAFl6w_Lnw93AFIBTrcBX7VoXb4,159.00,864665065586112	,订单退费转入,159.00,工单系统流量套餐退款,2026-06-23 23:19:16,SYS,
olAFl65aviNp8R5AOBvBVbUXtw0Q,0.00,68772550183176	,用户提现,161.00,用户提现-退费单RF2026062322373815668,2026-06-23 23:01:21,用户提现,
olAFl60v7HcI3l441YHtaN3l7xuU,63.10,67492453367120	,订单退费转入,63.10,系统处理工单时转移用户余额，订单号=WN2026061921193261232,2026-06-23 22:59:30,SYS,
olAFl65JQ9NvNMsS4MTyUDqD-EnE,0.00,69212602145224	,用户提现,112.40,用户提现-退费单RF2026062322555999147,2026-06-23 22:57:34,用户提现,
olAFl65JQ9NvNMsS4MTyUDqD-EnE,112.40,69212602145224	,订单退费转入,112.40,系统处理工单时转移用户余额，订单号=WS2026052112171915611,2026-06-23 22:56:00,SYS,
olAFl65kdUVEjPRg-gtppWSuVGZE,52.80,67512443066122	,订单退费转入,52.80,系统处理工单时转移用户余额，订单号=WN2025120809493451973,2026-06-23 22:49:10,SYS,
olAFl65aviNp8R5AOBvBVbUXtw0Q,161.00,68772550183176	,订单退费转入,161.00,系统处理工单时转移用户余额，订单号=WS2026062321503553648,2026-06-23 22:37:38,SYS,
olAFl68Vic6h-XjM8P9jWbLeLt-A,20.90,864665064481851	,订单退费转入,20.90,系统处理工单时转移用户余额，订单号=WS2025110500080383393,2026-06-23 22:35:40,SYS,
ojb7F2A3IvPk5P9GDbZvp05KO4_w,0.00,70032621092576	,用户提现,19.00,用户提现-退费单RF2026062315472541497,2026-06-23 22:15:07,用户提现,
olAFl6ziGdN38zSW2IUiWSaxiNuE,0.00,70032611006683	,用户提现,19.00,用户提现-退费单RF2026062319423801086,2026-06-23 22:10:59,用户提现,
olAFl64eo80mAL0TVXSRp4ccsSS0,0.00,864665065377769	,用户提现,126.20,用户提现-退费单RF2026062300142002950,2026-06-23 22:09:59,用户提现,
olAFl63L3XwWKs-ia_tByLo7mHQw,0.00,67482445018511	,用户提现,57.20,用户提现-退费单RF2026062310163961371,2026-06-23 21:58:20,用户提现,
olAFl69mTc9OQ4i9AhEoYbejgGKA,0.00,864665069520950	,用户提现,214.20,用户提现-退费单RF2026062215520698878,2026-06-23 21:30:29,用户提现,
ojb7F2BaPEdLQUbTUPq4Lj81_p14,0.00,69212612176061	,用户提现,172.20,用户提现-退费单RF2026062321100633114,2026-06-23 21:21:04,用户提现,
ojb7F2BaPEdLQUbTUPq4Lj81_p14,172.20,69212612176061	,订单退费转入,172.20,系统处理工单时转移用户余额，订单号=WS2026060419564689116,2026-06-23 21:10:06,SYS,
olAFl635HBrqC3Nj_jbhBhDoBM10,0.00,67512525202862	,用户提现,146.00,用户提现-退费单RF2026062320481843489,2026-06-23 20:48:47,用户提现,
olAFl635HBrqC3Nj_jbhBhDoBM10,146.00,67512525202862	,订单退费转入,146.00,工单系统流量套餐退款,2026-06-23 20:48:18,SYS,
olAFl6ymd6Y3N2ZeqKYbszjrPs1Y,121.80,68772610300335	,订单退费转入,121.80,工单系统流量套餐退款,2026-06-23 20:43:09,SYS,
olAFl6373uZIFM7_P0drT7w-bo4M,0.00,67862443003292	,用户提现,62.40,用户提现-退费单RF2026052708114641324,2026-06-23 20:22:39,用户提现,
olAFl683mdS0C4448LVB5WPxrNSQ,0.00,68772528057222	,用户提现,127.20,用户提现-退费单RF2026061822311969965,2026-06-23 19:57:27,用户提现,
olAFl6ziGdN38zSW2IUiWSaxiNuE,19.00,70032611006683	,订单退费转入,19.00,工单系统流量套餐退款,2026-06-23 19:42:38,SYS,
olAFl67vUcInHfZAoCrEzzyC9iSk,0.00,67492509463137	,用户提现,39.60,用户提现-退费单RF2026062319243400774,2026-06-23 19:24:50,用户提现,
olAFl67vUcInHfZAoCrEzzyC9iSk,39.60,67492509463137	,订单退费转入,39.60,系统处理工单时转移用户余额，订单号=WS2026031415091580995,2026-06-23 19:24:34,SYS,
olAFl63PgAqQhQMNCfESmqkB3uYY,103.40,67482454167926	,订单退费转入,103.40,工单系统流量套餐退款,2026-06-23 19:05:39,SYS,
olAFl67XZtnaBDzN1CGjB16UzWJw,0.00,67002453168673	,用户提现,29.00,用户提现-退费单RF2026062311480291931,2026-06-23 19:04:27,用户提现,
olAFl6z9D8wYNh02IGurqngsX-QM,0.00,67002453174066	,用户提现,12.30,用户提现-退费单RF2026062318431310636,2026-06-23 18:44:38,用户提现,
olAFl6z9D8wYNh02IGurqngsX-QM,12.30,67002453174066	,订单退费转入,12.30,系统处理工单时转移用户余额，订单号=WN2025121210051710532,2026-06-23 18:43:13,SYS,
olAFl61TyIadrOT5Ljuo5WGUQtRw,0.00,867061073660536	,用户提现,26.40,用户提现-退费单RF2026062318283775393,2026-06-23 18:35:21,用户提现,
olAFl61TyIadrOT5Ljuo5WGUQtRw,26.40,867061073660536	,订单退费转入,26.40,系统处理工单时转移用户余额，订单号=WS2025120519170508797,2026-06-23 18:28:38,SYS,
olAFl637q7AqMk5yQFMq3hjKch0g,0.00,67512534238428	,用户提现,154.20,用户提现-退费单RF2026062318282475546,2026-06-23 18:28:35,用户提现,
olAFl637q7AqMk5yQFMq3hjKch0g,154.20,67512534238428	,订单退费转入,154.20,系统处理工单时转移用户余额，订单号=WS2026060214241138767,2026-06-23 18:28:25,SYS,
olAFl68vgmPt8YkpWEw4zFYTPIA4,0.00,70032617028975	,用户提现,160.10,用户提现-退费单RF2026062318023101256,2026-06-23 18:03:00,用户提现,
olAFl68vgmPt8YkpWEw4zFYTPIA4,160.10,70032617028975	,订单退费转入,160.10,系统处理工单时转移用户余额，订单号=WS2026062309102889123,2026-06-23 18:02:31,SYS,
olAFl6-IIX0b70DuqW9wpqdhiXx0,0.00,67482610415425	,用户提现,19.00,用户提现-退费单RF2026051503153264,2026-06-23 17:52:35,用户提现,
olAFl63Eh0dKFCZdhv014HTdAD40,0.00,67002535387738	,用户提现,79.20,用户提现-退费单RF2026062100470368387,2026-06-23 17:48:31,用户提现,
olAFl68gwzZestt-d2zog8z6cGVw,0.00,58812418053656	,用户提现,261.00,用户提现-退费单RF2026062317382139789,2026-06-23 17:39:25,用户提现,
olAFl68gwzZestt-d2zog8z6cGVw,261.00,58812418053656	,订单退费转入,261.00,工单系统流量套餐退款 本单会员价格20.00元，不能退款,2026-06-23 17:38:21,SYS,
o4p3p67ZFibzyRuQBGSTVtbrxpaY,204.00,867921073641713	,订单退费转入,204.00,工单系统流量套餐退款,2026-06-23 17:36:58,SYS,
olAFl6-KUw_wSbZo6J0jneaprs2Y,39.00,69212612188425	,订单退费转入,39.00,工单系统流量套餐退款,2026-06-23 17:30:24,SYS,
olAFl69oIhGXcHVxzJdmlknvDbBs,0.00,68772602217554	,用户提现,90.40,用户提现-退费单RF2026062317250646079,2026-06-23 17:29:10,用户提现,
olAFl69oIhGXcHVxzJdmlknvDbBs,90.40,68772602217554	,订单退费转入,90.40,系统处理工单时转移用户余额，订单号=WN2026052318405665813,2026-06-23 17:25:06,SYS,
olAFl6_ECsHLfr2JL274gEnabEWM,0.00,67512525200179	,用户提现,66.00,用户提现-退费单RF2026052503152186243,2026-06-23 17:20:40,用户提现,
olAFl69GagCgfitFlUGe_DOh1ftY,0.00,67512535261975	,用户提现,57.10,用户提现-退费单RF2026062317153033137,2026-06-23 17:16:00,用户提现,
olAFl69GagCgfitFlUGe_DOh1ftY,57.10,67512535261975	,订单退费转入,57.10,工单系统流量套餐退款,2026-06-23 17:15:30,SYS,
olAFl6-a-dw-eai56hpOMsjC3Kuk,0.00,69212602132343	,用户提现,202.00,用户提现-退费单RF2026062317113566658,2026-06-23 17:13:14,用户提现,
olAFl6-a-dw-eai56hpOMsjC3Kuk,202.00,69212602132343	,订单退费转入,202.00,系统处理工单时转移用户余额，订单号=WS2026030816495504364,2026-06-23 17:11:36,SYS,
ojb7F2G3CmPOvDi6oqsMSi3xCEmw,0.00,68772522033246	,用户提现,221.20,用户提现-退费单RF2026062317060728893,2026-06-23 17:06:34,用户提现,
olAFl64iPU4RpKGpGDHUAia443LM,0.00,67512525224774	,用户提现,142.10,用户提现-退费单RF2026062317052643132,2026-06-23 17:06:32,用户提现,
ojb7F2G3CmPOvDi6oqsMSi3xCEmw,221.20,68772522033246	,订单退费转入,221.20,系统处理工单时转移用户余额，订单号=WS2026052219320016372,2026-06-23 17:06:07,SYS,
olAFl64iPU4RpKGpGDHUAia443LM,142.10,67512525224774	,订单退费转入,142.10,系统处理工单时转移用户余额，订单号=WS2026020800504781555,2026-06-23 17:05:26,SYS,
ojb7F2PelYi-4hm9LzgIL9i_99s8,0.00,70032617032577	,用户提现,29.00,用户提现-退费单RF2026061310194983758,2026-06-23 16:53:01,用户提现,
odELQ6jLKey1G8gZLKPKKNomYCU0,0.00,67682453006475	,用户提现,138.00,用户提现-退费单RF2026062316483986341,2026-06-23 16:50:39,用户提现,
odELQ6jLKey1G8gZLKPKKNomYCU0,138.00,67682453006475	,订单退费转入,138.00,工单系统流量套餐退款 本单会员价格20.00元，不能退款,2026-06-23 16:48:40,SYS,
ojb7F2MQmltUAeV0ugg5ExR7AfNI,19.00,69142620030745	,订单退费转入,19.00,工单系统流量套餐退款,2026-06-23 16:33:29,SYS,
o2uAP6-i3thmVPOhVhRjV005ffw0,0.00,87955823	,用户提现,43.50,用户提现-退费单RF2026062316290506668,2026-06-23 16:29:24,用户提现,
o2uAP6-i3thmVPOhVhRjV005ffw0,43.50,87955823	,订单退费转入,43.50,系统处理工单时转移用户余额，订单号=WS2026030110521947346,2026-06-23 16:29:05,SYS,
olAFl69XB8HzYSwp29HQWnofbvLI,0.00,68772612355431	,用户提现,320.00,用户提现-退费单RF2026062315544228062,2026-06-23 15:58:09,用户提现,
olAFl6zy1dTxsOeeAmxvsD8pnrXw,0.00,67482610412161	,用户提现,51.50,用户提现-退费单RF2026062315510157195,2026-06-23 15:55:44,用户提现,
olAFl69XB8HzYSwp29HQWnofbvLI,320.00,68772612355431	,订单退费转入,320.00,工单系统流量套餐退款 本单会员价格20.00元，不能退款,2026-06-23 15:54:42,SYS,
olAFl6zy1dTxsOeeAmxvsD8pnrXw,51.50,67482610412161	,订单退费转入,51.50,系统处理工单时转移用户余额，订单号=WS2026033020265909581,2026-06-23 15:51:02,SYS,
olAFl68hUEvZp8HtQZci3lM1eQEA,180.00,69212621222361	,订单退费转入,180.00,系统处理工单时转移用户余额，订单号=WS2026062311575267076,2026-06-23 15:48:23,SYS,
ojb7F2A3IvPk5P9GDbZvp05KO4_w,19.00,70032621092576	,订单退费转入,19.00,工单系统流量套餐退款,2026-06-23 15:47:25,SYS,
olAFl6ynlPGSp8naBZq0GGVhcko4,0.00,67512442043270	,用户提现,117.60,用户提现-退费单RF2026062315340816661,2026-06-23 15:34:53,用户提现,
olAFl6ynlPGSp8naBZq0GGVhcko4,117.60,67512442043270	,订单退费转入,117.60,系统处理工单时转移用户余额，订单号=WS2025122213533917073,2026-06-23 15:34:08,SYS,
olAFl6yy2bHEsclPAtNQKio591YM,0.00,67002453174807	,用户提现,129.80,用户提现-退费单RF2026062219363658985,2026-06-23 15:27:01,用户提现,
olAFl62_iPXB8Y3Dr9nXjonPod90,0.00,70032621093299	,用户提现,66.20,用户提现-退费单RF2026062314524733361,2026-06-23 14:54:14,用户提现,
olAFl62_iPXB8Y3Dr9nXjonPod90,66.20,70032621093299	,订单退费转入,66.20,系统处理工单时转移用户余额，订单号=WS2026062017550398734,2026-06-23 14:52:47,SYS,
ojb7F2L7wWDMnhkQFmrX132D9CM8,0.00,69212621223466	,用户提现,171.20,用户提现-退费单RF2026062314234902899,2026-06-23 14:27:12,用户提现,
o2uAP6zvA8fGPA__YN-oZKY7zSbE,0.00,86339102	,用户提现,90.10,用户提现-退费单RF2026062314243851751,2026-06-23 14:25:29,用户提现,
o2uAP6zvA8fGPA__YN-oZKY7zSbE,90.10,86339102	,订单退费转入,90.10,系统处理工单时转移用户余额，订单号=WS2026032915290219110,2026-06-23 14:24:39,SYS,
ojb7F2L7wWDMnhkQFmrX132D9CM8,171.20,69212621223466	,订单退费转入,171.20,系统处理工单时转移用户余额，订单号=WS2026061600165117191,2026-06-23 14:23:49,SYS,
olAFl69_blJq0oj0l_DW05BtsHKM,0.00,867061070814797	,用户提现,131.80,用户提现-退费单RF2026050503152722,2026-06-23 14:05:45,用户提现,
olAFl69V-mWeKEJXxbRtB3Q2J7y0,67.00,68032536038533	,订单退费转入,67.00,系统处理工单时转移用户余额，订单号=WN2025122811310421057,2026-06-23 13:59:53,SYS,
olAFl65xsKhwZ-y1qv-Littn7Giw,34.00,67512517179443	,订单退费转入,34.00,系统处理工单时转移用户余额，订单号=WS2025072019553809890,2026-06-23 13:55:15,SYS,
olAFl686KHCDVaukqDT7VsV0nQ6M,222.00,68772528046729	,订单退费转入,222.00,工单系统流量套餐退款,2026-06-23 13:49:23,SYS,
olAFl69UVhTjkvQQdXDsPXRTbeDs,0.00,68032536034498	,用户提现,188.00,用户提现-退费单RF2026062313463662650,2026-06-23 13:47:09,用户提现,
olAFl69UVhTjkvQQdXDsPXRTbeDs,188.00,68032536034498	,订单退费转入,188.00,工单系统流量套餐退款 本单会员价格20.00元，不能退款,2026-06-23 13:46:37,SYS,
olAFl6yRB2yuMTLlnLXyCR4AXvII,0.00,68772550197168	,用户提现,60.70,用户提现-退费单RF2026062313275227886,2026-06-23 13:30:14,用户提现,
olAFl6yRB2yuMTLlnLXyCR4AXvII,60.70,68772550197168	,订单退费转入,60.70,工单系统流量套餐退款,2026-06-23 13:27:52,SYS,
olAFl6_ZG0WJ1uJvuOqCWvU83kyA,0.00,67482503243830	,用户提现,54.00,用户提现-退费单RF2026062215202686268,2026-06-23 13:25:37,用户提现,
ojb7F2KG7hTGMckk44ovUkJPCVOc,0.00,69212621222727	,用户提现,172.20,用户提现-退费单RF2026062300003088117,2026-06-23 12:27:53,用户提现,
olAFl642-E-1RB5cnS4rX5TaBi8Q,0.00,68772543143668	,用户提现,29.00,用户提现-退费单RF2026062223504873028,2026-06-23 11:51:08,用户提现,
olAFl67XZtnaBDzN1CGjB16UzWJw,29.00,67002453168673	,订单退费转入,29.00,工单系统流量套餐退款,2026-06-23 11:48:03,SYS,
olAFl6zj-gNUsi1DnoiNeXxyU3dM,0.00,67002523279217	,用户提现,102.30,用户提现-退费单RF2026062311315813623,2026-06-23 11:32:33,用户提现,
olAFl6zj-gNUsi1DnoiNeXxyU3dM,102.30,67002523279217	,订单退费转入,102.30,系统处理工单时转移用户余额，订单号=WS2026011520335703957,2026-06-23 11:31:58,SYS,
olAFl6wfLPPMblUHzTzMtzwkBtGM,0.00,68772539118155	,用户提现,5.10,用户提现-退费单RF2026062310415184499,2026-06-23 10:44:25,用户提现,
olAFl6wfLPPMblUHzTzMtzwkBtGM,5.10,68772539118155	,订单退费转入,5.10,系统处理工单时转移用户余额，订单号=WN2025112516020018250,2026-06-23 10:41:52,SYS,
olAFl67cFFebW3YTFCyvWXcllF3A,80.80,67002535387360	,订单退费转入,80.80,系统处理工单时转移用户余额，订单号=WS2026041208562153527,2026-06-23 10:24:12,SYS,
olAFl63L3XwWKs-ia_tByLo7mHQw,57.20,67482445018511	,订单退费转入,57.20,系统处理工单时转移用户余额，订单号=WS2025071122444506391,2026-06-23 10:16:40,SYS,
olAFl6y8kbmZk5BRxmwxiD1ze-fs,0.00,60912426132636	,用户提现,65.50,用户提现-退费单RF2026062309450455845,2026-06-23 09:54:09,用户提现,
olAFl6y8kbmZk5BRxmwxiD1ze-fs,65.50,60912426132636	,订单退费转入,65.50,系统处理工单时转移用户余额，订单号=WS2026030415363343191,2026-06-23 09:45:05,SYS,
olAFl6yEoYR2MeaMszc9CMj0Lwhk,120.00,68772612354455	,订单退费转入,120.00,工单系统流量套餐退款 本单会员价格20.00元，不能退款,2026-06-23 09:19:59,SYS,
ojb7F2OQN0w-0nVIYiQigzkGwJ3s,0.00,69212612170764	,用户提现,180.00,用户提现-退费单RF2026062309043514676,2026-06-23 09:05:06,用户提现,
ojb7F2OQN0w-0nVIYiQigzkGwJ3s,180.00,69212612170764	,订单退费转入,180.00,系统处理工单时转移用户余额，订单号=WS2026061109050142133,2026-06-23 09:04:35,SYS,
olAFl68SoROj8JjG7gfNfKJxqJqA,0.00,	,系统扣费,96.00,用户无可退退费单，钱包清零,2026-06-23 09:02:13,SYS,
ojb7F2KPlTEyOxQO6gtqeu1vQnN8,0.00,69212612175707	,用户提现,172.20,用户提现-退费单RF2026062308351838249,2026-06-23 08:35:46,用户提现,
ojb7F2KPlTEyOxQO6gtqeu1vQnN8,172.20,69212612175707	,订单退费转入,172.20,系统处理工单时转移用户余额，订单号=WS2026060420582852985,2026-06-23 08:35:18,SYS,
olAFl62mQCL6H5ZSIMBOdHhNOmjQ,39.00,70032621090827	,订单退费转入,39.00,工单系统流量套餐退款,2026-06-23 07:43:45,SYS,
olAFl67LG2cqCkLcR0AdVPiaOLVc,82.20,68772610302071	,订单退费转入,82.20,系统处理工单时转移用户余额，订单号=WS2026040313370813217,2026-06-23 07:08:24,SYS,
olAFl67kCU5oaOShRO5W17-6r9xo,0.00,68032536032334	,用户提现,179.00,用户提现-退费单RF2026061815350650820,2026-06-23 04:31:20,用户提现,
olAFl64eo80mAL0TVXSRp4ccsSS0,126.20,864665065377769	,订单退费转入,126.20,系统处理工单时转移用户余额，订单号=WS2026050618255965555 本单会员价格20.00元，不能退款,2026-06-23 00:14:20,SYS,
ojb7F2KG7hTGMckk44ovUkJPCVOc,172.20,69212621222727	,订单退费转入,172.20,系统处理工单时转移用户余额，订单号=WS2026061712351235272,2026-06-23 00:00:31,SYS,
olAFl642-E-1RB5cnS4rX5TaBi8Q,29.00,68772543143668	,订单退费转入,29.00,工单系统流量套餐退款,2026-06-22 23:50:49,SYS,
olAFl64XuppyzfyAi69ON4G1y0nM,0.00,67492442203890	,用户提现,93.40,用户提现-退费单RF2026062213135372382,2026-06-22 23:35:24,用户提现,
olAFl67sLiaGBvExn2YskC4muT1Q,0.00,69212612180447	,用户提现,54.00,用户提现-退费单RF2026052903150856263,2026-06-22 23:19:35,用户提现,
olAFl6wx-XvgQsslQadE58E4jMEo,0.00,867061070770791	,用户提现,163.40,用户提现-退费单RF2026062223130190111,2026-06-22 23:13:22,用户提现,
olAFl6wx-XvgQsslQadE58E4jMEo,163.40,867061070770791	,订单退费转入,163.40,系统处理工单时转移用户余额，订单号=WS2026052822111546421,2026-06-22 23:13:02,SYS,
olAFl627OuxpVXi5KhnzrpnYobco,0.00,67492445345898	,用户提现,175.20,用户提现-退费单RF2026062223014382225,2026-06-22 23:02:19,用户提现,
olAFl627OuxpVXi5KhnzrpnYobco,175.20,67492445345898	,订单退费转入,175.20,系统处理工单时转移用户余额，订单号=WS2026062222480852527,2026-06-22 23:01:44,SYS,
olAFl64LRtk_mBq5yKFMm4uJdlwg,10.60,864665070221671	,订单退费转入,10.60,系统处理工单时转移用户余额，订单号=WS2025122220403198597,2026-06-22 22:37:06,SYS,
olAFl6xsrRw13GrRWKFSMpEnB4EY,0.00,69212606158077	,用户提现,47.50,用户提现-退费单RF2026062222340972360,2026-06-22 22:35:07,用户提现,
olAFl6xsrRw13GrRWKFSMpEnB4EY,47.50,69212606158077	,订单退费转入,47.50,系统处理工单时转移用户余额，订单号=WS2026031519424430218,2026-06-22 22:34:10,SYS,
olAFl66b-O7cnjFoW5e1umikwRUk,0.00,58482339013319	,用户提现,36.20,用户提现-退费单RF2026062014513616721,2026-06-22 22:32:28,用户提现,
olAFl6wdkp8TFJerZoaTDSvL-YaU,0.00,69212621215092	,用户提现,109.00,用户提现-退费单RF2026062222211710748,2026-06-22 22:23:25,用户提现,
olAFl6wGhih4CZiwIUuCwycmoUQE,0.00,67492610671725	,用户提现,199.00,用户提现-退费单RF2026060913073873024,2026-06-22 22:21:34,用户提现,
olAFl6wdkp8TFJerZoaTDSvL-YaU,109.00,69212621215092	,订单退费转入,109.00,工单系统流量套餐退款,2026-06-22 22:21:17,SYS,
olAFl61lxUyrvTCR1OFkuOBQeMCw,0.00,864665070687400	,用户提现,133.60,用户提现-退费单RF2026062221491458220,2026-06-22 21:49:50,用户提现,
olAFl61lxUyrvTCR1OFkuOBQeMCw,133.60,864665070687400	,订单退费转入,133.60,系统处理工单时转移用户余额，订单号=WS2026041711015996433,2026-06-22 21:49:15,SYS,
olAFl64ksAZp9iwcwpBpeV_1nOdM,0.00,67002447020692	,用户提现,52.40,用户提现-退费单RF2026062221151236648,2026-06-22 21:16:02,用户提现,
olAFl64ksAZp9iwcwpBpeV_1nOdM,52.40,67002447020692	,订单退费转入,52.40,系统处理工单时转移用户余额，订单号=WN2025102115012129316,2026-06-22 21:15:12,SYS,
olAFl6wZ_MIdfUjsBM4N76DUlvb0,93.40,68772612327108	,订单退费转入,93.40,系统处理工单时转移用户余额，订单号=WS2026041520325561416,2026-06-22 20:33:21,SYS,
odELQ6koTrrCBQEw1K9K39JgwSiI,59.00,67682453008335	,订单退费转入,59.00,工单系统流量套餐退款,2026-06-22 20:27:39,SYS,
olAFl62kQmQvtMqIH24U5xfxOBMY,80.80,67512445106670	,订单退费转入,80.80,系统处理工单时转移用户余额，订单号=WN2026050910184415739,2026-06-22 20:08:11,SYS,
ojb7F2IhBxi33OSRsSxz-cI5ASpM,0.00,70032606002475	,用户提现,180.00,用户提现-退费单RF2026062220040249512,2026-06-22 20:04:54,用户提现,
ojb7F2IhBxi33OSRsSxz-cI5ASpM,180.00,70032606002475	,订单退费转入,180.00,系统处理工单时转移用户余额，订单号=WS2026061214500113878,2026-06-22 20:04:02,SYS,
olAFl6yy2bHEsclPAtNQKio591YM,129.80,67002453174807	,订单退费转入,129.80,系统处理工单时转移用户余额，订单号=WS2026031108443819922,2026-06-22 19:36:37,SYS,
ojb7F2K3hPC3HDGgjM8vtmiGY8iY,0.00,69142620030200	,用户提现,124.30,用户提现-退费单RF2026062218370962869,2026-06-22 19:30:24,用户提现,
olAFl68AGzx19bxlpbUDPoeIJAXQ,0.00,69212612187524	,用户提现,120.00,用户提现-退费单RF2026062208392959617,2026-06-22 18:59:01,用户提现,
olAFl61aGvn3bpxFY7jRq0TTv2mk,0.00,69212621220095	,用户提现,89.00,用户提现-退费单RF2026062211351271834,2026-06-22 18:54:26,用户提现,
ojb7F2K3hPC3HDGgjM8vtmiGY8iY,124.30,69142620030200	,订单退费转入,124.30,系统处理工单时转移用户余额，订单号=WS2026052211125281935,2026-06-22 18:37:10,SYS,
olAFl6-LJuLx5sRiJxuxI6tqN_dw,0.00,70032621088933	,用户提现,171.20,用户提现-退费单RF2026062218015180098,2026-06-22 18:02:14,用户提现,
olAFl6-LJuLx5sRiJxuxI6tqN_dw,171.20,70032621088933	,订单退费转入,171.20,系统处理工单时转移用户余额，订单号=WS2026062217304251451,2026-06-22 18:01:52,SYS,
olAFl6_thGNgWLYMhTZt8CtKJumI,0.00,67512525204306	,用户提现,103.70,用户提现-退费单RF2026062217564681222 微信退款失败：基本账户余额不足，请充值后重新发起,2026-06-22 17:57:00,用户提现,
olAFl6_thGNgWLYMhTZt8CtKJumI,103.70,67512525204306	,订单退费转入,103.70,系统处理工单时转移用户余额，订单号=WS2025081508465119710,2026-06-22 17:56:47,SYS,
odELQ6pn72CJMsgQDTB7Jy-Fp2GE,0.00,68382523006778	,用户提现,70.30,用户提现-退费单RF2026062217360639971,2026-06-22 17:42:03,用户提现,
odELQ6pn72CJMsgQDTB7Jy-Fp2GE,70.30,68382523006778	,订单退费转入,70.30,系统处理工单时转移用户余额，订单号=WS2026051312290706095,2026-06-22 17:36:06,SYS,
olAFl605BgrB_kwf0lZhdtuXHg3k,0.00,67492508413990	,用户提现,79.60,用户提现-退费单RF2026050803153814 微信退款失败：超期订单不允许退款,2026-06-22 17:34:54,用户提现,
olAFl68xmWhv7EnVhTjVEZ2tQzbo,0.00,69212621214940	,用户提现,199.00,用户提现-退费单RF2026062212292073265,2026-06-22 17:18:08,用户提现,
olAFl63J9NoNN_K5Zfxci2wxIj-k,0.00,70032611013585	,用户提现,443.00,用户提现-退费单RF2026062213482921627,2026-06-22 16:38:26,用户提现,
olAFl65pY0pHiu6SqXOfxqunV-So,0.00,68772537092195	,用户提现,159.00,用户提现-退费单RF2026042315302573,2026-06-22 16:35:09,用户提现,
olAFl69mTc9OQ4i9AhEoYbejgGKA,214.20,864665069520950	,订单退费转入,214.20,系统处理工单时转移用户余额，订单号=WS2026062111233919130,2026-06-22 15:52:07,SYS,
odELQ6uK_4Ol-FBy4wDIXJH9XMtI,0.00,864665067625843	,用户提现,200.00,用户提现-退费单RF2026062209590824115,2026-06-22 15:49:03,用户提现,
olAFl6y1lnxXeo3AdH96UnfW5tkQ,0.00,68772550182268	,用户提现,88.40,用户提现-退费单RF2026052322533537539 微信退款失败：当前商户号暂不能进行“资金付款类”相关业务操作，可前往“微信支付商家助手”小程序 >“业务受限处理”了解原因,2026-06-22 15:43:49,用户提现,
olAFl65LYH980otP3GPPFyr5qdnU,0.00,68772612329181	,用户提现,106.00,用户提现-退费单RF2026062215224800743,2026-06-22 15:26:44,用户提现,
olAFl65LYH980otP3GPPFyr5qdnU,106.00,68772612329181	,订单退费转入,106.00,工单系统流量套餐退款,2026-06-22 15:22:48,SYS,
olAFl6_ZG0WJ1uJvuOqCWvU83kyA,54.00,67482503243830	,订单退费转入,54.00,系统处理工单时转移用户余额，订单号=WS2025090320230300520,2026-06-22 15:20:27,SYS,
olAFl65HYtEoq8IHAeLP4FzStRnU,0.00,69212612188318	,用户提现,320.00,用户提现-退费单RF2026062214123363797,2026-06-22 15:18:42,用户提现,
olAFl64ryOkxxVeBQsoqxC8VAd_k,0.00,70032611014393	,用户提现,74.00,用户提现-退费单RF2026062212081641288,2026-06-22 15:13:54,用户提现,
olAFl69xJKVgGxiSKdbSpWDm5vZE,0.00,67002509211386	,用户提现,72.40,用户提现-退费单RF2026062214043116321,2026-06-22 15:06:19,用户提现,
odELQ6ngWIEy5Pe439peNu4Oxh-o,681.00,68772612334749	,订单退费转入,681.00,工单系统流量套餐退款,2026-06-22 14:14:17,SYS,
olAFl65HYtEoq8IHAeLP4FzStRnU,320.00,69212612188318	,订单退费转入,320.00,工单系统流量套餐退款 本单会员价格20.00元，不能退款,2026-06-22 14:12:34,SYS,
olAFl69xJKVgGxiSKdbSpWDm5vZE,72.40,67002509211386	,订单退费转入,72.40,系统处理工单时转移用户余额，订单号=WS2025082712252265675,2026-06-22 14:04:31,SYS,
olAFl658G0f2g1ofnpcLLixhC3XY,0.00,69142529007712	,用户提现,85.50,用户提现-退费单RF2026062119541792078,2026-06-22 14:02:57,用户提现,
olAFl63J9NoNN_K5Zfxci2wxIj-k,443.00,70032611013585	,订单退费转入,443.00,工单系统流量套餐退款,2026-06-22 13:48:29,SYS,
olAFl624h0D05xg6z-mAvCquPMIM,0.00,67492538509072	,用户提现,89.80,用户提现-退费单RF2026061918481048774,2026-06-22 13:28:34,用户提现,
olAFl60DG-zqhP-4YvetVKJDFWpc,139.60,68772602247557	,订单退费转入,139.60,系统处理工单时转移用户余额，订单号=WS2026051616510465099,2026-06-22 13:19:56,SYS,
olAFl60QYvhTsHkB8Cy0yUwnFE4o,0.00,69212621222734	,用户提现,549.00,用户提现-退费单RF2026062120270190113,2026-06-22 13:19:16,用户提现,
olAFl64XuppyzfyAi69ON4G1y0nM,93.40,67492442203890	,订单退费转入,93.40,系统处理工单时转移用户余额，订单号=WS2026031020073241329,2026-06-22 13:13:54,SYS,
ojb7F2AYbwgj8FrO1_S1SsjjiK04,0.00,68932612068307	,用户提现,149.00,用户提现-退费单RF2026062212510932391,2026-06-22 12:52:30,用户提现,
ojb7F2AYbwgj8FrO1_S1SsjjiK04,149.00,68932612068307	,订单退费转入,149.00,工单系统流量套餐退款,2026-06-22 12:51:09,SYS,
odELQ6h1bS21SOonXI1GpG0kNzbM,0.00,67682453007353	,用户提现,180.00,用户提现-退费单RF2026062206481861311,2026-06-22 12:39:43,用户提现,
olAFl68xmWhv7EnVhTjVEZ2tQzbo,199.00,69212621214940	,订单退费转入,199.00,工单系统流量套餐退款 本单会员价格20.00元，不能退款,2026-06-22 12:29:21,SYS,
olAFl688-wp9wqBjUvg4j-W_mQoo,0.00,67492603601836	,用户提现,140.80,用户提现-退费单RF2026062121513911620,2026-06-22 12:17:34,用户提现,
olAFl64ryOkxxVeBQsoqxC8VAd_k,74.00,70032611014393	,订单退费转入,74.00,系统处理工单时转移用户余额，订单号=WS2026061422573281157,2026-06-22 12:08:16,SYS,
olAFl61aGvn3bpxFY7jRq0TTv2mk,89.00,69212621220095	,订单退费转入,89.00,工单系统流量套餐退款,2026-06-22 11:35:13,SYS,
olAFl65ymWttP1R1-Aaq6t7O6yl4,0.00,70032621089252	,用户提现,179.00,用户提现-退费单RF2026062211102744472,2026-06-22 11:14:57,用户提现,
olAFl65ymWttP1R1-Aaq6t7O6yl4,179.00,70032621089252	,订单退费转入,179.00,工单系统流量套餐退款,2026-06-22 11:10:27,SYS,
olAFl68UPGDpHDs45lXCcJ-ESaF0,0.00,69212612188554	,用户提现,84.40,用户提现-退费单RF2026061110394925817,2026-06-22 11:05:47,用户提现,
olAFl6388zccm9k2ZnsoaJYgpCGs,0.00,67482503241140	,用户提现,127.60,用户提现-退费单RF2026060103153116074,2026-06-22 10:48:13,用户提现,
ojb7F2KWRtqkmwC-O2zEwsEFRq3Y,0.00,68772604276196	,用户提现,420.00,用户提现-退费单RF2026062112023250774,2026-06-22 10:31:25,用户提现,
olAFl6_wizkFm4e_MMiR3LcJi8YM,0.00,68772522031938	,用户提现,129.70,用户提现-退费单RF2026052109410913076,2026-06-22 10:13:27,用户提现,
olAFl64G8LmZEv1Gn-0bS2FVoZwQ,0.00,69212544104209	,用户提现,120.00,用户提现-退费单RF2026062210125812757,2026-06-22 10:13:16,用户提现,
olAFl64G8LmZEv1Gn-0bS2FVoZwQ,120.00,69212544104209	,订单退费转入,120.00,工单系统流量套餐退款,2026-06-22 10:12:58,SYS,
odELQ6uK_4Ol-FBy4wDIXJH9XMtI,200.00,864665067625843	,订单退费转入,200.00,工单系统流量套餐退款 本单会员价格20.00元，不能退款,2026-06-22 09:59:08,SYS,
olAFl60Ww6JjipXmcsSxLvuKcgwk,0.00,86132327022001	,用户提现,165.10,用户提现-退费单RF2026062111475628929,2026-06-22 09:58:23,用户提现,
ojb7F2HUxKJxlJ6saC8VvYTyyYY0,0.00,67492552541457	,用户提现,179.00,用户提现-退费单RF2026062013291519349,2026-06-22 09:56:54,用户提现,
olAFl67nnzfGnBTWizUHYi9fyqOw,0.00,68772610304834	,用户提现,189.00,用户提现-退费单RF2026062209152403021,2026-06-22 09:20:31,用户提现,
olAFl697S3a_bpFBTV1TlrT2DeHU,0.00,68032536037811	,用户提现,116.20,用户提现-退费单RF2026062209170846643,2026-06-22 09:18:13,用户提现,
olAFl697S3a_bpFBTV1TlrT2DeHU,116.20,68032536037811	,订单退费转入,116.20,系统处理工单时转移用户余额，订单号=WS2025120406593132927,2026-06-22 09:17:08,SYS,
olAFl67nnzfGnBTWizUHYi9fyqOw,189.00,68772610304834	,订单退费转入,189.00,工单系统流量套餐退款,2026-06-22 09:15:24,SYS,
olAFl64Hj6W2hbLyT7z0fQzK9RXM,0.00,68032536031969	,用户提现,19.00,用户提现-退费单RF2026062209085471919,2026-06-22 09:09:23,用户提现,
olAFl64Hj6W2hbLyT7z0fQzK9RXM,19.00,68032536031969	,订单退费转入,19.00,工单系统流量套餐退款,2026-06-22 09:08:55,SYS,
olAFl6xDUZzVKHmKkKf4JIIeUPeM,0.00,68772621358527	,用户提现,92.20,用户提现-退费单RF2026062208531369827,2026-06-22 08:55:46,用户提现,
olAFl6y3kc7ib2u-NcMRSoheGxo4,0.00,70032611015691	,用户提现,113.40,用户提现-退费单RF2026062208532902895,2026-06-22 08:55:01,用户提现,
olAFl6y3kc7ib2u-NcMRSoheGxo4,113.40,70032611015691	,订单退费转入,113.40,系统处理工单时转移用户余额，订单号=WS2026051409530794092,2026-06-22 08:53:29,SYS,
olAFl6_VOFHcawiVEbCorNWsLeno,29.30,67002523288473	,订单退费转入,29.30,系统处理工单时转移用户余额，订单号=WS2026021714373714076,2026-06-22 08:53:28,SYS,
olAFl6xDUZzVKHmKkKf4JIIeUPeM,92.20,68772621358527	,订单退费转入,92.20,系统处理工单时转移用户余额，订单号=WN2026061113453775012,2026-06-22 08:53:14,SYS,
olAFl68A80wkoqzioHEFOIY4LUS4,0.00,67492609641658	,用户提现,62.10,用户提现-退费单RF2026062008520535819,2026-06-22 08:45:55,用户提现,
olAFl68AGzx19bxlpbUDPoeIJAXQ,120.00,69212612187524	,订单退费转入,120.00,工单系统流量套餐退款,2026-06-22 08:39:30,SYS,
olAFl655whYCDij-8skkFolLzxRY,0.00,69212621226037	,用户提现,179.00,用户提现-退费单RF2026062207541192470,2026-06-22 07:55:02,用户提现,
olAFl655whYCDij-8skkFolLzxRY,179.00,69212621226037	,订单退费转入,179.00,工单系统流量套餐退款,2026-06-22 07:54:12,SYS,
odELQ6h1bS21SOonXI1GpG0kNzbM,180.00,67682453007353	,订单退费转入,180.00,系统处理工单时转移用户余额，订单号=WS2026061420132074067,2026-06-22 06:48:19,SYS,
olAFl6-RelOdFOQM1nukBU3F-KKo,138.00,70032611010153	,订单退费转入,138.00,工单系统流量套餐退款,2026-06-22 05:43:40,SYS,
olAFl61mCHXkCmIVbfbACp6da-Vs,0.00,70032617027274	,用户提现,6.80,用户提现-退费单RF2026062112520731417,2026-06-22 01:51:03,用户提现,
ojb7F2MKKHzQ31BUgnTra4m9jl7s,0.00,70032617029421	,用户提现,199.00,用户提现-退费单RF2026062200471007231,2026-06-22 00:54:47,用户提现,
olAFl60ZclRX4sWu4Yp0dqh80nCk,0.00,70032617032417	,用户提现,199.00,用户提现-退费单RF2026062200474248099,2026-06-22 00:49:40,用户提现,
olAFl60ZclRX4sWu4Yp0dqh80nCk,199.00,70032617032417	,订单退费转入,199.00,工单系统流量套餐退款,2026-06-22 00:47:42,SYS,
ojb7F2MKKHzQ31BUgnTra4m9jl7s,199.00,70032617029421	,订单退费转入,199.00,工单系统流量套餐退款,2026-06-22 00:47:10,SYS,
ojb7F2I4c7jw8JuU0osqFzwAMzjQ,0.00,67002535364934	,用户提现,180.00,用户提现-退费单RF2026062200374579380,2026-06-22 00:41:25,用户提现,
ojb7F2I4c7jw8JuU0osqFzwAMzjQ,180.00,67002535364934	,订单退费转入,180.00,系统处理工单时转移用户余额，订单号=WS2026052710070786293,2026-06-22 00:37:46,SYS,
olAFl68cfR3zGKTxChgJqdVAoQe0,0.00,67512535266191	,用户提现,42.70,用户提现-退费单RF2026062122325786868,2026-06-21 22:33:26,用户提现,
olAFl68cfR3zGKTxChgJqdVAoQe0,42.70,67512535266191	,订单退费转入,42.70,系统处理工单时转移用户余额，订单号=WS2025121816185958417,2026-06-21 22:32:58,SYS,
olAFl621QNI7RXTYoFfSibqjH5Kg,0.00,60912414045960	,用户提现,94.80,用户提现-退费单RF2026062122140824488,2026-06-21 22:14:36,用户提现,
olAFl621QNI7RXTYoFfSibqjH5Kg,94.80,60912414045960	,订单退费转入,94.80,系统处理工单时转移用户余额，订单号=WS2025121601082258492,2026-06-21 22:14:08,SYS,
olAFl6xxUOfEF-Wr0vTSf5_iWCYE,0.00,68772612320468	,用户提现,1.00,用户提现-退费单RF2026062121482036489,2026-06-21 21:53:30,用户提现,
olAFl688-wp9wqBjUvg4j-W_mQoo,140.80,67492603601836	,订单退费转入,140.80,系统处理工单时转移用户余额，订单号=WS2026030212011870413,2026-06-21 21:51:39,SYS,
olAFl6xxUOfEF-Wr0vTSf5_iWCYE,1.00,68772612320468	,订单退费转入,1.00,工单系统流量套餐退款,2026-06-21 21:48:20,SYS,
ojb7F2N6odLyU2dXfN9YZ6LdN6vs,0.00,68772612317202	,用户提现,19.90,用户提现-退费单RF2026062121400640695,2026-06-21 21:40:27,用户提现,
ojb7F2N6odLyU2dXfN9YZ6LdN6vs,19.90,68772612317202	,订单退费转入,19.90,工单系统流量套餐退款,2026-06-21 21:40:06,SYS,
olAFl64AS5xjMa2nCtc4eyS7uhN4,0.00,67002453172029	,用户提现,230.00,用户提现-退费单RF2026062121091889656,2026-06-21 21:12:39,用户提现,
olAFl64AS5xjMa2nCtc4eyS7uhN4,230.00,67002453172029	,订单退费转入,230.00,工单系统流量套餐退款 本单会员价格20.00元，不能退款,2026-06-21 21:09:19,SYS,
olAFl69s1KtOjuO_Zvv8EcL03RRs,0.00,67492442209793	,用户提现,110.00,用户提现-退费单RF2026062117001516946,2026-06-21 21:05:23,用户提现,
olAFl6-orwmp4UBsOatEHC4BPqyw,0.00,67482503248344	,用户提现,479.00,用户提现-退费单RF2026062120353954974,2026-06-21 20:40:20,用户提现,
olAFl6-orwmp4UBsOatEHC4BPqyw,479.00,67482503248344	,订单退费转入,479.00,工单系统流量套餐退款 本单会员价格20.00元，不能退款,2026-06-21 20:35:40,SYS,
olAFl60QYvhTsHkB8Cy0yUwnFE4o,549.00,69212621222734	,订单退费转入,549.00,工单系统流量套餐退款,2026-06-21 20:27:02,SYS,
olAFl658G0f2g1ofnpcLLixhC3XY,85.50,69142529007712	,订单退费转入,85.50,系统处理工单时转移用户余额，订单号=WS2026041102155505630,2026-06-21 19:54:18,SYS,
olAFl641T3-GCCskk0gGM2rSfPbw,0.00,69142529013547	,用户提现,104.60,用户提现-退费单RF2026050703154340,2026-06-21 19:33:12,用户提现,
olAFl657Xt4tfOu3eHZGbKrtdC4k,0.00,69212621222374	,用户提现,66.00,用户提现-退费单RF2026062115381354181,2026-06-21 19:13:43,用户提现,
olAFl64AhVtdyVugIL4x8uZ3XHSg,117.00,68772612333074	,订单退费转入,117.00,工单系统流量套餐退款 本单会员价格20.00元，不能退款,2026-06-21 19:10:03,SYS,
olAFl6wni9BV9PQj5RZr3eeT3f1A,0.00,70032606001514	,用户提现,79.00,用户提现-退费单RF2026062119032290516,2026-06-21 19:09:28,用户提现,
olAFl60mfv7ruNEbC9oufdi9wqGo,0.00,68772602224283	,用户提现,26.00,用户提现-退费单RF2026062119031937588,2026-06-21 19:03:45,用户提现,
olAFl6wni9BV9PQj5RZr3eeT3f1A,79.00,70032606001514	,订单退费转入,79.00,工单系统流量套餐退款 组合支付：微信退费 79.00,2026-06-21 19:03:23,SYS,
olAFl60mfv7ruNEbC9oufdi9wqGo,26.00,68772602224283	,订单退费转入,26.00,工单系统流量套餐退款,2026-06-21 19:03:19,SYS,
olAFl65_uCKITtfpCRJU4R3T5vnY,0.00,67482454163664	,用户提现,103.60,用户提现-退费单RF2026062118542921940,2026-06-21 18:54:54,用户提现,
olAFl65_uCKITtfpCRJU4R3T5vnY,103.60,67482454163664	,订单退费转入,103.60,系统处理工单时转移用户余额，订单号=WS2026010414015975414,2026-06-21 18:54:29,SYS,
olAFl6zTRG9PuY9wy2nN-gRzV35k,0.00,67512445090666	,用户提现,97.50,用户提现-退费单RF2026062118532545029,2026-06-21 18:54:12,用户提现,
olAFl6zTRG9PuY9wy2nN-gRzV35k,97.50,67512445090666	,订单退费转入,97.50,系统处理工单时转移用户余额，订单号=WS2026040110262618370,2026-06-21 18:53:25,SYS,
olAFl66aCAtfyY9FTghb2v1wpsV4,0.00,67492609650440	,用户提现,260.00,用户提现-退费单RF2026062118433476065,2026-06-21 18:44:09,用户提现,
olAFl66aCAtfyY9FTghb2v1wpsV4,260.00,67492609650440	,订单退费转入,260.00,系统处理工单时转移用户余额，订单号=WS2026061918362978824,2026-06-21 18:43:35,SYS,
olAFl633X0Q8WfKsJWkQMEcz-vSg,0.00,68772604270027	,用户提现,102.00,用户提现-退费单RF2026052417571667361,2026-06-21 18:24:36,用户提现,
olAFl62yCfU2xZRgmBu3AedXWGIM,0.00,67492509455284	,用户提现,124.50,用户提现-退费单RF2026062117182049049,2026-06-21 17:19:42,用户提现,
olAFl62yCfU2xZRgmBu3AedXWGIM,124.50,67492509455284	,订单退费转入,124.50,系统处理工单时转移用户余额，订单号=WS2026043012352414577,2026-06-21 17:18:20,SYS,
olAFl69s1KtOjuO_Zvv8EcL03RRs,110.00,67492442209793	,订单退费转入,110.00,工单系统流量套餐退款 本单会员价格20.00元，不能退款,2026-06-21 17:00:15,SYS,
olAFl622cHvI3RJQn3BzZzInZtXU,66.00,68772547169614	,订单退费转入,66.00,系统处理工单时转移用户余额，订单号=WS2025112520320318475,2026-06-21 16:30:42,SYS,
olAFl66YrpToN_vQnc0WF12lWQsU,0.00,67512448131218	,用户提现,65.50,用户提现-退费单RF2026062113201551142,2026-06-21 15:52:46,用户提现,
olAFl657Xt4tfOu3eHZGbKrtdC4k,66.00,69212621222374	,订单退费转入,66.00,系统处理工单时转移用户余额，订单号=WS2026062113001843451,2026-06-21 15:38:14,SYS,
olAFl6_TpIh_bW74YSDnzJI6D6Gg,0.00,67492609641160	,用户提现,85.60,用户提现-退费单RF2026062115104841087,2026-06-21 15:11:53,用户提现,
olAFl6_TpIh_bW74YSDnzJI6D6Gg,85.60,67492609641160	,订单退费转入,85.60,系统处理工单时转移用户余额，订单号=WS2026042207543789118,2026-06-21 15:10:48,SYS,
olAFl67uQiw472EXR-X-vc8ZmvPw,0.00,70032617027804	,用户提现,199.00,用户提现-退费单RF2026062111541220734,2026-06-21 14:55:28,用户提现,
olAFl63jzq9rc81rtrfKKGacVo1o,0.00,	,系统扣费,300.00,用户无可退退费单，钱包清零,2026-06-21 13:56:00,SYS,
olAFl66YrpToN_vQnc0WF12lWQsU,65.50,67512448131218	,订单退费转入,65.50,系统处理工单时转移用户余额，订单号=WS2026012719583243447,2026-06-21 13:20:16,SYS,
ojb7F2KSSApmZEhG_nHz-s7ITf-s,0.00,67492609651343	,用户提现,188.00,用户提现-退费单RF2026062113140163373,2026-06-21 13:14:16,用户提现,
ojb7F2KSSApmZEhG_nHz-s7ITf-s,188.00,67492609651343	,订单退费转入,188.00,工单系统流量套餐退款,2026-06-21 13:14:02,SYS,
olAFl69nkb9gq540maIJVtyWSkNM,0.00,67862535042744	,用户提现,479.00,用户提现-退费单RF2026062113120054815,2026-06-21 13:13:04,用户提现,
olAFl69nkb9gq540maIJVtyWSkNM,479.00,67862535042744	,订单退费转入,479.00,工单系统流量套餐退款 本单会员价格20.00元，不能退款,2026-06-21 13:12:01,SYS,
olAFl60bh01Xn79W-TzdY-hf2tCM,0.00,69212544096526	,用户提现,66.00,用户提现-退费单RF2026062112570852165,2026-06-21 12:57:25,用户提现,
olAFl60bh01Xn79W-TzdY-hf2tCM,66.00,69212544096526	,订单退费转入,66.00,系统处理工单时转移用户余额，订单号=WS2026010408534568153,2026-06-21 12:57:09,SYS,
olAFl61mCHXkCmIVbfbACp6da-Vs,6.80,70032617027274	,订单退费转入,6.80,工单系统流量套餐退款 组合支付：微信退费 6.80,2026-06-21 12:52:07,SYS,
odELQ6iVE8J2mIDz4ZQ_MA9ZiEfI,59.00,68712535008912	,订单退费转入,59.00,工单系统流量套餐退款,2026-06-21 12:28:51,SYS,
olAFl6xUrKvE_7qveqA7JPcRHOFM,0.00,68772602224513	,用户提现,119.70,用户提现-退费单RF2026062112195074618,2026-06-21 12:21:10,用户提现,
olAFl6xUrKvE_7qveqA7JPcRHOFM,119.70,68772602224513	,订单退费转入,119.70,系统处理工单时转移用户余额，订单号=WS2026031219191509111,2026-06-21 12:19:51,SYS,
olAFl60w_C3_-bJGV0Zk9RyoGDBs,0.00,70032621091592	,用户提现,479.00,用户提现-退费单RF2026062111584803531,2026-06-21 12:04:16,用户提现,
ojb7F2KWRtqkmwC-O2zEwsEFRq3Y,420.00,68772604276196	,订单退费转入,420.00,工单系统流量套餐退款 本单会员价格20.00元，不能退款,2026-06-21 12:02:33,SYS,
olAFl60w_C3_-bJGV0Zk9RyoGDBs,479.00,70032621091592	,订单退费转入,479.00,工单系统流量套餐退款,2026-06-21 11:58:48,SYS,
olAFl67uQiw472EXR-X-vc8ZmvPw,199.00,70032617027804	,订单退费转入,199.00,工单系统流量套餐退款,2026-06-21 11:54:12,SYS,
olAFl647R0qF-kfzR0BllWH_skhY,0.00,68772543145619	,用户提现,6.80,用户提现-退费单RF2026062111225011493,2026-06-21 11:50:05,用户提现,
olAFl685XWhC_9ZhQNTDTfPCId8A,0.00,70032611012325	,用户提现,29.00,用户提现-退费单RF2026062111471101471,2026-06-21 11:48:02,用户提现,
olAFl60Ww6JjipXmcsSxLvuKcgwk,165.10,86132327022001	,订单退费转入,165.10,系统处理工单时转移用户余额，订单号=WS2026062110481323890,2026-06-21 11:47:56,SYS,
ojb7F2O_7bNQH_fXvC3HFtHMMko0,0.00,68772612319129	,用户提现,162.20,用户提现-退费单RF2026062111453244010,2026-06-21 11:47:35,用户提现,
olAFl685XWhC_9ZhQNTDTfPCId8A,29.00,70032611012325	,订单退费转入,29.00,工单系统流量套餐退款,2026-06-21 11:47:11,SYS,
ojb7F2O_7bNQH_fXvC3HFtHMMko0,162.20,68772612319129	,订单退费转入,162.20,系统处理工单时转移用户余额，订单号=WS2026052222192868986,2026-06-21 11:45:32,SYS,
ojb7F2IAIMqF51VNARu1yKGWNrDY,0.00,69212612169153	,用户提现,420.00,用户提现-退费单RF2026062111324763421,2026-06-21 11:33:25,用户提现,
ojb7F2IAIMqF51VNARu1yKGWNrDY,420.00,69212612169153	,订单退费转入,420.00,工单系统流量套餐退款 本单会员价格20.00元，不能退款,2026-06-21 11:32:48,SYS,
olAFl647R0qF-kfzR0BllWH_skhY,6.80,68772543145619	,订单退费转入,6.80,系统处理工单时转移用户余额，订单号=WS2026011016522003254,2026-06-21 11:22:50,SYS,
olAFl6_DlPZZRLm5zxcnmtS8F4T0,0.00,70032617028490	,用户提现,180.00,用户提现-退费单RF2026062008515290327,2026-06-21 11:20:52,用户提现,
olAFl6yVBHdC3qi6JvRXsPZWHcOQ,0.00,60912422103485	,用户提现,179.00,用户提现-退费单RF2026062011494667568,2026-06-21 10:57:33,用户提现,
olAFl6yby09VBOafZ75qu2omT2XU,0.00,86132414263047	,用户提现,82.50,用户提现-退费单RF2026062110260861884,2026-06-21 10:50:35,用户提现,
olAFl68BzamQ1hycKKJNBqgXrAuc,0.00,70032611008451	,用户提现,92.20,用户提现-退费单RF2026062110472220186,2026-06-21 10:50:22,用户提现,
olAFl68BzamQ1hycKKJNBqgXrAuc,92.20,70032611008451	,订单退费转入,92.20,系统处理工单时转移用户余额，订单号=WN2026053019542937924,2026-06-21 10:47:22,SYS,
ojb7F2IQ5nR5aDNE8ZwLLA98J9-s,0.00,68772528053762	,用户提现,251.20,用户提现-退费单RF2026061419170142379,2026-06-21 10:43:43,用户提现,
olAFl6wONi2Hkb0Uliyq51cUz0LE,0.00,67492609646158	,用户提现,88.40,用户提现-退费单RF2026062110342266532,2026-06-21 10:42:37,用户提现,
olAFl686xAjPsfi9MdUfuYHxme4A,179.00,70032611014527	,订单退费转入,179.00,工单系统流量套餐退款,2026-06-21 10:41:33,SYS,
olAFl6wONi2Hkb0Uliyq51cUz0LE,88.40,67492609646158	,订单退费转入,88.40,系统处理工单时转移用户余额，订单号=WS2026040109553774570,2026-06-21 10:34:23,SYS,
ojb7F2HE3sALk4dMdepm6ewrgurk,0.00,69212612173428	,用户提现,368.00,用户提现-退费单RF2026062020513285481,2026-06-21 10:30:11,用户提现,
olAFl6x0NUkekwo0oCYyKCyxLjA8,48.30,69212606160393	,订单退费转入,48.30,系统处理工单时转移用户余额，订单号=WN2026051421130078423,2026-06-21 10:27:00,SYS,
olAFl6yby09VBOafZ75qu2omT2XU,82.50,86132414263047	,订单退费转入,82.50,系统处理工单时转移用户余额，订单号=WS2026011109475010071,2026-06-21 10:26:09,SYS,
olAFl65iQ2qlI8Ut1RYWJlbCRmgw,0.00,864665067119334	,用户提现,59.00,用户提现-退费单RF2026062110134314627,2026-06-21 10:14:31,用户提现,
olAFl65iQ2qlI8Ut1RYWJlbCRmgw,59.00,864665067119334	,订单退费转入,59.00,工单系统流量套餐退款,2026-06-21 10:13:43,SYS,
olAFl6xv1_EN72IwyWnCNKnj7jgA,0.00,67482449103041	,用户提现,105.40,用户提现-退费单RF2026062109572797725,2026-06-21 09:58:10,用户提现,
olAFl6xv1_EN72IwyWnCNKnj7jgA,105.40,67482449103041	,订单退费转入,105.40,系统处理工单时转移用户余额，订单号=WS2026010221555047456,2026-06-21 09:57:28,SYS,
olAFl6-hCbpyDk9Ot8Ipo4-l1AUk,0.00,67512445106873	,用户提现,151.20,用户提现-退费单RF2026062109474078444,2026-06-21 09:51:32,用户提现,
olAFl6-hCbpyDk9Ot8Ipo4-l1AUk,151.20,67512445106873	,订单退费转入,151.20,系统处理工单时转移用户余额，订单号=WS2026020418153971748,2026-06-21 09:47:41,SYS,
olAFl69eQ4bjgyxSHA_Mkm_ksBDM,0.00,69212612173216	,用户提现,54.40,用户提现-退费单RF2026062009015484484,2026-06-21 08:56:11,用户提现,
olAFl62mLng01W_PzFD3q4msiHqs,0.00,69212536010483	,用户提现,59.10,用户提现-退费单RF2026062108440149468,2026-06-21 08:45:41,用户提现,
olAFl62mLng01W_PzFD3q4msiHqs,59.10,69212536010483	,订单退费转入,59.10,系统处理工单时转移用户余额，订单号=WS2025091021062785979,2026-06-21 08:44:01,SYS,
olAFl6wWsH2sUo3uro33HlVJYAzQ,0.00,70032617033670	,用户提现,69.00,用户提现-退费单RF2026062020093427147,2026-06-21 08:16:13,用户提现,
olAFl64J6UsuiP0174i5jz66-fI8,19.00,68772612326280	,订单退费转入,19.00,工单系统审核退费单-套餐已作废/钱包已清零,2026-06-21 07:56:47,SYS,
olAFl6yU2R-S5ZwJ6U03ZLAHmMoY,69.00,68932604054490	,订单退费转入,69.00,工单系统流量套餐退款 本单会员价格20.00元，不能退款,2026-06-21 02:48:59,SYS,
olAFl63Eh0dKFCZdhv014HTdAD40,79.20,67002535387738	,订单退费转入,79.20,系统处理工单时转移用户余额，订单号=WS2025111516114096874,2026-06-21 00:47:04,SYS,
ojb7F2EBuhu2QGCukw58BIs_8FkY,0.00,70032617033145	,用户提现,74.00,用户提现-退费单RF2026062023295417423,2026-06-20 23:42:22,用户提现,
olAFl64ifF1974e6Cge-B2q_FZwY,0.00,69212621220367	,用户提现,69.00,用户提现-退费单RF2026062022241783381,2026-06-20 23:30:22,用户提现,
ojb7F2EBuhu2QGCukw58BIs_8FkY,74.00,70032617033145	,订单退费转入,74.00,系统处理工单时转移用户余额，订单号=WS2026061821343841949,2026-06-20 23:29:54,SYS,
olAFl6-zBzfiFRk3_z91sPee9fwE,0.00,70032617032800	,用户提现,172.20,用户提现-退费单RF2026062023062752862,2026-06-20 23:07:17,用户提现,
olAFl6-zBzfiFRk3_z91sPee9fwE,172.20,70032617032800	,订单退费转入,172.20,系统处理工单时转移用户余额，订单号=WS2026060922430552827,2026-06-20 23:06:28,SYS,
olAFl6yP1dJixh8QGrwYohJyvFNA,0.00,67002535389640	,用户提现,34.90,用户提现-退费单RF2026051503162082,2026-06-20 22:56:48,用户提现,
olAFl6_YjHSByWMkjCRgn9WLfiFY,0.00,69212621224408	,用户提现,171.20,用户提现-退费单RF2026062013390852482,2026-06-20 22:34:51,用户提现,
olAFl663dXiPOqu7FxOiz6oOe5_c,0.00,68772602257488	,用户提现,302.00,用户提现-退费单RF2026053021252173444,2026-06-20 22:25:33,用户提现,
olAFl64ifF1974e6Cge-B2q_FZwY,69.00,69212621220367	,订单退费转入,69.00,工单系统流量套餐退款,2026-06-20 22:24:18,SYS,
olAFl6wd2XQDiFesn_9wTSvira5g,0.00,68772550178875	,用户提现,22.90,用户提现-退费单RF2026062022225709999,2026-06-20 22:23:51,用户提现,
olAFl6wd2XQDiFesn_9wTSvira5g,22.90,68772550178875	,订单退费转入,22.90,系统处理工单时转移用户余额，订单号=WS2026012715323013549,2026-06-20 22:22:57,SYS,
ojb7F2DOYogB45_fa5KRywMQDvyE,0.00,70032617030949	,用户提现,180.00,用户提现-退费单RF2026062021435661466,2026-06-20 21:45:41,用户提现,
ojb7F2DOYogB45_fa5KRywMQDvyE,180.00,70032617030949	,订单退费转入,180.00,系统处理工单时转移用户余额，订单号=WS2026061521481286026,2026-06-20 21:43:57,SYS,
olAFl66ckcwxg9a18KFgnfh4HvAA,0.00,69212602145272	,用户提现,466.00,用户提现-退费单RF2026061609372228440,2026-06-20 21:37:08,用户提现,
olAFl62pGc1QDZD-tMyZVHDoyJ0g,0.00,68772612316640	,用户提现,19.90,用户提现-退费单RF2026062021242185733,2026-06-20 21:26:15,用户提现,
olAFl62pGc1QDZD-tMyZVHDoyJ0g,19.90,68772612316640	,订单退费转入,19.90,工单系统流量套餐退款,2026-06-20 21:24:22,SYS,
ojb7F2NDdAaNB03OD4gLuhuXuC5c,0.00,67492602585834	,用户提现,180.00,用户提现-退费单RF2026062021145690672,2026-06-20 21:20:17,用户提现,
ojb7F2NDdAaNB03OD4gLuhuXuC5c,180.00,67492602585834	,订单退费转入,180.00,系统处理工单时转移用户余额，订单号=WS2026062017451581799,2026-06-20 21:14:57,SYS,
olAFl6wjiSNBTcg9xy8HLO6tDhNg,0.00,63272426057454	,用户提现,36.20,用户提现-退费单RF2026053107113256296,2026-06-20 21:06:22,用户提现,
ojb7F2HE3sALk4dMdepm6ewrgurk,368.00,69212612173428	,订单退费转入,368.00,工单系统流量套餐退款,2026-06-20 20:51:33,SYS,
olAFl6zLTE6uKjnbo8P5Jdl3FscQ,49.00,867061073493524	,订单退费转入,49.00,工单系统流量套餐退款 本单会员价格20.00元，不能退款,2026-06-20 20:26:01,SYS,
ojb7F2DO49D0pl5GcWyjpHMiEfgo,0.00,68932621085538	,用户提现,179.00,用户提现-退费单RF2026062020223251944,2026-06-20 20:25:22,用户提现,
ojb7F2DO49D0pl5GcWyjpHMiEfgo,179.00,68932621085538	,订单退费转入,179.00,工单系统流量套餐退款 本单会员价格20.00元，不能退款,2026-06-20 20:22:33,SYS,
olAFl63v0MrU5hRAP_iqvNcBfXOk,0.00,67492603601634	,用户提现,116.00,用户提现-退费单RF2026062020155062810,2026-06-20 20:19:59,用户提现,
olAFl61iJV_Lfv91GL0-7atk3n-U,0.00,69212545115663	,用户提现,160.10,用户提现-退费单RF2026062020151364564,2026-06-20 20:15:55,用户提现,
olAFl63v0MrU5hRAP_iqvNcBfXOk,116.00,67492603601634	,订单退费转入,116.00,工单系统流量套餐退款,2026-06-20 20:15:51,SYS,
olAFl61iJV_Lfv91GL0-7atk3n-U,160.10,69212545115663	,订单退费转入,160.10,系统处理工单时转移用户余额，订单号=WS2026062019570195647,2026-06-20 20:15:14,SYS,
olAFl6wWsH2sUo3uro33HlVJYAzQ,69.00,70032617033670	,订单退费转入,69.00,工单系统流量套餐退款,2026-06-20 20:09:34,SYS,
olAFl62K7eI5L60ptmzQtWKMn2aM,0.00,67512535270115	,用户提现,49.00,用户提现-退费单RF2026062020042224816,2026-06-20 20:04:51,用户提现,
olAFl62K7eI5L60ptmzQtWKMn2aM,49.00,67512535270115	,订单退费转入,49.00,工单系统流量套餐退款,2026-06-20 20:04:22,SYS,
olAFl6xECOOlRAixXykfhErH3p6I,0.00,67492602579789	,用户提现,68.80,用户提现-退费单RF2026062020034205531,2026-06-20 20:03:56,用户提现,
olAFl6xECOOlRAixXykfhErH3p6I,68.80,67492602579789	,订单退费转入,68.80,系统处理工单时转移用户余额，订单号=WN2026020516065912176,2026-06-20 20:03:42,SYS,
olAFl6zqQu90INOHndVmlXAwuz-w,0.00,70032617032206	,用户提现,89.00,用户提现-退费单RF2026062018381216687,2026-06-20 18:56:51,用户提现,
olAFl6zqQu90INOHndVmlXAwuz-w,89.00,70032617032206	,订单退费转入,89.00,工单系统流量套餐退款 本单会员价格20.00元，不能退款,2026-06-20 18:38:12,SYS,
olAFl68Z3j6CA09sJg5homb9YXMs,0.00,864665066119301	,用户提现,479.00,用户提现-退费单RF2026062018292550886,2026-06-20 18:30:50,用户提现,
olAFl68Z3j6CA09sJg5homb9YXMs,479.00,864665066119301	,订单退费转入,479.00,工单系统流量套餐退款 本单会员价格20.00元，不能退款,2026-06-20 18:29:26,SYS,
olAFl6wRI61pkgW-SZecEIh3XN44,0.00,67492610678152	,用户提现,19.00,用户提现-退费单RF2026062018063428597,2026-06-20 18:06:52,用户提现,
olAFl6wRI61pkgW-SZecEIh3XN44,19.00,67492610678152	,订单退费转入,19.00,工单系统流量套餐退款,2026-06-20 18:06:34,SYS,
olAFl6yhLwSmBtOYC7DEmBKK1giQ,0.00,68052510015004	,用户提现,379.00,用户提现-退费单RF2026061820190164744,2026-06-20 18:05:03,用户提现,
o2uAP6_oXGbak9mnSWkXzJeCtZrk,69.00,90463371	,订单退费转入,69.00,工单系统流量套餐退款,2026-06-20 18:00:51,SYS,
olAFl66Gh-w2B6N9HtqAWN1DbbXs,0.00,67492538522371	,用户提现,369.00,用户提现-退费单RF2026062017055143037,2026-06-20 17:07:25,用户提现,
olAFl6yiSOS-_QygtFm5DLp_nZL8,0.00,68772539114356	,用户提现,78.40,用户提现-退费单RF2026062017035735675,2026-06-20 17:06:17,用户提现,
olAFl69jNMZytEoZK-HqinllCng0,0.00,68932534023640	,用户提现,90.50,用户提现-退费单RF2026062017052668665,2026-06-20 17:06:14,用户提现,
olAFl66Gh-w2B6N9HtqAWN1DbbXs,369.00,67492538522371	,订单退费转入,369.00,工单系统流量套餐退款,2026-06-20 17:05:51,SYS,
olAFl69jNMZytEoZK-HqinllCng0,90.50,68932534023640	,订单退费转入,90.50,工单系统流量套餐退款,2026-06-20 17:05:27,SYS,
olAFl6yiSOS-_QygtFm5DLp_nZL8,78.40,68772539114356	,订单退费转入,78.40,系统处理工单时转移用户余额，订单号=WS2025101320201431716,2026-06-20 17:03:57,SYS,
olAFl663krtNTRUZ63zio4Qy3Q9o,0.00,70032617031864	,用户提现,179.00,用户提现-退费单RF2026062016441214851,2026-06-20 16:52:49,用户提现,
olAFl69JSZqNXb66puHkfiXt7mTk,0.00,69212621214827	,用户提现,549.00,用户提现-退费单RF2026062016505254581,2026-06-20 16:51:45,用户提现,
olAFl69JSZqNXb66puHkfiXt7mTk,549.00,69212621214827	,订单退费转入,549.00,工单系统流量套餐退款,2026-06-20 16:50:53,SYS,
olAFl663krtNTRUZ63zio4Qy3Q9o,179.00,70032617031864	,订单退费转入,179.00,工单系统流量套餐退款,2026-06-20 16:44:12,SYS,
olAFl6-xQC5cEl8LZRInjsBDJTzc,0.00,70032611011977	,用户提现,102.00,用户提现-退费单RF2026062016072946446,2026-06-20 16:08:12,用户提现,
olAFl6-xQC5cEl8LZRInjsBDJTzc,102.00,70032611011977	,订单退费转入,102.00,工单系统流量套餐退款,2026-06-20 16:07:29,SYS,
olAFl63hSQVSMihQQoiv5iM3hiUA,0.00,69212602133485	,用户提现,302.00,用户提现-退费单RF2026062016014986841,2026-06-20 16:02:22,用户提现,
olAFl63hSQVSMihQQoiv5iM3hiUA,302.00,69212602133485	,订单退费转入,302.00,工单系统流量套餐退款 本单会员价格20.00元，不能退款,2026-06-20 16:01:50,SYS,
olAFl687ghDdZWgwmJyhP6aFBjJU,0.00,58812421068113	,用户提现,100.40,用户提现-退费单RF2026062015463581015,2026-06-20 15:46:54,用户提现,
olAFl687ghDdZWgwmJyhP6aFBjJU,100.40,58812421068113	,订单退费转入,100.40,系统处理工单时转移用户余额，订单号=WS2026030914394785961,2026-06-20 15:46:36,SYS,
olAFl6-6PLaLZebTO20e5afGq0-g,0.00,67492538514060	,用户提现,99.00,用户提现-退费单RF2026062015401857530,2026-06-20 15:40:36,用户提现,
olAFl6-6PLaLZebTO20e5afGq0-g,99.00,67492538514060	,订单退费转入,99.00,工单系统流量套餐退款,2026-06-20 15:40:19,SYS,
olAFl60jd2bAZtewiVmHrnBR8o5E,0.00,60912432193405	,用户提现,132.30,用户提现-退费单RF2026062015393963188,2026-06-20 15:40:03,用户提现,
olAFl60jd2bAZtewiVmHrnBR8o5E,132.30,60912432193405	,订单退费转入,132.30,系统处理工单时转移用户余额，订单号=WS2026020721310151150,2026-06-20 15:39:40,SYS,
olAFl6whOV-FH0CxGg6Uvs_agdts,0.00,60992437001559	,用户提现,87.40,用户提现-退费单RF2026053015301969680,2026-06-20 15:19:57,用户提现,
olAFl6-jdy2gTkKrSeAFAu00ETDk,105.30,67512535258135	,订单退费转入,105.30,系统处理工单时转移用户余额，订单号=WS2025111812313231330,2026-06-20 15:06:05,SYS,
olAFl66b-O7cnjFoW5e1umikwRUk,36.20,58482339013319	,订单退费转入,36.20,系统处理工单时转移用户余额，订单号=WS2026021003255327593,2026-06-20 14:51:36,SYS,
olAFl6wv8QsBbg0O3IQc0TZPFXUw,0.00,68772602259218	,用户提现,46.00,用户提现-退费单RF2026062014300109112,2026-06-20 14:31:37,用户提现,
olAFl6wv8QsBbg0O3IQc0TZPFXUw,46.00,68772602259218	,订单退费转入,46.00,系统处理工单时转移用户余额，订单号=WS2026030508300499557,2026-06-20 14:30:01,SYS,
olAFl69RzKvgxia-hvnBa4-UY5-k,0.00,69212544099282	,用户提现,140.80,用户提现-退费单RF2026060303151240028,2026-06-20 14:29:31,用户提现,
olAFl68ygCCzrpJ96DCFsrFSJE48,0.00,69212606157530	,用户提现,182.00,用户提现-退费单RF2026062014250319027,2026-06-20 14:25:52,用户提现,
olAFl68ygCCzrpJ96DCFsrFSJE48,182.00,69212606157530	,订单退费转入,182.00,工单系统流量套餐退款,2026-06-20 14:25:03,SYS,
olAFl6-rHxA7KL3dooUkE9gPSvyM,0.00,68772602260310	,用户提现,58.40,用户提现-退费单RF2026062013585822656,2026-06-20 14:00:24,用户提现,
olAFl6-rHxA7KL3dooUkE9gPSvyM,58.40,68772602260310	,订单退费转入,58.40,系统处理工单时转移用户余额，订单号=WN2026031413235130773,2026-06-20 13:58:58,SYS,
olAFl64iNDQJI56MH3AT8c9y5psM,0.00,67482504307327	,用户提现,95.10,用户提现-退费单RF2026062013455414727,2026-06-20 13:57:50,用户提现,
olAFl68JaFlxbF-NXvAvEGKfx_Lg,0.00,864665067677596	,用户提现,92.90,用户提现-退费单RF2026062013460648437,2026-06-20 13:46:45,用户提现,
olAFl68JaFlxbF-NXvAvEGKfx_Lg,92.90,864665067677596	,订单退费转入,92.90,系统处理工单时转移用户余额，订单号=WN2026051912570715394,2026-06-20 13:46:06,SYS,
olAFl64iNDQJI56MH3AT8c9y5psM,95.10,67482504307327	,订单退费转入,95.10,系统处理工单时转移用户余额，订单号=WS2026041109462118847,2026-06-20 13:45:54,SYS,
olAFl6_YjHSByWMkjCRgn9WLfiFY,171.20,69212621224408	,订单退费转入,171.20,系统处理工单时转移用户余额，订单号=WS2026061220371859254,2026-06-20 13:39:09,SYS,
ojb7F2IAwxys3uO8TvkPrCC7ZI9Y,0.00,69212621218343	,用户提现,116.00,用户提现-退费单RF2026062013315093045,2026-06-20 13:34:41,用户提现,
ojb7F2IAwxys3uO8TvkPrCC7ZI9Y,116.00,69212621218343	,订单退费转入,116.00,工单系统流量套餐退款,2026-06-20 13:31:51,SYS,
ojb7F2HUxKJxlJ6saC8VvYTyyYY0,179.00,67492552541457	,订单退费转入,179.00,工单系统流量套餐退款,2026-06-20 13:29:15,SYS,
olAFl6wlr22d0k0YPfG-02KsO9x8,0.00,67512535270654	,用户提现,141.00,用户提现-退费单RF2026062013254316937,2026-06-20 13:26:02,用户提现,
olAFl6wlr22d0k0YPfG-02KsO9x8,141.00,67512535270654	,订单退费转入,140.00,系统处理工单时转移用户余额，订单号=WS2025120111265811816,2026-06-20 13:25:43,SYS,
olAFl61fPSGgccDd4YuIqtnRaAjg,29.00,67492610675626	,订单退费转入,29.00,工单系统流量套餐退款,2026-06-20 13:20:12,SYS,
olAFl6w5zw7UtS9wMk0D7MVB2SEk,0.00,68772604272662	,用户提现,46.00,用户提现-退费单RF2026061822263090248,2026-06-20 13:13:26,用户提现,
olAFl6wlr22d0k0YPfG-02KsO9x8,1.00,67512535270654	,订单退费转入,1.00,工单系统流量套餐退款 组合支付：微信退费 1.00,2026-06-20 13:00:14,SYS,
olAFl6_IRUsEa_z-4sNyLI3Agq1w,0.00,67482504280089	,用户提现,135.10,用户提现-退费单RF2026062012313970285,2026-06-20 12:32:29,用户提现,
olAFl6_IRUsEa_z-4sNyLI3Agq1w,135.10,67482504280089	,订单退费转入,135.10,系统处理工单时转移用户余额，订单号=WS2026061923493916194,2026-06-20 12:31:40,SYS,
olAFl6xJ4oyQlXFGKrlckseSpFSw,0.00,69212552125016	,用户提现,86.00,用户提现-退费单RF2026043003151871,2026-06-20 12:13:08,用户提现,
olAFl6-9EK7N_Td51NfdNG7H43Ig,0.00,67492552544720	,用户提现,6.00,用户提现-退费单RF2026062012015853896,2026-06-20 12:02:17,用户提现,
olAFl6-9EK7N_Td51NfdNG7H43Ig,6.00,67492552544720	,订单退费转入,6.00,系统处理工单时转移用户余额，订单号=WN2026062009431612246,2026-06-20 12:01:59,SYS,
olAFl62bqnvnSuU2jw-7Y2Ykhllk,0.00,68772602258758	,用户提现,60.00,用户提现-退费单RF2026062012003126931,2026-06-20 12:01:11,用户提现,
olAFl66bwccHgPHh-aFngNV_hyqc,0.00,68772543146343	,用户提现,102.00,用户提现-退费单RF2026062012000073352,2026-06-20 12:00:43,用户提现,
olAFl62bqnvnSuU2jw-7Y2Ykhllk,60.00,68772602258758	,订单退费转入,60.00,工单系统流量套餐退款,2026-06-20 12:00:31,SYS,
olAFl60If9liZN5e6Rr2w5u8_u7U,0.00,864665064465854	,用户提现,155.40,用户提现-退费单RF2026052503150664298,2026-06-20 12:00:14,用户提现,
olAFl66bwccHgPHh-aFngNV_hyqc,102.00,68772543146343	,订单退费转入,102.00,系统处理工单时转移用户余额，订单号=WS2025121420585643792,2026-06-20 12:00:01,SYS,
olAFl62C3MWUjp_LFojUgePDbKOs,0.00,67492445306150	,用户提现,35.00,用户提现-退费单RF2026052219312773964,2026-06-20 11:58:04,用户提现,
olAFl6yVBHdC3qi6JvRXsPZWHcOQ,179.00,60912422103485	,订单退费转入,179.00,工单系统流量套餐退款,2026-06-20 11:49:47,SYS,
odELQ6v2Vt_6Ha_4amSLTO-c26CM,0.00,68382513001500	,用户提现,29.90,用户提现-退费单RF2026062011450360512,2026-06-20 11:45:30,用户提现,
odELQ6v2Vt_6Ha_4amSLTO-c26CM,29.90,68382513001500	,订单退费转入,29.90,工单系统流量套餐退款,2026-06-20 11:45:04,SYS,
olAFl66VIjYqq0E6ja03d3XO0mks,0.00,67512535288941	,用户提现,88.00,用户提现-退费单RF2026062011253640869,2026-06-20 11:26:34,用户提现,
olAFl66VIjYqq0E6ja03d3XO0mks,88.00,67512535288941	,订单退费转入,88.00,系统处理工单时转移用户余额，订单号=WS2026040620334413720,2026-06-20 11:25:36,SYS,
olAFl60Mw9sPCfeXd3BxGgy1W9Cc,0.00,86132437295068	,用户提现,105.50,用户提现-退费单RF2026062010390665337,2026-06-20 10:39:43,用户提现,
olAFl60Mw9sPCfeXd3BxGgy1W9Cc,105.50,86132437295068	,订单退费转入,105.50,系统处理工单时转移用户余额，订单号=WS2025120419592074270,2026-06-20 10:39:07,SYS,
olAFl641b4Y-Fkjb5EINKy2GYpz0,0.00,864665067432984	,用户提现,479.00,用户提现-退费单RF2026062009474336221,2026-06-20 09:49:38,用户提现,
olAFl641b4Y-Fkjb5EINKy2GYpz0,479.00,864665067432984	,订单退费转入,479.00,工单系统流量套餐退款,2026-06-20 09:47:43,SYS,
olAFl609crvF_XHBEfTegEc_GJ68,0.00,867061075510788	,用户提现,113.30,用户提现-退费单RF2026062009370133826,2026-06-20 09:37:26,用户提现,
olAFl609crvF_XHBEfTegEc_GJ68,113.30,867061075510788	,订单退费转入,113.30,系统处理工单时转移用户余额，订单号=WS2026040220555600980,2026-06-20 09:37:01,SYS,
olAFl614UOOy9-DFGPB7g7-SBAPI,0.00,867061073491593	,用户提现,69.00,用户提现-退费单RF2026061920434623426,2026-06-20 09:34:49,用户提现,
olAFl69eQ4bjgyxSHA_Mkm_ksBDM,54.40,69212612173216	,订单退费转入,54.40,系统处理工单时转移用户余额，订单号=WN2026042715052348452,2026-06-20 09:01:55,SYS,
olAFl68A80wkoqzioHEFOIY4LUS4,62.10,67492609641658	,订单退费转入,62.10,系统处理工单时转移用户余额，订单号=WS2026042805083909584,2026-06-20 08:52:05,SYS,
olAFl6_DlPZZRLm5zxcnmtS8F4T0,180.00,70032617028490	,订单退费转入,180.00,系统处理工单时转移用户余额，订单号=WS2026061109452138020,2026-06-20 08:51:53,SYS,
ojb7F2E-vmbhBnZIw2u_c6AwqGXs,90.00,70032617034418	,订单退费转入,90.00,工单系统流量套餐退款,2026-06-20 07:40:29,SYS,
olAFl68pDQQ-kCEei7qOUiXAcCK0,0.00,67482448044456	,用户提现,42.00,用户提现-退费单RF2026062007080922279,2026-06-20 07:08:49,用户提现,
olAFl68pDQQ-kCEei7qOUiXAcCK0,42.00,67482448044456	,订单退费转入,42.00,系统处理工单时转移用户余额，订单号=WN2026031819253471861,2026-06-20 07:08:09,SYS,
olAFl62NE9DYXESVBS--KXLtxtYM,2.60,67482454161047	,订单退费转入,2.60,工单系统流量套餐退款 组合支付：微信退费 2.60,2026-06-20 04:07:49,SYS,
olAFl68glfo9otD4V_szmNRW3EhQ,0.00,68772533074324	,用户提现,175.00,用户提现-退费单RF2026052913492346535,2026-06-20 03:21:00,用户提现,
olAFl6zpcZzLUHk5VXcU9e9KY0aA,0.00,67492453366294	,用户提现,141.30,用户提现-退费单RF2026061922534739769,2026-06-19 23:50:04,用户提现,
olAFl616z_elg2ck75XfS5t6wRMY,21.00,68772550183730	,订单退费转入,21.00,工单系统流量套餐退款,2026-06-19 23:40:54,SYS,
olAFl6zpcZzLUHk5VXcU9e9KY0aA,141.30,67492453366294	,订单退费转入,141.30,系统处理工单时转移用户余额，订单号=WS2026022411524831537,2026-06-19 22:53:47,SYS,
olAFl680CP7L78F7qp_nhgyr07zA,0.00,67492509459656	,用户提现,106.00,用户提现-退费单RF2026061922194506571,2026-06-19 22:42:26,用户提现,
odELQ6jy-3vd1p2QxcQES7G5tle0,0.00,68832532005642	,用户提现,227.00,用户提现-退费单RF2026052903150272478,2026-06-19 22:28:33,用户提现,
olAFl61XOzxsJ8r8q1OfLHFwRyBU,0.00,67002509217095	,用户提现,89.00,用户提现-退费单RF2026061922230434881,2026-06-19 22:23:18,用户提现,
olAFl61XOzxsJ8r8q1OfLHFwRyBU,89.00,67002509217095	,订单退费转入,89.00,工单系统流量套餐退款,2026-06-19 22:23:04,SYS,
olAFl680CP7L78F7qp_nhgyr07zA,106.00,67492509459656	,订单退费转入,106.00,工单系统流量套餐退款 本单会员价格20.00元，不能退款,2026-06-19 22:19:45,SYS,
olAFl65pOaShE4PH_o_7PuTrE5Mg,0.00,67482610413369	,用户提现,26.60,用户提现-退费单RF2026061922185955231,2026-06-19 22:19:26,用户提现,
olAFl65pOaShE4PH_o_7PuTrE5Mg,26.60,67482610413369	,订单退费转入,26.60,系统处理工单时转移用户余额，订单号=WS2026040110122127858,2026-06-19 22:19:00,SYS,
olAFl6xQw9lQLn1QwPIo9clE4gxw,0.00,67492609650328	,用户提现,420.00,用户提现-退费单RF2026061920390912656,2026-06-19 21:48:38,用户提现,
olAFl63M0EKB93fGoVCp6Dot44N4,0.00,68772522029103	,用户提现,25.80,用户提现-退费单RF2026061919194225027,2026-06-19 21:35:22,用户提现,
o2uAP69JEopUNPdIni8PptOK6udw,0.00,328813311	,用户提现,39.90,用户提现-退费单RF2026061921283182168,2026-06-19 21:29:17,用户提现,
o2uAP69JEopUNPdIni8PptOK6udw,39.90,328813311	,订单退费转入,39.90,工单系统流量套餐退款,2026-06-19 21:28:32,SYS,
olAFl63ioA7liZDEVawzJRekgI50,0.00,864665067286976	,用户提现,106.00,用户提现-退费单RF2026060721375631063,2026-06-19 21:21:42,用户提现,
olAFl614UOOy9-DFGPB7g7-SBAPI,69.00,867061073491593	,订单退费转入,69.00,工单系统流量套餐退款,2026-06-19 20:43:46,SYS,
olAFl6xQw9lQLn1QwPIo9clE4gxw,420.00,67492609650328	,订单退费转入,420.00,工单系统流量套餐退款,2026-06-19 20:39:09,SYS,
o2uAP6wf0zN29sIt9864NMIrnyzU,0.00,328813343	,用户提现,199.00,用户提现-退费单RF2026061919523767522,2026-06-19 19:52:54,用户提现,
o2uAP6wf0zN29sIt9864NMIrnyzU,199.00,328813343	,订单退费转入,199.00,工单系统流量套餐退款,2026-06-19 19:52:38,SYS,
olAFl6-mutbyLEv5LMeDrJxY-vdQ,64.00,69212606160192	,订单退费转入,64.00,系统处理工单时转移用户余额，订单号=WS2026031519023063739,2026-06-19 19:45:33,SYS,
olAFl63M0EKB93fGoVCp6Dot44N4,25.80,68772522029103	,订单退费转入,25.80,系统处理工单时转移用户余额，订单号=WS2026061918164992622,2026-06-19 19:19:42,SYS,
olAFl63M0EKB93fGoVCp6Dot44N4,0.00,68772522029103	,用户提现,154.20,用户提现-退费单RF2026061919092129666,2026-06-19 19:11:43,用户提现,
olAFl63M0EKB93fGoVCp6Dot44N4,154.20,68772522029103	,订单退费转入,154.20,系统处理工单时转移用户余额，订单号=WS2026061918164992622,2026-06-19 19:09:21,SYS,
ojb7F2FM17mCN7Nx6CgEBoH35u2A,0.00,69142620030192	,用户提现,74.00,用户提现-退费单RF2026061918593783916,2026-06-19 19:00:57,用户提现,
ojb7F2FM17mCN7Nx6CgEBoH35u2A,74.00,69142620030192	,订单退费转入,74.00,系统处理工单时转移用户余额，订单号=WS2026052821151606063,2026-06-19 18:59:38,SYS,
olAFl63fbhwfReSb6Zi_49sxRvfg,0.00,67002509250672	,用户提现,90.30,用户提现-退费单RF2026061918340369333,2026-06-19 18:50:12,用户提现,
olAFl624h0D05xg6z-mAvCquPMIM,89.80,67492538509072	,订单退费转入,89.80,系统处理工单时转移用户余额，订单号=WS2025102714182163724,2026-06-19 18:48:10,SYS,
olAFl6x3fZzZEahfGet8483tzsGA,0.00,67492609642026	,用户提现,179.00,用户提现-退费单RF2026061918382141270,2026-06-19 18:39:19,用户提现,
olAFl6x3fZzZEahfGet8483tzsGA,179.00,67492609642026	,订单退费转入,179.00,工单系统流量套餐退款,2026-06-19 18:38:21,SYS,
olAFl6-pdV6ZVtRakNTT95ocyNEo,1.00,68772602262264	,订单退费转入,1.00,系统处理工单时转移用户余额，订单号=WS2026021416025297684 本单会员价格20.00元，不能退款,2026-06-19 18:35:49,SYS,
ojb7F2AnBTl259BEcI3wedVIYRXw,0.00,69142620028707	,用户提现,172.20,用户提现-退费单RF2026061918335752995,2026-06-19 18:35:22,用户提现,
olAFl63fbhwfReSb6Zi_49sxRvfg,90.30,67002509250672	,订单退费转入,90.30,系统处理工单时转移用户余额，订单号=WS2026040106320783192,2026-06-19 18:34:04,SYS,
ojb7F2AnBTl259BEcI3wedVIYRXw,172.20,69142620028707	,订单退费转入,172.20,系统处理工单时转移用户余额，订单号=WS2026053016015172421,2026-06-19 18:33:58,SYS,
olAFl6_9xA3OHuqdI7iGEDjWCHQI,0.00,864665067381397	,用户提现,62.20,用户提现-退费单RF2026060320280263174,2026-06-19 18:15:58,用户提现,
ojb7F2OcNdPcI-MvJgLl4ik4wK4k,0.00,67002509211500	,用户提现,171.20,用户提现-退费单RF2026061918002754785,2026-06-19 18:03:39,用户提现,
ojb7F2OcNdPcI-MvJgLl4ik4wK4k,171.20,67002509211500	,订单退费转入,171.20,系统处理工单时转移用户余额，订单号=WS2026053021021355125,2026-06-19 18:00:28,SYS,
olAFl66LwOvuonXVsqz7gtEJOng8,0.00,69212621216708	,用户提现,199.00,用户提现-退费单RF2026061913213687759,2026-06-19 17:40:57,用户提现,
olAFl6_xyLVCrdmDNL-I7a0h1rHo,0.00,67482513398615	,用户提现,97.60,用户提现-退费单RF2026061917343418893,2026-06-19 17:37:06,用户提现,
olAFl6_xyLVCrdmDNL-I7a0h1rHo,97.60,67482513398615	,订单退费转入,97.60,系统处理工单时转移用户余额，订单号=WS2026042907334340277,2026-06-19 17:34:34,SYS,
ojb7F2KzVAVB06McmOELxU14Vlrg,0.00,69212612188577	,用户提现,331.00,用户提现-退费单RF2026061917164281387,2026-06-19 17:23:28,用户提现,
olAFl6ySXAmRAr_UsOa-PV6NiLYY,0.00,864665069391410	,用户提现,106.00,用户提现-退费单RF2026061917203551463,2026-06-19 17:22:08,用户提现,
olAFl6ySXAmRAr_UsOa-PV6NiLYY,106.00,864665069391410	,订单退费转入,106.00,工单系统流量套餐退款 本单会员价格20.00元，不能退款,2026-06-19 17:20:36,SYS,
ojb7F2Cwac_0NciEOx9XnjZpxcns,0.00,67492610676569	,用户提现,94.00,用户提现-退费单RF2026061917034539865,2026-06-19 17:17:27,用户提现,
ojb7F2KzVAVB06McmOELxU14Vlrg,331.00,69212612188577	,订单退费转入,331.00,工单系统流量套餐退款,2026-06-19 17:16:43,SYS,
ojb7F2P6pjtp3qB5gcemcFRnToGU,0.00,67492609641040	,用户提现,94.00,用户提现-退费单RF2026061917084414756,2026-06-19 17:15:45,用户提现,
ojb7F2P6pjtp3qB5gcemcFRnToGU,94.00,67492609641040	,订单退费转入,94.00,工单系统流量套餐退款 本单会员价格20.00元，不能退款,2026-06-19 17:08:44,SYS,
ojb7F2Cwac_0NciEOx9XnjZpxcns,94.00,67492610676569	,订单退费转入,94.00,工单系统流量套餐退款,2026-06-19 17:03:45,SYS,
olAFl68gEO5mJWtQdqZm_ev_HB_Y,0.00,67002447029449	,用户提现,73.30,用户提现-退费单RF2026061822170900642,2026-06-19 16:55:33,用户提现,
olAFl6-390A_2TgOsFelzQSpDfEY,0.00,67492609653343	,用户提现,39.00,用户提现-退费单RF2026061916430880670,2026-06-19 16:44:32,用户提现,
olAFl6-390A_2TgOsFelzQSpDfEY,39.00,67492609653343	,订单退费转入,39.00,工单系统流量套餐退款,2026-06-19 16:43:09,SYS,
olAFl6wNI7RXkjiGWI4KY2VCKvcI,0.00,68772520017907	,用户提现,58.00,用户提现-退费单RF2026061916324448129,2026-06-19 16:34:09,用户提现,
olAFl6wNI7RXkjiGWI4KY2VCKvcI,58.00,68772520017907	,订单退费转入,58.00,工单系统流量套餐退款,2026-06-19 16:32:44,SYS,
o2uAP648Wu3ZqGFagvRBifslXRVg,0.00,80886709	,用户提现,38.70,用户提现-退费单RF2026061916264027811,2026-06-19 16:28:31,用户提现,
o2uAP648Wu3ZqGFagvRBifslXRVg,38.70,80886709	,订单退费转入,38.70,系统处理工单时转移用户余额，订单号=WS2025091416223058277,2026-06-19 16:26:40,SYS,
olAFl6yFmV5b4zSxv-F__R_EfsIA,0.00,68032536033640	,用户提现,19.00,用户提现-退费单RF2026061916203159692,2026-06-19 16:21:33,用户提现,
olAFl6yFmV5b4zSxv-F__R_EfsIA,19.00,68032536033640	,订单退费转入,19.00,工单系统流量套餐退款,2026-06-19 16:20:32,SYS,
olAFl67WZSz1eHGhpHG9JIjZyN2s,0.00,67492445317361	,用户提现,69.00,用户提现-退费单RF2026061823415580482,2026-06-19 16:06:27,用户提现,
olAFl6_5IHoeIigQgmCyeubDbRLY,0.00,68772550180950	,用户提现,120.20,用户提现-退费单RF2026061915542144543,2026-06-19 15:54:53,用户提现,
olAFl6_5IHoeIigQgmCyeubDbRLY,120.20,68772550180950	,订单退费转入,120.20,系统处理工单时转移用户余额，订单号=WS2026010816434483030,2026-06-19 15:54:21,SYS,
olAFl61JpJPrZS4lpm359rzQ6H9g,0.00,67492509457863	,用户提现,53.80,用户提现-退费单RF2026061915061497524,2026-06-19 15:07:35,用户提现,
olAFl61JpJPrZS4lpm359rzQ6H9g,53.80,67492509457863	,订单退费转入,53.80,系统处理工单时转移用户余额，订单号=WS2025090509254750196,2026-06-19 15:06:15,SYS,
olAFl67OmLRsMKS62iwLpMaVXZe8,0.00,67482513396582	,用户提现,152.40,用户提现-退费单RF2026061914572274711,2026-06-19 15:00:44,用户提现,
odELQ6q80-PnpW7CGJtzs-fU6Q64,0.00,68712535009389	,用户提现,142.00,用户提现-退费单RF2026052903152315512,2026-06-19 15:00:33,用户提现,
ojb7F2PKbnCdJPJ36YP_parW9X7s,0.00,67482610416448	,用户提现,260.00,用户提现-退费单RF2026061714284402468,2026-06-19 14:57:24,用户提现,
olAFl67OmLRsMKS62iwLpMaVXZe8,152.40,67482513396582	,订单退费转入,152.40,系统处理工单时转移用户余额，订单号=WS2025082415060599083,2026-06-19 14:57:23,SYS,
olAFl6znYow0ttKpsssmngN2UPq0,0.00,70032617027854	,用户提现,479.00,用户提现-退费单RF2026061914082855151,2026-06-19 14:16:30,用户提现,
olAFl6znYow0ttKpsssmngN2UPq0,479.00,70032617027854	,订单退费转入,479.00,工单系统流量套餐退款 本单会员价格20.00元，不能退款,2026-06-19 14:08:29,SYS,
olAFl6w-_WzJeAfiY1BMOjknQD5o,0.00,67482504272360	,用户提现,120.20,用户提现-退费单RF2026050703154082,2026-06-19 14:07:00,用户提现,
olAFl6yBzJb8wpF6IGcomYjzFUZE,0.00,68772612321218	,用户提现,90.40,用户提现-退费单RF2026061912123163588,2026-06-19 14:00:02,用户提现,
olAFl69mvbR1lzo3LSv9S618bYpc,0.00,68772612329372	,用户提现,8.40,用户提现-退费单RF2026061913560883715,2026-06-19 13:57:37,用户提现,
olAFl69mvbR1lzo3LSv9S618bYpc,8.40,68772612329372	,订单退费转入,8.40,系统处理工单时转移用户余额，订单号=WN2026060915425970812,2026-06-19 13:56:09,SYS,
olAFl66LwOvuonXVsqz7gtEJOng8,199.00,69212621216708	,订单退费转入,199.00,工单系统流量套餐退款,2026-06-19 13:21:37,SYS,
olAFl6ykbVU4zalrJMe5ZZn9VLqw,0.00,69212536007884	,用户提现,109.00,用户提现-退费单RF2026061723190130923,2026-06-19 12:36:03,用户提现,
olAFl6ykbVU4zalrJMe5ZZn9VLqw,109.00,69212536007884	,订单退费转入,109.00,工单系统审核退费单-套餐已作废/钱包已清零,2026-06-19 12:34:57,SYS,
olAFl6zc-OuFaZs7IM3_JOP2JHZ4,0.00,70032617035398	,用户提现,92.20,用户提现-退费单RF2026061912322300329,2026-06-19 12:32:49,用户提现,
olAFl6zc-OuFaZs7IM3_JOP2JHZ4,92.20,70032617035398	,订单退费转入,92.20,系统处理工单时转移用户余额，订单号=WN2026052516535802647,2026-06-19 12:32:23,SYS,
olAFl60gnWSzHNYDIPUFLu8Mqp3s,0.00,86132347130541	,用户提现,9.60,用户提现-退费单RF2026061910443919477,2026-06-19 12:15:46,用户提现,
olAFl6yBzJb8wpF6IGcomYjzFUZE,90.40,68772612321218	,订单退费转入,90.40,系统处理工单时转移用户余额，订单号=WS2026041223112905486,2026-06-19 12:12:32,SYS,
olAFl6wVP0XaaLr8eUa-iXLm_TYo,0.00,69212536000100	,用户提现,91.20,用户提现-退费单RF2026061912060561296,2026-06-19 12:08:08,用户提现,
olAFl6wVP0XaaLr8eUa-iXLm_TYo,91.20,69212536000100	,订单退费转入,91.20,系统处理工单时转移用户余额，订单号=WS2026011923462871857,2026-06-19 12:06:06,SYS,
olAFl6-hnFizdBATAIXpbUXa6OOg,0.00,67492453371802	,用户提现,5.20,用户提现-退费单RF2026061911510700575,2026-06-19 11:51:50,用户提现,
olAFl6-hnFizdBATAIXpbUXa6OOg,5.20,67492453371802	,用户提现,180.00,用户提现-退费单RF2026061911510700046,2026-06-19 11:51:49,用户提现,
olAFl6-hnFizdBATAIXpbUXa6OOg,180.00,67492453371802	,订单退费转入,180.00,系统处理工单时转移用户余额，订单号=WS2026061112254655385,2026-06-19 11:51:07,SYS,
olAFl6-hnFizdBATAIXpbUXa6OOg,185.20,67492453371802	,订单退费转入,5.20,系统处理工单时转移用户余额，订单号=WS2025082010260702120,2026-06-19 11:51:07,SYS,
odELQ6gPgRfpZJyL8bRnD-AHnfw4,0.00,86706107305497	,用户提现,100.00,用户提现-退费单RF2026061911431805056,2026-06-19 11:44:00,用户提现,
odELQ6gPgRfpZJyL8bRnD-AHnfw4,100.00,86706107305497	,订单退费转入,100.00,工单系统流量套餐退款,2026-06-19 11:43:18,SYS,
olAFl67bJ0b4DNstwd6ajKK3dgio,0.00,70032611006903	,用户提现,179.00,用户提现-退费单RF2026061821272102444,2026-06-19 11:25:37,用户提现,
ojb7F2GDP2cJJ3VUEcnpr74uFZOI,0.00,68032536031819	,用户提现,94.00,用户提现-退费单RF2026061911012740057,2026-06-19 11:23:29,用户提现,
olAFl65d0kWX_cJaVrhnMZ21tzJQ,0.00,68772528056361	,用户提现,116.00,用户提现-退费单RF2026061911203849920,2026-06-19 11:21:07,用户提现,
olAFl65d0kWX_cJaVrhnMZ21tzJQ,116.00,68772528056361	,订单退费转入,116.00,系统处理工单时转移用户余额，订单号=WS2026032306323150453,2026-06-19 11:20:39,SYS,
olAFl659j54ptZStPrLDwfqgUeOA,0.00,68772547166840	,用户提现,60.10,用户提现-退费单RF2026052803153184697,2026-06-19 11:03:22,用户提现,
ojb7F2GDP2cJJ3VUEcnpr74uFZOI,94.00,68032536031819	,订单退费转入,94.00,工单系统流量套餐退款,2026-06-19 11:01:27,SYS,
olAFl6yOixcD14G6lhalqMQ1XTdE,0.00,69212612176999	,用户提现,40.00,用户提现-退费单RF2026061910564537966,2026-06-19 10:57:32,用户提现,
olAFl6yOixcD14G6lhalqMQ1XTdE,40.00,69212612176999	,订单退费转入,40.00,工单系统流量套餐退款 本单会员价格20.00元，不能退款,2026-06-19 10:56:45,SYS,
olAFl6-laf5_Me66SGasUeZ22SmU,0.00,864665069787328	,用户提现,34.00,用户提现-退费单RF2026061820300108085,2026-06-19 10:50:28,用户提现,
olAFl60gnWSzHNYDIPUFLu8Mqp3s,9.60,86132347130541	,订单退费转入,9.60,系统处理工单时转移用户余额，订单号=WN2026022416522852056,2026-06-19 10:44:39,SYS,
olAFl63CMRpGzWBT5CSYEudEs3IY,0.00,67492442211557	,用户提现,31.00,用户提现-退费单RF2026042823480277 微信退款失败：超期订单不允许退款,2026-06-19 10:30:45,用户提现,
olAFl6_pCBuPeeITyC1ALAvJ_aGU,0.00,68772612317392	,用户提现,139.00,用户提现-退费单RF2026061909393516921,2026-06-19 09:40:18,用户提现,
olAFl6_pCBuPeeITyC1ALAvJ_aGU,139.00,68772612317392	,订单退费转入,139.00,工单系统流量套餐退款,2026-06-19 09:39:35,SYS,
olAFl63tPsXBGZZg3MOj1nc62jZI,0.00,69212612190951	,用户提现,29.00,用户提现-退费单RF2026061909352114179,2026-06-19 09:35:38,用户提现,
olAFl63tPsXBGZZg3MOj1nc62jZI,29.00,69212612190951	,订单退费转入,29.00,工单系统流量套餐退款,2026-06-19 09:35:21,SYS,
olAFl623FmZIBttWVldokxgQyWNk,0.00,69142620032828	,用户提现,19.00,用户提现-退费单RF2026061909212423158,2026-06-19 09:23:42,用户提现,
olAFl623FmZIBttWVldokxgQyWNk,19.00,69142620032828	,订单退费转入,19.00,工单系统流量套餐退款,2026-06-19 09:21:24,SYS,
olAFl67WZSz1eHGhpHG9JIjZyN2s,69.00,67492445317361	,订单退费转入,69.00,工单系统流量套餐退款,2026-06-18 23:41:56,SYS,
olAFl6_yNYojbkdpIgzDvrXyfWJo,0.00,68032536030000	,用户提现,46.00,用户提现-退费单RF2026061818253298371,2026-06-18 22:49:44,用户提现,
olAFl652x1RF35-V_gPcARfFAsNo,0.00,67492609651408	,用户提现,29.00,用户提现-退费单RF2026061822355266948,2026-06-18 22:37:42,用户提现,
olAFl652x1RF35-V_gPcARfFAsNo,29.00,67492609651408	,订单退费转入,29.00,工单系统流量套餐退款,2026-06-18 22:35:53,SYS,
olAFl683mdS0C4448LVB5WPxrNSQ,127.20,68772528057222	,订单退费转入,127.20,系统处理工单时转移用户余额，订单号=WS2026040719343498365,2026-06-18 22:31:20,SYS,
olAFl6w5zw7UtS9wMk0D7MVB2SEk,46.00,68772604272662	,订单退费转入,46.00,系统处理工单时转移用户余额，订单号=WS2026022711511543585,2026-06-18 22:26:31,SYS,
olAFl68gEO5mJWtQdqZm_ev_HB_Y,73.30,67002447029449	,订单退费转入,73.30,系统处理工单时转移用户余额，订单号=WN2026051123365779370,2026-06-18 22:17:09,SYS,
olAFl61Qd5gw4uXQc1mFQFXZ92WA,0.00,63272414003066	,用户提现,147.00,用户提现-退费单RF2026061719564873930,2026-06-18 22:02:13,用户提现,
olAFl6wBy7gIJ_0FcP4ZoAhDeQFo,0.00,867061070808559	,用户提现,70.50,用户提现-退费单RF2026061722331346793,2026-06-18 21:58:32,用户提现,
olAFl67WITeBcHsmFVvGVl8cyGWo,0.00,67492509460143	,用户提现,76.50,用户提现-退费单RF2026061821504830843,2026-06-18 21:51:37,用户提现,
olAFl67WITeBcHsmFVvGVl8cyGWo,76.50,67492509460143	,订单退费转入,76.50,系统处理工单时转移用户余额，订单号=WS2025092521334669020,2026-06-18 21:50:48,SYS,
olAFl67bJ0b4DNstwd6ajKK3dgio,179.00,70032611006903	,订单退费转入,179.00,工单系统流量套餐退款 本单会员价格20.00元，不能退款,2026-06-18 21:27:21,SYS,
olAFl62TXoIXQbaOEzwqxAEBPJkk,0.00,67492453368639	,用户提现,107.00,用户提现-退费单RF2026061821105353666,2026-06-18 21:11:23,用户提现,
olAFl67eHOGt_B4E5g-HYq9jcRZM,0.00,67492609641421	,用户提现,46.00,用户提现-退费单RF2026061821103007332,2026-06-18 21:11:13,用户提现,
olAFl62TXoIXQbaOEzwqxAEBPJkk,107.00,67492453368639	,订单退费转入,107.00,系统处理工单时转移用户余额，订单号=WS2026040211490358170,2026-06-18 21:10:54,SYS,
olAFl67eHOGt_B4E5g-HYq9jcRZM,46.00,67492609641421	,订单退费转入,46.00,工单系统流量套餐退款,2026-06-18 21:10:30,SYS,
olAFl606gSTElZgady08bRzVVmPY,0.00,69142620033158	,用户提现,138.00,用户提现-退费单RF2026061818401897032,2026-06-18 21:09:28,用户提现,
olAFl6wdbfqnLE_k6-oUuH_wiDdo,0.00,69142620027406	,用户提现,19.00,用户提现-退费单RF2026061820023625299,2026-06-18 21:03:44,用户提现,
olAFl6z5wQdY8-Y6j9KWeK8VhP0I,0.00,67002509240022	,用户提现,102.00,用户提现-退费单RF2026061719235359854,2026-06-18 20:54:19,用户提现,
olAFl62u64Dxht14VqgR_j00PMQo,0.00,68772550181608	,用户提现,4.90,用户提现-退费单RF2026061820503432523,2026-06-18 20:53:26,用户提现,
olAFl62u64Dxht14VqgR_j00PMQo,4.90,68772550181608	,订单退费转入,4.90,系统处理工单时转移用户余额，订单号=WS2026010111382791326,2026-06-18 20:50:34,SYS,
olAFl6-laf5_Me66SGasUeZ22SmU,34.00,864665069787328	,订单退费转入,34.00,系统处理工单时转移用户余额，订单号=WS2026052118022541153,2026-06-18 20:30:01,SYS,
olAFl6yhLwSmBtOYC7DEmBKK1giQ,379.00,68052510015004	,订单退费转入,379.00,工单系统流量套餐退款 本单会员价格20.00元，不能退款,2026-06-18 20:19:02,SYS,
olAFl66f9WDIcH3le97VJwWT5WNA,0.00,67862535042228	,用户提现,171.20,用户提现-退费单RF2026061818564329949,2026-06-18 20:11:20,用户提现,
olAFl6wdbfqnLE_k6-oUuH_wiDdo,19.00,69142620027406	,订单退费转入,19.00,工单系统流量套餐退款,2026-06-18 20:02:36,SYS,
ojb7F2BYGcSzk6Ux_ce4fSoLEvxE,0.00,70032617027934	,用户提现,171.20,用户提现-退费单RF2026061723281294932,2026-06-18 19:47:48,用户提现,
olAFl6xY1lXGgAjnfQOdY84jHhKk,0.00,69212621219626	,用户提现,19.00,用户提现-退费单RF2026061813154400249,2026-06-18 19:39:14,用户提现,
odELQ6vBz8HJ2g2P_MS3cOSpQLY0,247.00,68772612334545	,订单退费转入,247.00,工单系统流量套餐退款,2026-06-18 19:38:33,SYS,
olAFl675FBdZZSdWlM7AJ7uRzMK4,0.00,69212606154491	,用户提现,48.80,用户提现-退费单RF2026061819233653291,2026-06-18 19:30:21,用户提现,
olAFl675FBdZZSdWlM7AJ7uRzMK4,48.80,69212606154491	,订单退费转入,48.80,系统处理工单时转移用户余额，订单号=WS2026032215200994678,2026-06-18 19:23:37,SYS,
olAFl6xVHSCdNdTc6lIMZfS0DLCE,0.00,67492453373566	,用户提现,99.00,用户提现-退费单RF2026061819215608362,2026-06-18 19:23:16,用户提现,
olAFl6xVHSCdNdTc6lIMZfS0DLCE,99.00,67492453373566	,订单退费转入,99.00,工单系统流量套餐退款,2026-06-18 19:21:56,SYS,
olAFl6-6g_CgG7lnTE8QFoLDUdQg,0.00,68772602226285	,用户提现,9.90,用户提现-退费单RF2026061819084693434,2026-06-18 19:09:52,用户提现,
olAFl6-6g_CgG7lnTE8QFoLDUdQg,9.90,68772602226285	,订单退费转入,9.90,工单系统流量套餐退款,2026-06-18 19:08:47,SYS,
olAFl60XjYN9eZ03YvsK4kARjL78,0.00,67482442004483	,用户提现,42.50,用户提现-退费单RF2026061819070001237,2026-06-18 19:07:45,用户提现,
olAFl60XjYN9eZ03YvsK4kARjL78,42.50,67482442004483	,订单退费转入,42.50,系统处理工单时转移用户余额，订单号=WS2026011313390797710,2026-06-18 19:07:00,SYS,
olAFl6_uiKd-eNRJSRO0iO14rdNc,0.00,67002535377065	,用户提现,29.00,用户提现-退费单RF2026061818481856134,2026-06-18 18:57:36,用户提现,
olAFl66f9WDIcH3le97VJwWT5WNA,171.20,67862535042228	,订单退费转入,171.20,系统处理工单时转移用户余额，订单号=WS2026061716005933219,2026-06-18 18:56:43,SYS,
olAFl6_uiKd-eNRJSRO0iO14rdNc,29.00,67002535377065	,订单退费转入,29.00,工单系统流量套餐退款,2026-06-18 18:48:19,SYS,
olAFl606gSTElZgady08bRzVVmPY,138.00,69142620033158	,订单退费转入,138.00,工单系统流量套餐退款 本单会员价格20.00元，不能退款,2026-06-18 18:40:19,SYS,
olAFl6_yNYojbkdpIgzDvrXyfWJo,46.00,68032536030000	,订单退费转入,46.00,工单系统流量套餐退款,2026-06-18 18:25:33,SYS,
olAFl67f96UDwkYE4_Qxbj64aNsA,0.00,70032617029405	,用户提现,92.20,用户提现-退费单RF2026061818184865557,2026-06-18 18:19:25,用户提现,
olAFl67f96UDwkYE4_Qxbj64aNsA,92.20,70032617029405	,订单退费转入,92.20,系统处理工单时转移用户余额，订单号=WN2026052119532784084,2026-06-18 18:18:49,SYS,
olAFl66-ZmMOfcPeqNaDMaLGtHC8,0.00,69212612170665	,用户提现,112.40,用户提现-退费单RF2026061818122610915,2026-06-18 18:13:27,用户提现,
olAFl66-ZmMOfcPeqNaDMaLGtHC8,112.40,69212612170665	,订单退费转入,112.40,系统处理工单时转移用户余额，订单号=WS2026042712402181513,2026-06-18 18:12:26,SYS,
olAFl6zeO_W3mWrHA6lcPGjMT8T0,0.00,864665064417616	,用户提现,73.30,用户提现-退费单RF2026061818011312018,2026-06-18 18:02:55,用户提现,
olAFl6zeO_W3mWrHA6lcPGjMT8T0,73.30,864665064417616	,订单退费转入,73.30,系统处理工单时转移用户余额，订单号=WN2026050722532016792,2026-06-18 18:01:13,SYS,
olAFl6ypvXRBeg4Aqa1jcQHg7aDo,0.00,68772612332819	,用户提现,29.00,用户提现-退费单RF2026061621520743287,2026-06-18 17:53:04,用户提现,
olAFl6xIaxfUWoj3CuaNjzAWDPFQ,38.40,67482610417198	,订单退费转入,38.40,系统处理工单时转移用户余额，订单号=WS2026041714111996087,2026-06-18 17:47:31,SYS,
olAFl612BwwV7QqVDoYULAYQLtuU,0.00,70032617028461	,用户提现,94.00,用户提现-退费单RF2026061817423784710,2026-06-18 17:42:55,用户提现,
olAFl612BwwV7QqVDoYULAYQLtuU,94.00,70032617028461	,订单退费转入,94.00,工单系统流量套餐退款 本单会员价格20.00元，不能退款,2026-06-18 17:42:38,SYS,
olAFl6w62PYm8H1g4gL4hT2nFgdQ,0.00,864665064417186	,用户提现,99.00,用户提现-退费单RF2026061817362281946,2026-06-18 17:39:22,用户提现,
olAFl6w62PYm8H1g4gL4hT2nFgdQ,99.00,864665064417186	,订单退费转入,99.00,工单系统流量套餐退款,2026-06-18 17:36:23,SYS,
olAFl68r2-bW-_U_N6V5rNYxZ7og,0.00,67492552542640	,用户提现,142.30,用户提现-退费单RF2026060303152281181,2026-06-18 17:22:37,用户提现,
olAFl6yTE8Ea4olL14h1j9xgq9p0,0.00,67482610420493	,用户提现,241.00,用户提现-退费单RF2026061816561406923,2026-06-18 16:57:29,用户提现,
olAFl6yTE8Ea4olL14h1j9xgq9p0,241.00,67482610420493	,订单退费转入,241.00,工单系统流量套餐退款,2026-06-18 16:56:14,SYS,
olAFl67CN0jWd_iVdq6UwufOGzYc,0.00,69142620027277	,用户提现,66.00,用户提现-退费单RF2026061816501652557,2026-06-18 16:55:03,用户提现,
olAFl67CN0jWd_iVdq6UwufOGzYc,66.00,69142620027277	,订单退费转入,66.00,系统处理工单时转移用户余额，订单号=WS2026051715464097870,2026-06-18 16:50:17,SYS,
olAFl62RcoEawvxZ-M2VYc40rWP4,0.00,69212612187145	,用户提现,126.20,用户提现-退费单RF2026061816131720770,2026-06-18 16:31:21,用户提现,
olAFl6xocvFhFviq-jiwsUU6WCiM,0.00,864665067323043	,用户提现,111.50,用户提现-退费单RF2026061816265304870,2026-06-18 16:29:06,用户提现,
olAFl6xocvFhFviq-jiwsUU6WCiM,111.50,864665067323043	,订单退费转入,111.50,系统处理工单时转移用户余额，订单号=WS2026042407243674380,2026-06-18 16:26:53,SYS,
olAFl62RcoEawvxZ-M2VYc40rWP4,126.20,69212612187145	,订单退费转入,126.20,系统处理工单时转移用户余额，订单号=WS2026042015201380972,2026-06-18 16:13:17,SYS,
olAFl67kCU5oaOShRO5W17-6r9xo,179.00,68032536032334	,订单退费转入,179.00,工单系统流量套餐退款,2026-06-18 15:35:07,SYS,
olAFl63HBPymJv29pd2j1OzA6aY0,0.00,69212612175583	,用户提现,176.20,用户提现-退费单RF2026061710270543618,2026-06-18 15:34:23,用户提现,
olAFl63uaRBKLftOzgd99Df0QgEo,0.00,67482449101087	,用户提现,69.00,用户提现-退费单RF2026061720410480130,2026-06-18 15:24:34,用户提现,
olAFl6xSGISaYk0vvywfiqbtCkYg,0.00,67512534242332	,用户提现,54.00,用户提现-退费单RF2026061814590147567,2026-06-18 15:13:01,用户提现,
olAFl65zxm5x733Wg4Qg7q-cbXlE,0.00,67492538518954	,用户提现,180.00,用户提现-退费单RF2026061815025693428,2026-06-18 15:04:00,用户提现,
olAFl65zxm5x733Wg4Qg7q-cbXlE,180.00,67492538518954	,订单退费转入,180.00,系统处理工单时转移用户余额，订单号=WS2026061813264618778,2026-06-18 15:02:57,SYS,
olAFl6xSGISaYk0vvywfiqbtCkYg,54.00,67512534242332	,订单退费转入,54.00,系统处理工单时转移用户余额，订单号=WS2026011016131065072,2026-06-18 14:59:01,SYS,
ojb7F2NEoXnbyojj9V5Z7ejm56E8,0.00,67862539050373	,用户提现,176.20,用户提现-退费单RF2026061811232792049,2026-06-18 14:55:57,用户提现,
ojb7F2AudLWK99lkdh5x6-aOFkJU,0.00,67482610414959	,用户提现,29.00,用户提现-退费单RF2026061809551584126,2026-06-18 13:49:55,用户提现,
olAFl6xY1lXGgAjnfQOdY84jHhKk,19.00,69212621219626	,订单退费转入,19.00,工单系统流量套餐退款,2026-06-18 13:15:44,SYS,
ojb7F2CFb6H36Vs0-3FVx83fgdUo,0.00,70032611008601	,用户提现,152.20,用户提现-退费单RF2026061812580489556,2026-06-18 12:58:35,用户提现,
ojb7F2CFb6H36Vs0-3FVx83fgdUo,152.20,70032611008601	,订单退费转入,152.20,系统处理工单时转移用户余额，订单号=WS2026052900360474639,2026-06-18 12:58:05,SYS,
olAFl64UwadIIYvVCTy8Id5Vy9Xk,0.00,864665068096416	,用户提现,34.60,用户提现-退费单RF2026060203152157585,2026-06-18 12:51:45,用户提现,
olAFl6xIc4J00-ryxAhHyOVZ9OTw,0.00,69212544102166	,用户提现,129.60,用户提现-退费单RF2026061812195230419,2026-06-18 12:20:34,用户提现,
olAFl6xIc4J00-ryxAhHyOVZ9OTw,129.60,69212544102166	,订单退费转入,129.60,系统处理工单时转移用户余额，订单号=WS2026030119052000769,2026-06-18 12:19:52,SYS,
olAFl6wfQpyPN5Tz_1O20-zRRF14,0.00,67002452085400	,用户提现,137.80,用户提现-退费单RF2026061811160955948,2026-06-18 11:32:00,用户提现,
ojb7F2NEoXnbyojj9V5Z7ejm56E8,176.20,67862539050373	,订单退费转入,176.20,系统处理工单时转移用户余额，订单号=WS2026061711133206836,2026-06-18 11:23:28,SYS,
olAFl6zBY2ZPpeyQvp2MR63E9LkY,0.00,67492538509247	,用户提现,15.00,用户提现-退费单RF2026061811192920959,2026-06-18 11:20:13,用户提现,
olAFl6zBY2ZPpeyQvp2MR63E9LkY,15.00,67492538509247	,订单退费转入,15.00,系统处理工单时转移用户余额，订单号=WS2026030408012687373,2026-06-18 11:19:29,SYS,
olAFl6wfQpyPN5Tz_1O20-zRRF14,137.80,67002452085400	,订单退费转入,137.80,系统处理工单时转移用户余额，订单号=WS2026041920104976945,2026-06-18 11:16:10,SYS,
olAFl61lB0pXhI8VBavZ02iD-31I,0.00,68772550177140	,用户提现,130.80,用户提现-退费单RF2026051903150460,2026-06-18 10:45:04,用户提现,
olAFl63dw4ezrkrOC19gm7Uuib8c,66.70,68772543142295	,订单退费转入,66.70,系统处理工单时转移用户余额，订单号=WS2025121616074531217,2026-06-18 10:42:19,SYS,
olAFl6-KHLcXtnZgdWQedz-S7rtA,0.00,68772604274098	,用户提现,15.00,用户提现-退费单RF2026061809155929195,2026-06-18 10:36:42,用户提现,
olAFl6w3Z0Wu2qFPYkXtLTl45cUc,0.00,67492603605102	,用户提现,69.00,用户提现-退费单RF2026061810291221196,2026-06-18 10:29:44,用户提现,
olAFl6w3Z0Wu2qFPYkXtLTl45cUc,69.00,67492603605102	,订单退费转入,69.00,工单系统流量套餐退款,2026-06-18 10:29:12,SYS,
ojb7F2Glx0i3vC19hmCcRt6cnKkI,0.00,68772533076663	,用户提现,92.20,用户提现-退费单RF2026061710102225993,2026-06-18 10:28:47,用户提现,
ojb7F2Glx0i3vC19hmCcRt6cnKkI,92.20,68772533076663	,用户提现,100.00,用户提现-退费单RF2026061710102226483,2026-06-18 10:28:46,用户提现,
olAFl64rhjjSQTdsS5g8HMAfT0fY,0.00,867061074946181	,用户提现,50.70,用户提现-退费单RF2026042313320916 微信退款失败：超期订单不允许退款,2026-06-18 10:22:41,用户提现,
olAFl63qN1JaZsx1qMfjh6zz0a7M,0.00,67512515164982	,用户提现,126.20,用户提现-退费单RF2026061810131516519,2026-06-18 10:17:14,用户提现,
olAFl63qN1JaZsx1qMfjh6zz0a7M,126.20,67512515164982	,订单退费转入,126.20,系统处理工单时转移用户余额，订单号=WS2026031411391527792,2026-06-18 10:13:15,SYS,
ojb7F2AudLWK99lkdh5x6-aOFkJU,29.00,67482610414959	,订单退费转入,29.00,工单系统流量套餐退款,2026-06-18 09:55:16,SYS,
olAFl69UXLLBaa_z3s1AOyeOIsY0,0.00,70032617036391	,用户提现,180.00,用户提现-退费单RF2026061809500331249,2026-06-18 09:52:39,用户提现,
olAFl69UXLLBaa_z3s1AOyeOIsY0,180.00,70032617036391	,订单退费转入,180.00,系统处理工单时转移用户余额，订单号=WS2026061718555021940,2026-06-18 09:50:03,SYS,
olAFl68zK86qtxT4SoX-xm2E-3L0,0.00,63272426061972	,用户提现,479.00,用户提现-退费单RF2026061721492711484,2026-06-18 09:40:16,用户提现,
olAFl666F6v2Ie0-KHIqQl9Xi7es,0.00,67482503208584	,用户提现,57.60,用户提现-退费单RF2026061809271934010,2026-06-18 09:27:35,用户提现,
olAFl666F6v2Ie0-KHIqQl9Xi7es,57.60,67482503208584	,订单退费转入,57.60,系统处理工单时转移用户余额，订单号=WN2026030712111459268,2026-06-18 09:27:19,SYS,
olAFl6-KHLcXtnZgdWQedz-S7rtA,15.00,68772604274098	,订单退费转入,15.00,系统处理工单时转移用户余额，订单号=WS2026032022215654084,2026-06-18 09:15:59,SYS,
olAFl62PA9_cYZf_HYMjc0svmuEc,0.00,67912450000900	,用户提现,62.40,用户提现-退费单RF2026061809084604174,2026-06-18 09:09:19,用户提现,
olAFl62PA9_cYZf_HYMjc0svmuEc,62.40,67912450000900	,订单退费转入,62.40,系统处理工单时转移用户余额，订单号=WS2025092109455534197,2026-06-18 09:08:46,SYS,
olAFl61bqT6S9d1nk91GsI4i55N4,0.00,70032617034932	,用户提现,54.00,用户提现-退费单RF2026061806035755998,2026-06-18 08:47:47,用户提现,
olAFl6z2gVognYozem7VSfxzJjfw,0.00,864665066186722	,用户提现,144.20,用户提现-退费单RF2026061513480971598,2026-06-18 07:53:11,用户提现,
olAFl6y7nlaJUdS36jt3fTzAZ9tI,0.00,68772610299470	,用户提现,121.00,用户提现-退费单RF2026061807111506016,2026-06-18 07:11:48,用户提现,
olAFl6y7nlaJUdS36jt3fTzAZ9tI,121.00,68772610299470	,订单退费转入,121.00,系统处理工单时转移用户余额，订单号=WS2026051110285134897,2026-06-18 07:11:15,SYS,
olAFl6yM_hwxoCQ06YVQv5-SMQag,0.00,68772550199017	,用户提现,121.20,用户提现-退费单RF2026061806283875137,2026-06-18 06:29:34,用户提现,
olAFl6yM_hwxoCQ06YVQv5-SMQag,121.20,68772550199017	,订单退费转入,121.20,系统处理工单时转移用户余额，订单号=WS2026051410390008434,2026-06-18 06:28:39,SYS,
olAFl61bqT6S9d1nk91GsI4i55N4,54.00,70032617034932	,订单退费转入,54.00,系统处理工单时转移用户余额，订单号=WS2026052105162073858,2026-06-18 06:03:58,SYS,
olAFl67x_GIfj8D8uEOnMGzQ8XNU,0.00,67002509215154	,用户提现,122.20,用户提现-退费单RF2026061805493613132,2026-06-18 05:50:04,用户提现,
olAFl67x_GIfj8D8uEOnMGzQ8XNU,122.20,67002509215154	,订单退费转入,122.20,系统处理工单时转移用户余额，订单号=WS2026051900062336044,2026-06-18 05:49:36,SYS,
odELQ6rOPlOWAN01yCrNe1HymJxE,0.00,68712517000739	,用户提现,120.10,用户提现-退费单RF2026061723305694920,2026-06-17 23:33:20,用户提现,
o4p3p63OMjGhJeZmdO_jLJe_9TCE,0.00,866801080080660	,用户提现,39.00,用户提现-退费单RF2026061723315153113,2026-06-17 23:32:24,用户提现,
o4p3p63OMjGhJeZmdO_jLJe_9TCE,39.00,866801080080660	,订单退费转入,39.00,工单系统流量套餐退款,2026-06-17 23:31:52,SYS,
odELQ6rOPlOWAN01yCrNe1HymJxE,120.10,68712517000739	,订单退费转入,120.10,系统处理工单时转移用户余额，订单号=WS2026061423380445549,2026-06-17 23:30:57,SYS,
ojb7F2BYGcSzk6Ux_ce4fSoLEvxE,171.20,70032617027934	,订单退费转入,171.20,系统处理工单时转移用户余额，订单号=WS2026061722280160239,2026-06-17 23:28:13,SYS,
olAFl63oNqcw8quwXZ4MV4an2D8o,0.00,67482610412277	,用户提现,102.00,用户提现-退费单RF2026061723181360144,2026-06-17 23:18:39,用户提现,
olAFl63oNqcw8quwXZ4MV4an2D8o,102.00,67482610412277	,订单退费转入,102.00,系统处理工单时转移用户余额，订单号=WS2026051114123282445,2026-06-17 23:18:14,SYS,
olAFl6zIQqDBrmp9TuQEpd56f-GI,0.00,67862539050424	,用户提现,35.00,用户提现-退费单RF2026061722361932211,2026-06-17 23:05:06,用户提现,
ojb7F2HmNPBHrJI_MlYi_426mUkA,0.00,69212612170827	,用户提现,172.20,用户提现-退费单RF2026061722383487244,2026-06-17 22:42:00,用户提现,
ojb7F2HmNPBHrJI_MlYi_426mUkA,172.20,69212612170827	,订单退费转入,172.20,系统处理工单时转移用户余额，订单号=WS2026060121062132477,2026-06-17 22:38:35,SYS,
olAFl6zIQqDBrmp9TuQEpd56f-GI,35.00,67862539050424	,订单退费转入,35.00,工单系统流量套餐退款 组合支付：微信退费 35.00,2026-06-17 22:36:19,SYS,
olAFl6wBy7gIJ_0FcP4ZoAhDeQFo,70.50,867061070808559	,订单退费转入,70.50,系统处理工单时转移用户余额，订单号=WN2026032115035017150,2026-06-17 22:33:13,SYS,
olAFl675_j02E7kwPHHPM0rXOmT4,0.00,69212536007727	,用户提现,155.10,用户提现-退费单RF2026061722242115076,2026-06-17 22:25:00,用户提现,
olAFl675_j02E7kwPHHPM0rXOmT4,155.10,69212536007727	,订单退费转入,155.10,系统处理工单时转移用户余额，订单号=WS2026061311271619974,2026-06-17 22:24:21,SYS,
olAFl69XX8axGXstciWUCUtyd_-c,0.00,69212621216764	,用户提现,188.00,用户提现-退费单RF2026061722033496871,2026-06-17 22:07:25,用户提现,
olAFl6yupBpp_3Aoykrsk5kiQ2k8,0.00,69212612185694	,用户提现,420.00,用户提现-退费单RF2026051816534111418,2026-06-17 22:07:08,用户提现,
olAFl69XX8axGXstciWUCUtyd_-c,188.00,69212621216764	,订单退费转入,188.00,工单系统审核退费单-套餐已作废/钱包已清零,2026-06-17 22:06:08,SYS,
olAFl674MqTI7_8GmKZNChlDSN7g,0.00,68772612319490	,用户提现,89.30,用户提现-退费单RF2026061722022189141,2026-06-17 22:03:51,用户提现,
olAFl674MqTI7_8GmKZNChlDSN7g,89.30,68772612319490	,订单退费转入,89.30,系统处理工单时转移用户余额，订单号=WS2026041721183344334,2026-06-17 22:02:22,SYS,
olAFl68zK86qtxT4SoX-xm2E-3L0,479.00,63272426061972	,订单退费转入,479.00,工单系统流量套餐退款,2026-06-17 21:49:27,SYS,
odELQ6riik-FR9Wsdq3jkl2IZBJo,0.00,67682509013415	,用户提现,159.00,用户提现-退费单RF2026061721472579691,2026-06-17 21:47:54,用户提现,
odELQ6riik-FR9Wsdq3jkl2IZBJo,159.00,67682509013415	,订单退费转入,159.00,工单系统流量套餐退款,2026-06-17 21:47:26,SYS,
olAFl6-_Tif2MgnLObdKQ8EWV3Vk,0.00,68772610303556	,用户提现,107.30,用户提现-退费单RF2026061721383369166,2026-06-17 21:38:58,用户提现,
olAFl6zBufMTRI9-67fRQlFVSmvY,0.00,67482504276612	,用户提现,320.00,用户提现-退费单RF2026052903155482454,2026-06-17 21:38:35,用户提现,
olAFl6-_Tif2MgnLObdKQ8EWV3Vk,107.30,68772610303556	,订单退费转入,107.30,系统处理工单时转移用户余额，订单号=WS2026040119143876523,2026-06-17 21:38:34,SYS,
ojb7F2CdPRDEP3EwvjJQ9QU8fwhM,0.00,69212537027223	,用户提现,72.20,用户提现-退费单RF2026061721372245756,2026-06-17 21:37:48,用户提现,
ojb7F2CdPRDEP3EwvjJQ9QU8fwhM,72.20,69212537027223	,订单退费转入,72.20,系统处理工单时转移用户余额，订单号=WN2026061115190721984,2026-06-17 21:37:22,SYS,
olAFl60UjPoAhgUKpIT_NMqwO7FU,0.00,864665065639960	,用户提现,44.00,用户提现-退费单RF2026061721364186584,2026-06-17 21:37:18,用户提现,
olAFl60UjPoAhgUKpIT_NMqwO7FU,44.00,864665065639960	,订单退费转入,44.00,工单系统流量套餐退款 本单会员价格20.00元，不能退款 组合支付：微信退费 44.00,2026-06-17 21:36:42,SYS,
olAFl64CYq3R3Z1CUQPnGFDCxGVY,0.00,69212536001098	,用户提现,152.00,用户提现-退费单RF2026061610472377529,2026-06-17 21:35:15,用户提现,
olAFl63jtP0bloWEdCh-WwbaPznE,0.00,69142620033618	,用户提现,172.20,用户提现-退费单RF2026061710343847943,2026-06-17 21:15:48,用户提现,
olAFl6wqaABxOQS9SUzu8_LAKHo4,0.00,70032617029009	,用户提现,212.00,用户提现-退费单RF2026061720512128093,2026-06-17 21:10:39,用户提现,
olAFl6_O5tjLXhl2DC77iENBO0es,0.00,69212606157235	,用户提现,300.00,用户提现-退费单RF2026060721470757775,2026-06-17 21:03:11,用户提现,
olAFl6wqaABxOQS9SUzu8_LAKHo4,212.00,70032617029009	,订单退费转入,212.00,工单系统流量套餐退款,2026-06-17 20:51:21,SYS,
olAFl68vnYEQ-PBmySC2ntPifI8Y,0.00,68772604280338	,用户提现,65.20,用户提现-退费单RF2026061720442558875,2026-06-17 20:45:20,用户提现,
olAFl68vnYEQ-PBmySC2ntPifI8Y,65.20,68772604280338	,订单退费转入,65.20,系统处理工单时转移用户余额，订单号=WS2026020913091336589,2026-06-17 20:44:26,SYS,
olAFl6x2ixF6urvr7bG71sID20N4,79.30,67482448049846	,订单退费转入,79.30,系统处理工单时转移用户余额，订单号=WN2026050317562424199,2026-06-17 20:41:44,SYS,
olAFl63uaRBKLftOzgd99Df0QgEo,69.00,67482449101087	,订单退费转入,69.00,工单系统流量套餐退款,2026-06-17 20:41:05,SYS,
olAFl61FEUW6orBxj4L9iJHI7-KU,0.00,864665071508258	,用户提现,479.00,用户提现-退费单RF2026061621181394791,2026-06-17 20:28:00,用户提现,
olAFl6yXOOsVmnDuL2zZzGLw8_So,0.00,67492442200532	,用户提现,163.10,用户提现-退费单RF2026061707100826992,2026-06-17 20:23:27,用户提现,
olAFl67caW_1TNHbb7Ez9OJaizpY,0.00,69212612178083	,用户提现,420.00,用户提现-退费单RF2026052922113645334,2026-06-17 20:09:21,用户提现,
olAFl61Qd5gw4uXQc1mFQFXZ92WA,147.00,63272414003066	,订单退费转入,147.00,工单系统审核退费单-套餐已作废/钱包已清零,2026-06-17 20:04:51,SYS,
o4p3p67qj46GTx7I_Tw-ajRipunk,0.00,867921073625104	,用户提现,69.00,用户提现-退费单RF2026061719512613790,2026-06-17 19:52:33,用户提现,
o4p3p67qj46GTx7I_Tw-ajRipunk,69.00,867921073625104	,订单退费转入,69.00,工单系统流量套餐退款,2026-06-17 19:51:26,SYS,
olAFl6xKceR78DwOhGIy9Tv_8v-0,0.00,69142620026202	,用户提现,311.20,用户提现-退费单RF2026061615381707285,2026-06-17 19:38:54,用户提现,
ojb7F2HwzuF4mMLdsapCzzcwNjuA,0.00,	,系统扣费,99.00,用户无可退退费单，钱包清零,2026-06-17 19:26:54,SYS,
olAFl6z5wQdY8-Y6j9KWeK8VhP0I,102.00,67002509240022	,订单退费转入,102.00,工单系统流量套餐退款,2026-06-17 19:23:54,SYS,
ojb7F2OObzFNQWrAwLEjigCF1JGE,79.00,69212602144101	,订单退费转入,79.00,工单系统流量套餐退款,2026-06-17 19:01:01,SYS,
olAFl64lbEM8T_TSV1UwUrZV9V3o,0.00,67492610673733	,用户提现,29.00,用户提现-退费单RF2026061622403816012,2026-06-17 18:56:06,用户提现,
olAFl6xuA8tMmKg-CH3vt4EvQves,0.00,70032617031268	,用户提现,171.20,用户提现-退费单RF2026061612575436898,2026-06-17 18:52:45,用户提现,
olAFl6xeJ0HVHZgoIagMeYN2lgZk,8.00,67492538518059	,订单退费转入,8.00,工单系统流量套餐退款 组合支付：微信退费 8.00,2026-06-17 18:42:13,SYS,
olAFl62zex-zMwRipJcfsjxkDGlY,0.00,67512534242415	,用户提现,100.90,用户提现-退费单RF2026061718211568863,2026-06-17 18:21:37,用户提现,
olAFl62zex-zMwRipJcfsjxkDGlY,100.90,67512534242415	,订单退费转入,100.90,系统处理工单时转移用户余额，订单号=WS2026031719420738065 本单会员价格20.00元，不能退款,2026-06-17 18:21:16,SYS,
olAFl6zjbjWeg78yTwqx1vzoIQdM,0.00,70032611008824	,用户提现,166.00,用户提现-退费单RF2026061718195826121,2026-06-17 18:20:30,用户提现,
olAFl6zjbjWeg78yTwqx1vzoIQdM,166.00,70032611008824	,订单退费转入,166.00,工单系统流量套餐退款 本单会员价格20.00元，不能退款,2026-06-17 18:19:58,SYS,
olAFl61oAzSqEboZdjyA2eSkKdZo,0.00,68772528058236	,用户提现,72.90,用户提现-退费单RF2026061717235180124,2026-06-17 18:06:38,用户提现,
olAFl68VTuPJzYKBjbfNqx1aYNYI,0.00,58482339000105	,用户提现,93.80,用户提现-退费单RF2026061718020494838,2026-06-17 18:02:31,用户提现,
olAFl68VTuPJzYKBjbfNqx1aYNYI,93.80,58482339000105	,订单退费转入,93.80,系统处理工单时转移用户余额，订单号=WN2026052623103075959,2026-06-17 18:02:05,SYS,
olAFl61P_XjjymK0R8vlmaWTt9PI,0.00,68032536030819	,用户提现,373.00,用户提现-退费单RF2026061717470484188,2026-06-17 17:49:31,用户提现,
olAFl61P_XjjymK0R8vlmaWTt9PI,373.00,68032536030819	,订单退费转入,373.00,工单系统流量套餐退款 组合支付：微信退费 373.00,2026-06-17 17:47:05,SYS,
olAFl6y_EylPaAi43SxqNLaz6KWc,0.00,69212536018873	,用户提现,94.00,用户提现-退费单RF2026061621034852054,2026-06-17 17:27:57,用户提现,
olAFl61oAzSqEboZdjyA2eSkKdZo,72.90,68772528058236	,订单退费转入,72.90,系统处理工单时转移用户余额，订单号=WS2025091007134553825,2026-06-17 17:23:52,SYS,
olAFl67WiG20g1JuNTbWCQ4opI6A,0.00,58482351162425	,用户提现,89.00,用户提现-退费单RF2026061623484783244,2026-06-17 16:38:44,用户提现,
olAFl67WiG20g1JuNTbWCQ4opI6A,89.00,58482351162425	,订单退费转入,89.00,工单系统审核退费单-套餐已作废/钱包已清零,2026-06-17 16:38:11,SYS,
olAFl63pxFv6onckZu3S7R8E_okI,0.00,867061073628921	,用户提现,131.80,用户提现-退费单RF2026061715402003879,2026-06-17 15:43:13,用户提现,
olAFl63pxFv6onckZu3S7R8E_okI,131.80,867061073628921	,订单退费转入,131.80,系统处理工单时转移用户余额，订单号=WS2026031317050232436,2026-06-17 15:40:20,SYS,
olAFl6yXwU3_Erm7Y8oL-QTqObnI,0.00,69212606156325	,用户提现,112.40,用户提现-退费单RF2026050716154074,2026-06-17 15:26:30,用户提现,
olAFl60CS10Ic4s_h034Mxz6wj4I,0.00,67482610416971	,用户提现,172.20,用户提现-退费单RF2026061714545051110,2026-06-17 14:56:00,用户提现,
olAFl60CS10Ic4s_h034Mxz6wj4I,172.20,67482610416971	,订单退费转入,172.20,系统处理工单时转移用户余额，订单号=WS2026060823072974426,2026-06-17 14:54:51,SYS,
ojb7F2PKbnCdJPJ36YP_parW9X7s,260.00,67482610416448	,订单退费转入,260.00,系统处理工单时转移用户余额，订单号=WS2026060121170130219,2026-06-17 14:28:44,SYS,
olAFl69M46M6KJebzqTIUKf1DzZ8,0.00,67002509242635	,用户提现,128.10,用户提现-退费单RF2026061714090389317,2026-06-17 14:11:00,用户提现,
ojb7F2EScW_w3k19pqWbKz0iF8Us,0.00,68772612356177	,用户提现,359.00,用户提现-退费单RF2026060508261124068,2026-06-17 14:09:21,用户提现,
olAFl69M46M6KJebzqTIUKf1DzZ8,128.10,67002509242635	,订单退费转入,128.10,系统处理工单时转移用户余额，订单号=WS2025091607121092658,2026-06-17 14:09:04,SYS,
olAFl60ROWcrLRpvNkrLHvRboapw,0.00,68772602261699	,用户提现,93.40,用户提现-退费单RF2026061709330856893,2026-06-17 14:08:59,用户提现,
olAFl6-rxGlNnVjpK7XE7hi-5LzA,0.00,69212612174063	,用户提现,212.00,用户提现-退费单RF2026061713563651284,2026-06-17 13:57:14,用户提现,
olAFl6-rxGlNnVjpK7XE7hi-5LzA,212.00,69212612174063	,订单退费转入,212.00,工单系统流量套餐退款,2026-06-17 13:56:37,SYS,
ojb7F2Nk2WFGwA6w9AS5J2JV9-Lw,0.00,69212612171240	,用户提现,86.00,用户提现-退费单RF2026061713422444127,2026-06-17 13:43:15,用户提现,
ojb7F2Nk2WFGwA6w9AS5J2JV9-Lw,86.00,69212612171240	,订单退费转入,86.00,工单系统流量套餐退款 本单会员价格20.00元，不能退款,2026-06-17 13:42:24,SYS,
olAFl6y1tUkt4JEUchNcs8OsmESQ,0.00,867061073660346	,用户提现,138.00,用户提现-退费单RF2026061711355646372,2026-06-17 13:39:32,用户提现,
olAFl66Hb4t23Uz9N-jJuJhOhFnA,0.00,69212621220273	,用户提现,599.00,用户提现-退费单RF2026061712500837519,2026-06-17 12:51:24,用户提现,
olAFl65s4a-5nNDfii5nvna9eqdQ,0.00,67002535383252	,用户提现,51.60,用户提现-退费单RF2026061712444028396,2026-06-17 12:51:11,用户提现,
olAFl66Hb4t23Uz9N-jJuJhOhFnA,599.00,69212621220273	,订单退费转入,599.00,工单系统流量套餐退款,2026-06-17 12:50:08,SYS,
olAFl6yWiy_12d2p0QsWRgyvqaq4,0.00,67492609640117	,用户提现,261.00,用户提现-退费单RF2026061712474961761,2026-06-17 12:48:09,用户提现,
olAFl6yWiy_12d2p0QsWRgyvqaq4,261.00,67492609640117	,订单退费转入,261.00,系统处理工单时转移用户余额，订单号=WS2026050620420464077,2026-06-17 12:47:50,SYS,
olAFl65s4a-5nNDfii5nvna9eqdQ,51.60,67002535383252	,订单退费转入,51.60,系统处理工单时转移用户余额，订单号=WS2025101608554168526,2026-06-17 12:44:40,SYS,
olAFl65rlJvxZSCCG09vM57gURiY,2.60,67492507390029	,订单退费转入,2.60,工单系统流量套餐退款,2026-06-17 12:38:09,SYS,
olAFl6xCL-duIbHt08gB9E9JuDbU,0.00,69212612179061	,用户提现,199.00,用户提现-退费单RF2026061709274796341,2026-06-17 12:14:21,用户提现,
olAFl6yW3uKHqT45f-FVFAYRTaXw,17.90,69212536002580	,订单退费转入,17.90,系统处理工单时转移用户余额，订单号=WS2026032712272799460,2026-06-17 12:10:19,SYS,
olAFl674jCqes9i0pU9TmCk4OR3s,0.00,68772602226514	,用户提现,16.90,用户提现-退费单RF2026061711091150963,2026-06-17 12:08:33,用户提现,
olAFl61yY5WYm2m2DAiKs8fyyce0,0.00,67492538520497	,用户提现,53.40,用户提现-退费单RF2026061711552437932,2026-06-17 11:55:37,用户提现,
olAFl61yY5WYm2m2DAiKs8fyyce0,53.40,67492538520497	,订单退费转入,53.40,系统处理工单时转移用户余额，订单号=WS2025121009194322325,2026-06-17 11:55:24,SYS,
olAFl6-K0WfHfl5fWSU3P4CjNV8o,0.00,68052517042631	,用户提现,61.00,用户提现-退费单RF2026052603152494571,2026-06-17 11:40:11,用户提现,
olAFl63ZQtDcGRLJXLKBYgpCc76M,0.00,67482503246118	,用户提现,40.60,用户提现-退费单RF2026061711355447434,2026-06-17 11:36:15,用户提现,
olAFl6y1tUkt4JEUchNcs8OsmESQ,138.00,867061073660346	,订单退费转入,138.00,工单系统流量套餐退款,2026-06-17 11:35:56,SYS,
olAFl63ZQtDcGRLJXLKBYgpCc76M,40.60,67482503246118	,订单退费转入,40.60,系统处理工单时转移用户余额，订单号=WS2026012412231139318,2026-06-17 11:35:54,SYS,
olAFl692J69GCgr600n8OsXwiFHM,0.00,69212612173912	,用户提现,6.00,用户提现-退费单RF2026061709272953762,2026-06-17 11:10:19,用户提现,
olAFl674jCqes9i0pU9TmCk4OR3s,16.90,68772602226514	,订单退费转入,16.90,系统处理工单时转移用户余额，订单号=WS2026012918522562279,2026-06-17 11:09:12,SYS,
ojb7F2EDsQ5U9ng-kiWkAWD-ctg8,0.00,70032617028591	,用户提现,91.20,用户提现-退费单RF2026061711055802385,2026-06-17 11:06:25,用户提现,
ojb7F2EDsQ5U9ng-kiWkAWD-ctg8,91.20,70032617028591	,订单退费转入,91.20,系统处理工单时转移用户余额，订单号=WN2026061418574125867,2026-06-17 11:05:58,SYS,
olAFl68LQQ3HfiRz-dCM_ecxB5VM,0.00,867061073586400	,用户提现,107.30,用户提现-退费单RF2026061608033716490,2026-06-17 11:03:52,用户提现,
olAFl6zM0rHfzH9NBEWgjp12L67g,0.00,67492552540593	,用户提现,244.00,用户提现-退费单RF2026061711025197252,2026-06-17 11:03:30,用户提现,
olAFl6zM0rHfzH9NBEWgjp12L67g,244.00,67492552540593	,订单退费转入,244.00,工单系统流量套餐退款 本单会员价格20.00元，不能退款,2026-06-17 11:02:52,SYS,
olAFl63jtP0bloWEdCh-WwbaPznE,172.20,69142620033618	,订单退费转入,172.20,系统处理工单时转移用户余额，订单号=WS2026052819074398641,2026-06-17 10:34:38,SYS,
olAFl6wMPSVX2kb_UacNrExqgEEA,0.00,864665071522200	,用户提现,40.50,用户提现-退费单RF2026061710292846816,2026-06-17 10:29:54,用户提现,
olAFl6wMPSVX2kb_UacNrExqgEEA,40.50,864665071522200	,订单退费转入,40.50,系统处理工单时转移用户余额，订单号=WS2026020214062060869,2026-06-17 10:29:28,SYS,
olAFl63HBPymJv29pd2j1OzA6aY0,176.20,69212612175583	,订单退费转入,176.20,系统处理工单时转移用户余额，订单号=WS2026060219310845360,2026-06-17 10:27:05,SYS,
olAFl6-6kW1LWFbc0GeNftqfddwU,0.00,60912431166623	,用户提现,151.20,用户提现-退费单RF2026041716164366,2026-06-17 10:18:17,用户提现,
ojb7F2Glx0i3vC19hmCcRt6cnKkI,100.00,68772533076663	,订单退费转入,100.00,系统处理工单时转移用户余额，订单号=WN2026061312253456840,2026-06-17 10:10:22,SYS,
ojb7F2Glx0i3vC19hmCcRt6cnKkI,192.20,68772533076663	,订单退费转入,92.20,系统处理工单时转移用户余额，订单号=WN2026060510455441688,2026-06-17 10:10:22,SYS,
olAFl62r2KT-phJJptmYKIjpYwlw,0.00,69142523000961	,用户提现,69.00,用户提现-退费单RF2026060103151363544,2026-06-17 10:09:14,用户提现,
olAFl67IGNKmNx2KEt4Fn4BMPg-4,0.00,69212606157320	,用户提现,82.40,用户提现-退费单RF2026061307084072989,2026-06-17 09:55:03,用户提现,
olAFl67JvnGXH1AHud1N0S6IFlR0,0.00,67512534245504	,用户提现,72.20,用户提现-退费单RF2026061709473081330,2026-06-17 09:49:39,用户提现,
olAFl67JvnGXH1AHud1N0S6IFlR0,72.20,67512534245504	,订单退费转入,72.20,系统处理工单时转移用户余额，订单号=WS2026032412390657944,2026-06-17 09:47:31,SYS,
olAFl6-WZt8njUI5FUal0FALQntw,1.00,70032617033666	,订单退费转入,1.00,工单系统流量套餐退款,2026-06-17 09:34:31,SYS,
olAFl60ROWcrLRpvNkrLHvRboapw,93.40,68772602261699	,订单退费转入,93.40,系统处理工单时转移用户余额，订单号=WS2026031409150908628,2026-06-17 09:33:09,SYS,
olAFl6xCL-duIbHt08gB9E9JuDbU,199.00,69212612179061	,订单退费转入,199.00,工单系统流量套餐退款,2026-06-17 09:27:48,SYS,
olAFl6yWiy_12d2p0QsWRgyvqaq4,0.00,67492609640117	,用户提现,79.00,用户提现-退费单RF2026061707514991818,2026-06-17 09:27:45,用户提现,
olAFl692J69GCgr600n8OsXwiFHM,6.00,69212612173912	,订单退费转入,6.00,系统处理工单时转移用户余额，订单号=WN2026050316304010738,2026-06-17 09:27:30,SYS,
olAFl67RjEz_ra3SmADNLYlbBfso,0.00,67002509211078	,用户提现,48.10,用户提现-退费单RF2026052003153585,2026-06-17 09:17:00,用户提现,
olAFl66L4mO3RoTSVeM9jFPz2IhA,66.00,67482610423187	,订单退费转入,66.00,系统处理工单时转移用户余额，订单号=WS2026051909115441861,2026-06-17 08:09:54,SYS,
olAFl6yWiy_12d2p0QsWRgyvqaq4,79.00,67492609640117	,订单退费转入,79.00,工单系统流量套餐退款 组合支付：微信退费 79.00,2026-06-17 07:51:50,SYS,
olAFl6yXOOsVmnDuL2zZzGLw8_So,163.10,67492442200532	,订单退费转入,163.10,系统处理工单时转移用户余额，订单号=WS2026052520405110333,2026-06-17 07:10:08,SYS,
olAFl6wwPHWs4hvhbAL1nEylXUu0,0.00,70032611013933	,用户提现,242.40,用户提现-退费单RF2026061622051928719,2026-06-16 22:59:18,用户提现,
olAFl61dc_2BR8HCBbIYUYE4HeBk,0.00,864665063746072	,用户提现,108.40,用户提现-退费单RF2026061509545048580,2026-06-16 22:43:15,用户提现,
olAFl64lbEM8T_TSV1UwUrZV9V3o,29.00,67492610673733	,订单退费转入,29.00,工单系统流量套餐退款,2026-06-16 22:40:38,SYS,
o2uAP68tux5csXMYgLwyUqJ36YUo,0.00,80886345	,用户提现,179.00,用户提现-退费单RF2026061619421946067,2026-06-16 22:25:55,用户提现,
olAFl67yM2nAsSojTu6DVuWuEhcw,0.00,68932612068695	,用户提现,640.00,用户提现-退费单RF2026061609523298869,2026-06-16 22:14:01,用户提现,
olAFl65ObywPK1AxzzzYtlfFtzJ0,0.00,70032617034664	,用户提现,29.00,用户提现-退费单RF2026061621590453692,2026-06-16 22:11:14,用户提现,
ojb7F2EVrNbk7Jvgy7wonT58FHzE,0.00,70032617035331	,用户提现,91.20,用户提现-退费单RF2026061622071627639,2026-06-16 22:07:38,用户提现,
ojb7F2EVrNbk7Jvgy7wonT58FHzE,91.20,70032617035331	,订单退费转入,91.20,系统处理工单时转移用户余额，订单号=WN2026061419073040424,2026-06-16 22:07:16,SYS,
olAFl6wwPHWs4hvhbAL1nEylXUu0,242.40,70032611013933	,订单退费转入,242.40,系统处理工单时转移用户余额，订单号=WS2026061603332701530,2026-06-16 22:05:19,SYS,
olAFl65ObywPK1AxzzzYtlfFtzJ0,29.00,70032617034664	,订单退费转入,29.00,工单系统流量套餐退款,2026-06-16 21:59:05,SYS,
olAFl6wbJFhvApK44fEEJiF416Ks,0.00,67512525224556	,用户提现,64.20,用户提现-退费单RF2026061621572704446,2026-06-16 21:59:04,用户提现,
ojb7F2ATbcsT9yYYB1H1iBzAZmjY,0.00,70032617026962	,用户提现,420.00,用户提现-退费单RF2026061621564459122,2026-06-16 21:57:31,用户提现,
olAFl6wbJFhvApK44fEEJiF416Ks,64.20,67512525224556	,订单退费转入,64.20,系统处理工单时转移用户余额，订单号=WN2026051517565947982,2026-06-16 21:57:27,SYS,
ojb7F2ATbcsT9yYYB1H1iBzAZmjY,420.00,70032617026962	,订单退费转入,420.00,工单系统流量套餐退款,2026-06-16 21:56:45,SYS,
olAFl63S25PlPJG54sLgtGNsKmkE,0.00,67492508415360	,用户提现,369.00,用户提现-退费单RF2026061621531175745,2026-06-16 21:54:32,用户提现,
olAFl63S25PlPJG54sLgtGNsKmkE,369.00,67492508415360	,订单退费转入,369.00,工单系统流量套餐退款,2026-06-16 21:53:12,SYS,
olAFl6ypvXRBeg4Aqa1jcQHg7aDo,29.00,68772612332819	,订单退费转入,29.00,工单系统流量套餐退款,2026-06-16 21:52:07,SYS,
ojb7F2L3q8-NEvMScHD2Zjjl32Xo,0.00,69212621223349	,用户提现,162.40,用户提现-退费单RF2026061621293471065,2026-06-16 21:44:12,用户提现,
olAFl6yrYDHg5ow283WzVmjyErJ8,0.00,864665069482771	,用户提现,10.10,用户提现-退费单RF2026052603150790236,2026-06-16 21:34:41,用户提现,
ojb7F2L3q8-NEvMScHD2Zjjl32Xo,162.40,69212621223349	,订单退费转入,162.40,系统处理工单时转移用户余额，订单号=WS2026061618363999220,2026-06-16 21:29:35,SYS,
olAFl61FEUW6orBxj4L9iJHI7-KU,479.00,864665071508258	,订单退费转入,479.00,工单系统流量套餐退款 本单会员价格20.00元，不能退款,2026-06-16 21:18:14,SYS,
olAFl632tOpuF9YjvjbUECz4ZeiI,0.00,68032504006772	,用户提现,62.30,用户提现-退费单RF2026061621061333748,2026-06-16 21:15:12,用户提现,
olAFl67E3lvh_ybG4R_nWaQ8X7p8,49.00,86132414265837	,订单退费转入,49.00,工单系统流量套餐退款,2026-06-16 21:07:31,SYS,
olAFl64MhoQWkAGoHt_BdgNXiOXs,0.00,864665069123870	,用户提现,59.00,用户提现-退费单RF2026061615573915934,2026-06-16 21:06:17,用户提现,
olAFl632tOpuF9YjvjbUECz4ZeiI,62.30,68032504006772	,订单退费转入,62.30,系统处理工单时转移用户余额，订单号=WS2026021321580322126,2026-06-16 21:06:13,SYS,
olAFl6y_EylPaAi43SxqNLaz6KWc,94.00,69212536018873	,订单退费转入,94.00,工单系统流量套餐退款,2026-06-16 21:03:49,SYS,
olAFl64ry4agQhKaZ4_moi7CNNvI,0.00,58812418054244	,用户提现,55.30,用户提现-退费单RF2026052813450093093,2026-06-16 20:36:27,用户提现,
ojb7F2Jd5YY0Mvb3EPKSnCKIsK-I,0.00,67862539047758	,用户提现,399.00,用户提现-退费单RF2026052621352775788,2026-06-16 20:25:57,用户提现,
olAFl648t_-NoYV3KwOkLn6XDz9M,0.00,	,系统扣费,102.00,用户无可退退费单，钱包清零,2026-06-16 20:16:45,SYS,
olAFl6xgwrA2qM1Vl5jrXwjueuv4,0.00,68772538106671	,用户提现,36.00,用户提现-退费单RF2026061619581020878,2026-06-16 20:02:19,用户提现,
olAFl6_7vbUW68OZ3_L-IEMR4vMs,0.00,68772543146490	,用户提现,108.50,用户提现-退费单RF2026052203150388160,2026-06-16 20:01:33,用户提现,
olAFl633pHS1ZjFjeISy-Nass27Y,0.00,67492602587798	,用户提现,122.20,用户提现-退费单RF2026060303151455990,2026-06-16 19:59:04,用户提现,
olAFl6xgwrA2qM1Vl5jrXwjueuv4,36.00,68772538106671	,订单退费转入,36.00,系统处理工单时转移用户余额，订单号=WS2025112809381813461,2026-06-16 19:58:10,SYS,
olAFl644ZfQsG5qlU0MRf7Qy3n0M,199.00,67492610676475	,订单退费转入,199.00,工单系统流量套餐退款 本单会员价格20.00元，不能退款,2026-06-16 19:56:55,SYS,
olAFl64E32MpiqLhBxjDVRVCqleI,0.00,68772602258925	,用户提现,22.00,用户提现-退费单RF2026061115360395365,2026-06-16 19:53:29,用户提现,
olAFl6_t2wKS9zGv21JfhgYAoFzI,0.00,68052508000885	,用户提现,62.80,用户提现-退费单RF2026061619492619767,2026-06-16 19:50:48,用户提现,
olAFl6_t2wKS9zGv21JfhgYAoFzI,62.80,68052508000885	,订单退费转入,62.80,系统处理工单时转移用户余额，订单号=WS2026010105563151837 本单会员价格20.00元，不能退款,2026-06-16 19:49:26,SYS,
olAFl6xdLwRhxHDLBdNZ3RHf6gDE,0.00,69142529013566	,用户提现,420.00,用户提现-退费单RF2026061619414028052,2026-06-16 19:48:19,用户提现,
olAFl66wDVOyNxTL0xgRlWFqw0wc,0.00,67482503217790	,用户提现,69.00,用户提现-退费单RF2026061619443246253,2026-06-16 19:45:00,用户提现,
olAFl66wDVOyNxTL0xgRlWFqw0wc,69.00,67482503217790	,订单退费转入,69.00,工单系统流量套餐退款,2026-06-16 19:44:32,SYS,
olAFl60QPicl-UvslGf0AMCT5_D0,0.00,67512443067522	,用户提现,50.60,用户提现-退费单RF2026061619403129746,2026-06-16 19:42:54,用户提现,
o2uAP68tux5csXMYgLwyUqJ36YUo,179.00,80886345	,订单退费转入,179.00,工单系统流量套餐退款,2026-06-16 19:42:19,SYS,
olAFl6xdLwRhxHDLBdNZ3RHf6gDE,420.00,69142529013566	,订单退费转入,420.00,工单系统流量套餐退款,2026-06-16 19:41:40,SYS,
olAFl60QPicl-UvslGf0AMCT5_D0,50.60,67512443067522	,订单退费转入,50.60,系统处理工单时转移用户余额，订单号=WS2025121208583641597,2026-06-16 19:40:31,SYS,
odELQ6qL4h9NHsc53uBH8mCwrLjM,0.00,68712535008838	,用户提现,59.00,用户提现-退费单RF2026061619261643894,2026-06-16 19:31:12,用户提现,
odELQ6qL4h9NHsc53uBH8mCwrLjM,59.00,68712535008838	,订单退费转入,59.00,工单系统流量套餐退款,2026-06-16 19:26:16,SYS,
olAFl67AkfC706uVdQ1RNdVvlTXk,0.00,67492609640584	,用户提现,212.00,用户提现-退费单RF2026061618390936816,2026-06-16 18:39:38,用户提现,
olAFl67AkfC706uVdQ1RNdVvlTXk,212.00,67492609640584	,订单退费转入,212.00,工单系统流量套餐退款,2026-06-16 18:39:09,SYS,
olAFl67vSvjR3_RgZvwQb7yTspZ4,0.00,67002509219388	,用户提现,57.70,用户提现-退费单RF2026051503162092,2026-06-16 18:02:21,用户提现,
olAFl602RqmMAjD2TzC88eda9lUM,140.20,864665069944978	,订单退费转入,140.20,系统处理工单时转移用户余额，订单号=WS2026050110221877364,2026-06-16 17:38:27,SYS,
olAFl69svNr6GNuKdrN2yboR5C80,0.00,67492602589112	,用户提现,66.00,用户提现-退费单RF2026061617315252330,2026-06-16 17:32:34,用户提现,
olAFl69svNr6GNuKdrN2yboR5C80,66.00,67492602589112	,订单退费转入,66.00,系统处理工单时转移用户余额，订单号=WS2026030619573122858,2026-06-16 17:31:53,SYS,
olAFl6w_giSW9LfWwuc2ViL_Wju0,0.00,68772602262154	,用户提现,84.00,用户提现-退费单RF2026051203151896,2026-06-16 17:31:32,用户提现,
olAFl69P98NIVOHUgI9wWyi_ioNQ,0.00,86132353172395	,用户提现,33.80,用户提现-退费单RF2026061617114593866,2026-06-16 17:12:17,用户提现,
olAFl69P98NIVOHUgI9wWyi_ioNQ,33.80,86132353172395	,订单退费转入,33.80,系统处理工单时转移用户余额，订单号=WS2026010612074134080,2026-06-16 17:11:46,SYS,
olAFl6wLXk9jrD0FLQhNIisib9v4,0.00,68772543144442	,用户提现,47.30,用户提现-退费单RF2026061617014110964,2026-06-16 17:01:53,用户提现,
olAFl6wLXk9jrD0FLQhNIisib9v4,47.30,68772543144442	,订单退费转入,47.30,系统处理工单时转移用户余额，订单号=WS2026010719012171626,2026-06-16 17:01:41,SYS,
olAFl622kF5cIvr46bLb0oXTkrYM,0.00,68772610295845	,用户提现,92.50,用户提现-退费单RF2026061616540178762,2026-06-16 16:57:35,用户提现,
olAFl622kF5cIvr46bLb0oXTkrYM,92.50,68772610295845	,订单退费转入,92.50,系统处理工单时转移用户余额，订单号=WS2026032817135295472,2026-06-16 16:54:02,SYS,
olAFl6wCn7MUB4vTLZoYsfjXhzDA,0.00,68932604053963	,用户提现,571.00,用户提现-退费单RF2026061613584938685,2026-06-16 16:38:09,用户提现,
olAFl64wT3Qsh4cYjO_FO6SS97ks,0.00,68932550045046	,用户提现,108.50,用户提现-退费单RF2026061616354692888,2026-06-16 16:36:08,用户提现,
olAFl64wT3Qsh4cYjO_FO6SS97ks,108.50,68932550045046	,订单退费转入,108.50,工单系统流量套餐退款 组合支付：微信退费 108.50,2026-06-16 16:35:47,SYS,
olAFl6wJUoExkpgmAPMH8NOvCgoo,0.00,67492509447198	,用户提现,82.10,用户提现-退费单RF2026061616172022999,2026-06-16 16:18:00,用户提现,
olAFl6wJUoExkpgmAPMH8NOvCgoo,82.10,67492509447198	,订单退费转入,82.10,系统处理工单时转移用户余额，订单号=WN2026052514330274196,2026-06-16 16:17:20,SYS,
olAFl60B6yjyFrVKpOKiaj-__9x0,0.00,68772610301861	,用户提现,45.30,用户提现-退费单RF2026061616135511598,2026-06-16 16:14:24,用户提现,
olAFl60B6yjyFrVKpOKiaj-__9x0,45.30,68772610301861	,订单退费转入,45.30,系统处理工单时转移用户余额，订单号=WN2026042309340265834,2026-06-16 16:13:55,SYS,
olAFl64YorqXjdCrwYGnH-aRlK4M,0.00,67002452093920	,用户提现,54.00,用户提现-退费单RF2026061615581150575,2026-06-16 15:58:48,用户提现,
olAFl64YorqXjdCrwYGnH-aRlK4M,54.00,67002452093920	,订单退费转入,54.00,系统处理工单时转移用户余额，订单号=WS2025092911363667863,2026-06-16 15:58:12,SYS,
olAFl64MhoQWkAGoHt_BdgNXiOXs,59.00,864665069123870	,订单退费转入,59.00,工单系统流量套餐退款,2026-06-16 15:57:39,SYS,
olAFl6yFdTb0byeK4Wx1x_73PQVM,0.00,70032611013800	,用户提现,19.00,用户提现-退费单RF2026061615492681267 微信退款失败：工单系统流量套餐退款,2026-06-16 15:52:57,用户提现,
olAFl6yFdTb0byeK4Wx1x_73PQVM,19.00,70032611013800	,订单退费转入,19.00,工单系统流量套餐退款,2026-06-16 15:49:27,SYS,
olAFl6xKceR78DwOhGIy9Tv_8v-0,311.20,69142620026202	,订单退费转入,311.20,系统处理工单时转移用户余额，订单号=WS2026052410495490984,2026-06-16 15:38:17,SYS,
olAFl65Prs0oepptVDK0jIBOx008,0.00,70032611006944	,用户提现,199.00,用户提现-退费单RF2026061609001958852,2026-06-16 15:01:24,用户提现,
olAFl6y4halqKpxpQD21Q7VOyEpU,160.20,60912431166867	,订单退费转入,160.20,系统处理工单时转移用户余额，订单号=WS2026061109565502335,2026-06-16 14:44:51,SYS,
olAFl62zdaBWGIlReibb4YsMSnFQ,0.00,67482454189998	,用户提现,179.00,用户提现-退费单RF2026061613271205971,2026-06-16 14:30:56,用户提现,
olAFl6wCn7MUB4vTLZoYsfjXhzDA,571.00,68932604053963	,订单退费转入,571.00,工单系统流量套餐退款 本单会员价格20.00元，不能退款,2026-06-16 13:58:49,SYS,
olAFl6xyaMSaX83iDdpLzULRCk_Q,0.00,67512534243332	,用户提现,261.00,用户提现-退费单RF2026061611451815799,2026-06-16 13:52:48,用户提现,
olAFl626xbSTKVwg-twY73Nd8mq8,0.00,70032611012531	,用户提现,125.20,用户提现-退费单RF2026061613031683212,2026-06-16 13:29:16,用户提现,
olAFl62zdaBWGIlReibb4YsMSnFQ,179.00,67482454189998	,订单退费转入,179.00,工单系统流量套餐退款 本单会员价格20.00元，不能退款,2026-06-16 13:27:12,SYS,
olAFl63_l6xzuhTzHyRgC0nrC7tw,0.00,864665067427240	,用户提现,139.40,用户提现-退费单RF2026061613254894223,2026-06-16 13:26:27,用户提现,
olAFl63_l6xzuhTzHyRgC0nrC7tw,139.40,864665067427240	,订单退费转入,139.40,系统处理工单时转移用户余额，订单号=WS2025081520220490674,2026-06-16 13:25:49,SYS,
ojb7F2CbicRg38SCzSW1UgcguF50,199.00,69212621220331	,订单退费转入,199.00,工单系统流量套餐退款 本单会员价格20.00元，不能退款,2026-06-16 13:23:37,SYS,
olAFl626xbSTKVwg-twY73Nd8mq8,125.20,70032611012531	,订单退费转入,125.20,系统处理工单时转移用户余额，订单号=WS2026051610162844722,2026-06-16 13:03:17,SYS,
olAFl6xuA8tMmKg-CH3vt4EvQves,171.20,70032617031268	,订单退费转入,171.20,系统处理工单时转移用户余额，订单号=WS2026061612125370055,2026-06-16 12:57:54,SYS,
ojb7F2L0Rnbg7rJhlTLa2cB9OOaw,0.00,68772612333469	,用户提现,312.00,用户提现-退费单RF2026061612055952535,2026-06-16 12:35:22,用户提现,
olAFl6wF7zNQ_0ap9LckdcV-0DcM,0.00,67482504313872	,用户提现,54.60,用户提现-退费单RF2026061523383296262,2026-06-16 12:27:51,用户提现,
ojb7F2L0Rnbg7rJhlTLa2cB9OOaw,312.00,68772612333469	,订单退费转入,312.00,工单系统流量套餐退款 本单会员价格20.00元，不能退款,2026-06-16 12:06:00,SYS,
olAFl6-I6J7K4T-7uvEWuyAWZ9Q8,0.00,67002523281233	,用户提现,133.40,用户提现-退费单RF2026061518251009639,2026-06-16 11:49:09,用户提现,
olAFl6xyaMSaX83iDdpLzULRCk_Q,261.00,67512534243332	,订单退费转入,261.00,工单系统流量套餐退款,2026-06-16 11:45:18,SYS,
olAFl64CI58kSrDhXZILY7r6Ca9o,0.00,70032617029388	,用户提现,39.00,用户提现-退费单RF2026061610274681494,2026-06-16 11:30:55,用户提现,
olAFl63DhZak79BYqDpunectCD9g,0.00,70032617027446	,用户提现,172.20,用户提现-退费单RF2026061610554064616,2026-06-16 10:56:29,用户提现,
olAFl63DhZak79BYqDpunectCD9g,172.20,70032617027446	,订单退费转入,172.20,系统处理工单时转移用户余额，订单号=WS2026053016073018368,2026-06-16 10:55:41,SYS,
olAFl64CYq3R3Z1CUQPnGFDCxGVY,152.00,69212536001098	,订单退费转入,152.00,工单系统流量套餐退款 本单会员价格20.00元，不能退款,2026-06-16 10:47:24,SYS,
olAFl69Xww3ujHTgOGnVWsQnj01k,0.00,68772522033046	,用户提现,104.00,用户提现-退费单RF2026061610344269341,2026-06-16 10:42:58,用户提现,
olAFl69Xww3ujHTgOGnVWsQnj01k,104.00,68772522033046	,订单退费转入,104.00,工单系统流量套餐退款,2026-06-16 10:34:43,SYS,
ojb7F2PE0UPz2jYNWv684hKilo_U,0.00,69212621216573	,用户提现,19.00,用户提现-退费单RF2026061508072691180,2026-06-16 10:28:38,用户提现,
olAFl64CI58kSrDhXZILY7r6Ca9o,39.00,70032617029388	,订单退费转入,39.00,工单系统流量套餐退款,2026-06-16 10:27:47,SYS,
olAFl64CI58kSrDhXZILY7r6Ca9o,0.00,70032617029388	,用户提现,39.00,用户提现-退费单RF2026061610261691014,2026-06-16 10:26:31,用户提现,
olAFl64CI58kSrDhXZILY7r6Ca9o,39.00,70032617029388	,订单退费转入,39.00,工单系统流量套餐退款,2026-06-16 10:26:17,SYS,
olAFl632xG2ENRkVuxbggn9s6EV4,0.00,69142620026438	,用户提现,479.00,用户提现-退费单RF2026061516002835669,2026-06-16 09:58:22,用户提现,
olAFl67yM2nAsSojTu6DVuWuEhcw,640.00,68932612068695	,订单退费转入,640.00,工单系统流量套餐退款,2026-06-16 09:52:33,SYS,
odELQ6seLvGP-M5ENeipumrqFslw,0.00,67002451064592	,用户提现,39.90,用户提现-退费单RF2026061609451891358,2026-06-16 09:45:47,用户提现,
odELQ6seLvGP-M5ENeipumrqFslw,39.90,67002451064592	,订单退费转入,39.90,工单系统流量套餐退款,2026-06-16 09:45:19,SYS,
olAFl66ckcwxg9a18KFgnfh4HvAA,466.00,69212602145272	,订单退费转入,466.00,工单系统流量套餐退款 本单会员价格20.00元，不能退款,2026-06-16 09:37:22,SYS,
olAFl65Prs0oepptVDK0jIBOx008,199.00,70032611006944	,订单退费转入,199.00,工单系统流量套餐退款,2026-06-16 09:00:20,SYS,
olAFl62bIlqlIRsLePHgH1wLkZKM,0.00,67492603602405	,用户提现,102.00,用户提现-退费单RF2026061608493217912,2026-06-16 08:50:20,用户提现,
olAFl62bIlqlIRsLePHgH1wLkZKM,102.00,67492603602405	,订单退费转入,102.00,系统处理工单时转移用户余额，订单号=WS2026030108141459562 本单会员价格20.00元，不能退款,2026-06-16 08:49:32,SYS,
olAFl67c2gtUkeTek6iNyB2SFXJ4,144.80,68032513022882	,订单退费转入,144.80,系统处理工单时转移用户余额，订单号=WS2026012708310843852,2026-06-16 08:14:13,SYS,
olAFl68LQQ3HfiRz-dCM_ecxB5VM,107.30,867061073586400	,订单退费转入,107.30,系统处理工单时转移用户余额，订单号=WS2026032311582961421,2026-06-16 08:03:37,SYS,
ojb7F2BjUd2n3cKyJv4rY3HqQqkw,0.00,69212612183899	,用户提现,167.00,用户提现-退费单RF2026061605505906768,2026-06-16 05:51:31,用户提现,
ojb7F2BjUd2n3cKyJv4rY3HqQqkw,167.00,69212612183899	,订单退费转入,167.00,系统处理工单时转移用户余额，订单号=WS2026061010542479738,2026-06-16 05:50:59,SYS,
olAFl609H-PgM-BjoYR2iHYK_erY,0.00,864665065286721	,用户提现,111.00,用户提现-退费单RF2026061605400511187,2026-06-16 05:40:28,用户提现,
olAFl609H-PgM-BjoYR2iHYK_erY,100.00,864665065286721	,订单退费转入,100.00,系统处理工单时转移用户余额，订单号=WN2026060922154927376,2026-06-16 05:40:05,SYS,
olAFl609H-PgM-BjoYR2iHYK_erY,111.00,864665065286721	,订单退费转入,11.00,系统处理工单时转移用户余额，订单号=WS2026022622520410587,2026-06-16 05:40:05,SYS,
olAFl69760s-ud1qRRZjw-gpVCeA,0.00,68772513003194	,用户提现,6.80,用户提现-退费单RF2026061517391483980,2026-06-16 03:05:41,用户提现,
olAFl65EDpaJr-9_dAvOZ3Wn4bws,118.00,86132353169364	,订单退费转入,118.00,工单系统审核退费单-套餐已作废/钱包已清零,2026-06-16 01:12:51,SYS,
ojb7F2Ipt9BF-KEz_98SiVkVxWcQ,0.00,69212621218515	,用户提现,479.00,用户提现-退费单RF2026061600494204837,2026-06-16 00:51:02,用户提现,
ojb7F2Ipt9BF-KEz_98SiVkVxWcQ,479.00,69212621218515	,订单退费转入,479.00,工单系统流量套餐退款 本单会员价格20.00元，不能退款,2026-06-16 00:49:42,SYS,
olAFl67dkCkXIvt4AhaLJFJmmImc,0.00,864665067104377	,用户提现,84.60,用户提现-退费单RF2026061600445786888,2026-06-16 00:45:55,用户提现,
olAFl67dkCkXIvt4AhaLJFJmmImc,84.60,864665067104377	,订单退费转入,84.60,系统处理工单时转移用户余额，订单号=WS2026031011180942381,2026-06-16 00:44:58,SYS,
olAFl6xoKfKKzyM2QUhaFbvMsS64,0.00,67512445103568	,用户提现,479.00,用户提现-退费单RF2026061600420451776,2026-06-16 00:43:24,用户提现,
olAFl6xoKfKKzyM2QUhaFbvMsS64,479.00,67512445103568	,订单退费转入,479.00,工单系统流量套餐退款,2026-06-16 00:42:05,SYS,
olAFl6wF7zNQ_0ap9LckdcV-0DcM,54.60,67482504313872	,订单退费转入,54.60,系统处理工单时转移用户余额，订单号=WS2025120200024162028,2026-06-15 23:38:33,SYS,
olAFl6x4koBVwbd2W-ceKu82KMkA,0.00,67512534244916	,用户提现,114.80,用户提现-退费单RF2026061523343212826,2026-06-15 23:35:04,用户提现,
olAFl6x4koBVwbd2W-ceKu82KMkA,114.80,67512534244916	,订单退费转入,114.80,系统处理工单时转移用户余额，订单号=WS2026040207344087551,2026-06-15 23:34:32,SYS,
olAFl65YcAtwtozyJkGSl4zuFZS0,0.00,67492538504183	,用户提现,106.00,用户提现-退费单RF2026061523194113599,2026-06-15 23:20:12,用户提现,
olAFl65YcAtwtozyJkGSl4zuFZS0,106.00,67492538504183	,订单退费转入,106.00,工单系统流量套餐退款,2026-06-15 23:19:41,SYS,
olAFl61c6C5ag6mY-hCVkI_5FdQQ,0.00,69212602133054	,用户提现,92.20,用户提现-退费单RF2026052703152528911,2026-06-15 22:58:05,用户提现,
olAFl6-nUPWayDpN5pDg4qO3pXZ8,0.00,69212621224405	,用户提现,179.00,用户提现-退费单RF2026060912203369559,2026-06-15 22:42:09,用户提现,
olAFl66yZb7FHkSSCFMzke4xrHZc,0.00,864665068096960	,用户提现,49.00,用户提现-退费单RF2026060613174380731,2026-06-15 22:16:46,用户提现,
olAFl66yZb7FHkSSCFMzke4xrHZc,49.00,864665068096960	,订单退费转入,49.00,工单系统审核退费单-套餐已作废/钱包已清零,2026-06-15 22:15:33,SYS,
olAFl617pBwjxVTImt3do68QJHig,0.00,69212612179678	,用户提现,164.40,用户提现-退费单RF2026061522124417856,2026-06-15 22:13:49,用户提现,
olAFl617pBwjxVTImt3do68QJHig,164.40,69212612179678	,订单退费转入,164.40,系统处理工单时转移用户余额，订单号=WS2026052316453825378,2026-06-15 22:12:44,SYS,
olAFl68mH8SXWpUiymW0seentMbg,0.00,70032617035462	,用户提现,173.00,用户提现-退费单RF2026061210204613615,2026-06-15 22:11:42,用户提现,
olAFl68mH8SXWpUiymW0seentMbg,173.00,70032617035462	,订单退费转入,173.00,工单系统审核退费单-套餐已作废/钱包已清零,2026-06-15 22:11:18,SYS,
olAFl6-yf4MgD0X8B-LFGObhasV0,0.00,68772612327756	,用户提现,114.40,用户提现-退费单RF2026061522060649697,2026-06-15 22:11:18,用户提现,
olAFl6xrVLPc1jf6PlX6292HeGS8,0.00,68032536036380	,用户提现,44.60,用户提现-退费单RF2026061522100935267,2026-06-15 22:10:32,用户提现,
olAFl6xrVLPc1jf6PlX6292HeGS8,44.60,68032536036380	,订单退费转入,44.60,系统处理工单时转移用户余额，订单号=WS2026021514340424515,2026-06-15 22:10:09,SYS,
olAFl6-yf4MgD0X8B-LFGObhasV0,114.40,68772612327756	,订单退费转入,114.40,系统处理工单时转移用户余额，订单号=WS2026043010395116596,2026-06-15 22:06:06,SYS,
olAFl66BSqHW2WyI_nVfqpWODiTg,0.00,70032617031665	,用户提现,92.20,用户提现-退费单RF2026061521585538524,2026-06-15 22:01:34,用户提现,
olAFl66BSqHW2WyI_nVfqpWODiTg,92.20,70032617031665	,订单退费转入,92.20,系统处理工单时转移用户余额，订单号=WN2026060811531100195,2026-06-15 21:58:55,SYS,
olAFl63LFaHtN-2k7bvQGJiXOtQ4,0.00,864665063722347	,用户提现,60.90,用户提现-退费单RF2026061521502048042,2026-06-15 21:51:15,用户提现,
olAFl63LFaHtN-2k7bvQGJiXOtQ4,60.90,864665063722347	,订单退费转入,60.90,系统处理工单时转移用户余额，订单号=WS2025112709283524722,2026-06-15 21:50:20,SYS,
ojb7F2FjgwKvXvCT-lPDdbgRz0K4,0.00,70032617035382	,用户提现,164.40,用户提现-退费单RF2026061521473331547,2026-06-15 21:48:39,用户提现,
ojb7F2FjgwKvXvCT-lPDdbgRz0K4,164.40,70032617035382	,订单退费转入,164.40,系统处理工单时转移用户余额，订单号=WS2026060420473743023,2026-06-15 21:47:33,SYS,
ojb7F2AQbeCx_ES-88y8qfUpRC3U,0.00,70032617035172	,用户提现,172.20,用户提现-退费单RF2026061521241693932,2026-06-15 21:27:06,用户提现,
ojb7F2E-zs_kR2UbLlQ_riu-mFrc,0.00,70032617035616	,用户提现,151.20,用户提现-退费单RF2026061521244217362,2026-06-15 21:25:11,用户提现,
ojb7F2E-zs_kR2UbLlQ_riu-mFrc,151.20,70032617035616	,订单退费转入,151.20,系统处理工单时转移用户余额，订单号=WS2026052911372148743,2026-06-15 21:24:42,SYS,
ojb7F2AQbeCx_ES-88y8qfUpRC3U,172.20,70032617035172	,订单退费转入,172.20,系统处理工单时转移用户余额，订单号=WS2026052523030387446,2026-06-15 21:24:17,SYS,
olAFl6yAmelgVmY5uuUb84kFvtD0,152.20,70032617031845	,订单退费转入,152.20,系统处理工单时转移用户余额，订单号=WS2026060807504750873,2026-06-15 20:36:45,SYS,
odELQ6oJXoezN48l_OvFWGdQcGKg,0.00,67492445300179	,用户提现,467.00,用户提现-退费单RF2026061520333245831,2026-06-15 20:35:57,用户提现,
odELQ6oJXoezN48l_OvFWGdQcGKg,467.00,67492445300179	,订单退费转入,467.00,工单系统流量套餐退款,2026-06-15 20:33:32,SYS,
olAFl683rsm1-7bRGFbn3DIaivUM,50.60,68772539114351	,订单退费转入,50.60,系统处理工单时转移用户余额，订单号=WS2026030821301149050,2026-06-15 20:26:49,SYS,
olAFl64ZRPb2qml1nputpGXyqyIw,0.00,68772604271307	,用户提现,281.00,用户提现-退费单RF2026061520191773710,2026-06-15 20:21:46,用户提现,
olAFl64ZRPb2qml1nputpGXyqyIw,281.00,68772604271307	,订单退费转入,281.00,工单系统流量套餐退款,2026-06-15 20:19:18,SYS,
olAFl69OX12euwxKzxFfALrkMTGw,0.00,69212544103660	,用户提现,94.00,用户提现-退费单RF2026061519530954764,2026-06-15 19:55:37,用户提现,
olAFl69OX12euwxKzxFfALrkMTGw,94.00,69212544103660	,订单退费转入,94.00,工单系统流量套餐退款,2026-06-15 19:53:10,SYS,
olAFl63oBmETpyJIuRHV-KPqro8A,0.00,68772547169325	,用户提现,71.50,用户提现-退费单RF2026061519234518127,2026-06-15 19:38:37,用户提现,
olAFl63oBmETpyJIuRHV-KPqro8A,71.50,68772547169325	,订单退费转入,71.50,系统处理工单时转移用户余额，订单号=WS2026032016163003469,2026-06-15 19:23:45,SYS,
olAFl662f5mfSozSXJYYdYvcMuRQ,0.00,67512515165570	,用户提现,36.30,用户提现-退费单RF2026050603152437 微信退款失败：超期订单不允许退款,2026-06-15 19:12:06,用户提现,
olAFl61Ntmqb-wgo3NfUUzem5jUQ,66.00,68772602226871	,订单退费转入,66.00,系统处理工单时转移用户余额，订单号=WS2026013112013572229,2026-06-15 18:48:57,SYS,
olAFl6-I6J7K4T-7uvEWuyAWZ9Q8,133.40,67002523281233	,订单退费转入,133.40,系统处理工单时转移用户余额，订单号=WS2025082121052861573,2026-06-15 18:25:10,SYS,
ojb7F2AU2HBpFuBpdbViutkQCUw4,0.00,69142620024974	,用户提现,120.00,用户提现-退费单RF2026061515275691783,2026-06-15 17:56:16,用户提现,
odELQ6o1tOroaZbaFwhEgRluHM94,0.00,67002451062835	,用户提现,48.00,用户提现-退费单RF2026060517454095282,2026-06-15 17:54:27,用户提现,
odELQ6o1tOroaZbaFwhEgRluHM94,48.00,67002451062835	,订单退费转入,48.00,工单系统审核退费单-套餐已作废/钱包已清零,2026-06-15 17:53:53,SYS,
olAFl65iRNQXauglRqzbQ-7bCfIs,0.00,67512523190942	,用户提现,169.00,用户提现-退费单RF2026061517475630074,2026-06-15 17:50:38,用户提现,
olAFl65iRNQXauglRqzbQ-7bCfIs,169.00,67512523190942	,订单退费转入,169.00,工单系统流量套餐退款 本单会员价格20.00元，不能退款,2026-06-15 17:47:56,SYS,
olAFl69760s-ud1qRRZjw-gpVCeA,6.80,68772513003194	,订单退费转入,6.80,系统处理工单时转移用户余额，订单号=WS2025110712441914582,2026-06-15 17:39:15,SYS,
olAFl6xq7N64loieyAQ_HrsvmMao,0.00,70032611008806	,用户提现,109.00,用户提现-退费单RF2026061411581681349,2026-06-15 17:20:16,用户提现,
olAFl6-Dp2_2ya1TPCgK5gU7krMk,0.00,68772612321126	,用户提现,67.30,用户提现-退费单RF2026061517164352528,2026-06-15 17:17:14,用户提现,
olAFl66Rdjt5paPmim7DlQDRAXvY,0.00,69212612180241	,用户提现,34.00,用户提现-退费单RF2026061517062339172,2026-06-15 17:17:12,用户提现,
olAFl6-Dp2_2ya1TPCgK5gU7krMk,67.30,68772612321126	,订单退费转入,67.30,系统处理工单时转移用户余额，订单号=WS2026041906533302767,2026-06-15 17:16:44,SYS,
ojb7F2JYwNKmc-PYR7_EOSxiFy_c,0.00,68032536031195	,用户提现,479.00,用户提现-退费单RF2026061316250174764,2026-06-15 17:09:36,用户提现,
olAFl643oUEbnvNdGyxJ3fxFY2CU,0.00,67512525221618	,用户提现,479.00,用户提现-退费单RF2026061516490327892,2026-06-15 17:08:31,用户提现,
olAFl66Rdjt5paPmim7DlQDRAXvY,34.00,69212612180241	,订单退费转入,34.00,系统处理工单时转移用户余额，订单号=WS2026051619434406450,2026-06-15 17:06:23,SYS,
olAFl643oUEbnvNdGyxJ3fxFY2CU,479.00,67512525221618	,订单退费转入,479.00,工单系统流量套餐退款 本单会员价格20.00元，不能退款,2026-06-15 16:49:03,SYS,
olAFl6_gArz9mzQodnoYMr4-MTwU,0.00,864665069372907	,用户提现,140.80,用户提现-退费单RF2026061516272808695,2026-06-15 16:28:16,用户提现,
olAFl6_gArz9mzQodnoYMr4-MTwU,140.80,864665069372907	,订单退费转入,140.80,系统处理工单时转移用户余额，订单号=WS2026031117402580455,2026-06-15 16:27:28,SYS,
olAFl632xG2ENRkVuxbggn9s6EV4,479.00,69142620026438	,订单退费转入,479.00,工单系统流量套餐退款 本单会员价格20.00元，不能退款,2026-06-15 16:00:28,SYS,
olAFl69-Ckqu9oN-9zsx6hSDXRDU,0.00,68772612323261	,用户提现,77.00,用户提现-退费单RF2026061515390429527,2026-06-15 15:48:02,用户提现,
ojb7F2IiVkeBfCALzMpWNYUEjOVI,0.00,69142620033543	,用户提现,173.00,用户提现-退费单RF2026060122262224667,2026-06-15 15:46:34,用户提现,
ojb7F2IiVkeBfCALzMpWNYUEjOVI,173.00,69142620033543	,订单退费转入,173.00,工单系统审核退费单-套餐已作废/钱包已清零,2026-06-15 15:45:53,SYS,
olAFl69-Ckqu9oN-9zsx6hSDXRDU,77.00,68772612323261	,订单退费转入,77.00,工单系统流量套餐退款,2026-06-15 15:39:04,SYS,
olAFl6_kJmcGBbG7av3udxEH--7Q,0.00,67492603605983	,用户提现,66.80,用户提现-退费单RF2026060216091824188,2026-06-15 15:32:39,用户提现,
ojb7F2AU2HBpFuBpdbViutkQCUw4,120.00,69142620024974	,订单退费转入,120.00,工单系统流量套餐退款,2026-06-15 15:27:57,SYS,
olAFl6yGQT-nZiON91EA996v4FHE,0.00,69212612169981	,用户提现,180.00,用户提现-退费单RF2026061515162082965,2026-06-15 15:17:39,用户提现,
olAFl6yGQT-nZiON91EA996v4FHE,180.00,69212612169981	,订单退费转入,180.00,系统处理工单时转移用户余额，订单号=WS2026061013102240918,2026-06-15 15:16:21,SYS,
olAFl64CaZs5oBUHxLU_JjJpxN-k,0.00,67492509460615	,用户提现,102.00,用户提现-退费单RF2026061210034304894,2026-06-15 14:58:56,用户提现,
olAFl64ucSNTuENmVr0d9Pgg4WOo,0.00,70032617033879	,用户提现,179.00,用户提现-退费单RF2026061514532277076 微信退款失败：工单系统流量套餐退款,2026-06-15 14:55:24,用户提现,
olAFl64ucSNTuENmVr0d9Pgg4WOo,179.00,70032617033879	,订单退费转入,179.00,工单系统流量套餐退款,2026-06-15 14:53:23,SYS,
olAFl68k3reF_m7lVn10MLwLzsgI,0.00,70032611015591	,用户提现,109.00,用户提现-退费单RF2026061514304363945,2026-06-15 14:50:19,用户提现,
olAFl69hdJqP-1hYPur7XPUdiSN8,0.00,67512525194901	,用户提现,54.00,用户提现-退费单RF2026061514423833111,2026-06-15 14:43:47,用户提现,
olAFl69hdJqP-1hYPur7XPUdiSN8,54.00,67512525194901	,订单退费转入,54.00,系统处理工单时转移用户余额，订单号=WS2025091409174656514,2026-06-15 14:42:38,SYS,
ojb7F2MDJGSiheRvPWj-iOLI3p3Y,0.00,68772621358555	,用户提现,92.20,用户提现-退费单RF2026061514344925578,2026-06-15 14:41:20,用户提现,
ojb7F2MDJGSiheRvPWj-iOLI3p3Y,92.20,68772621358555	,订单退费转入,92.20,系统处理工单时转移用户余额，订单号=WN2026061008520618824,2026-06-15 14:34:49,SYS,
olAFl68k3reF_m7lVn10MLwLzsgI,109.00,70032611015591	,订单退费转入,109.00,工单系统流量套餐退款 本单会员价格20.00元，不能退款,2026-06-15 14:30:44,SYS,
olAFl641XVga3dIi6Ud32OFBGYJc,0.00,70032617034484	,用户提现,16.00,用户提现-退费单RF2026061508274087050,2026-06-15 14:29:16,用户提现,
ojb7F2GLyb0dkcYfsZLMbX86q9Rk,0.00,69212612179201	,用户提现,116.00,用户提现-退费单RF2026061322522652743,2026-06-15 14:04:28,用户提现,
olAFl6z2gVognYozem7VSfxzJjfw,144.20,864665066186722	,订单退费转入,144.20,系统处理工单时转移用户余额，订单号=WS2026050509515118074,2026-06-15 13:48:10,SYS,
o2uAP6-hteovrHtlMDj96TElxhzM,0.00,8079949	,用户提现,199.00,用户提现-退费单RF2026061513350391864,2026-06-15 13:38:43,用户提现,
o2uAP6-hteovrHtlMDj96TElxhzM,199.00,8079949	,订单退费转入,199.00,工单系统流量套餐退款,2026-06-15 13:35:04,SYS,
olAFl6xePA_MbC3hWwHRKKaE-Roc,0.00,67482610424614	,用户提现,23.30,用户提现-退费单RF2026061513080828576,2026-06-15 13:18:36,用户提现,
olAFl6xePA_MbC3hWwHRKKaE-Roc,23.30,67482610424614	,订单退费转入,23.30,系统处理工单时转移用户余额，订单号=WS2026041911391977221 本单会员价格20.00元，不能退款,2026-06-15 13:08:08,SYS,
olAFl65kN5FY0z6q-NHsmWTNfCVc,0.00,70032611007671	,用户提现,320.00,用户提现-退费单RF2026061414580458912,2026-06-15 13:05:33,用户提现,
olAFl679Ho-htShbutOMVeVOnA0Y,0.00,70032617029855	,用户提现,116.00,用户提现-退费单RF2026061511400605128,2026-06-15 12:19:29,用户提现,
olAFl64OdJhqbNWVlr96zo0MAKuo,0.00,67492445316557	,用户提现,103.50,用户提现-退费单RF2026061512170566792,2026-06-15 12:17:43,用户提现,
olAFl64OdJhqbNWVlr96zo0MAKuo,103.50,67492445316557	,订单退费转入,103.50,系统处理工单时转移用户余额，订单号=WS2026040319451864628,2026-06-15 12:17:06,SYS,
olAFl61YZ3pf2MZ0JCgwegd888I8,0.00,69212544100556	,用户提现,431.00,用户提现-退费单RF2026061508330897837,2026-06-15 12:00:59,用户提现,
olAFl6xqya8Na-QEeDjg6i9xwgKg,0.00,68772538096256	,用户提现,113.20,用户提现-退费单RF2026061512002901842,2026-06-15 12:00:42,用户提现,
olAFl6xqya8Na-QEeDjg6i9xwgKg,113.20,68772538096256	,订单退费转入,113.20,系统处理工单时转移用户余额，订单号=WS2026010313274133061,2026-06-15 12:00:29,SYS,
odELQ6t-ggkt6m9iayC32RmnoXxM,0.00,68712535007965	,用户提现,60.60,用户提现-退费单RF2026052503152070784,2026-06-15 11:49:41,用户提现,
olAFl6-LTJT80ipLncPaZXf36f10,0.00,69142620026452	,用户提现,171.20,用户提现-退费单RF2026061511404651218,2026-06-15 11:45:55,用户提现,
olAFl6-Oer7TVgjaFzoZpQjEX1qo,0.00,68772543133291	,用户提现,294.00,用户提现-退费单RF2026061511371614861,2026-06-15 11:42:13,用户提现,
olAFl66fWM-gSzNXrQ_aDc0HbvTs,0.00,69212612187469	,用户提现,472.00,用户提现-退费单RF2026052203150595291,2026-06-15 11:41:29,用户提现,
olAFl6-LTJT80ipLncPaZXf36f10,171.20,69142620026452	,订单退费转入,171.20,系统处理工单时转移用户余额，订单号=WS2026052408461724655,2026-06-15 11:40:47,SYS,
olAFl679Ho-htShbutOMVeVOnA0Y,116.00,70032617029855	,订单退费转入,116.00,工单系统流量套餐退款 本单会员价格20.00元，不能退款,2026-06-15 11:40:06,SYS,
olAFl6zh3HcSr63BiJymqNjXqyAc,0.00,60912421091410	,用户提现,94.00,用户提现-退费单RF2026061511373626417,2026-06-15 11:39:16,用户提现,
olAFl6zh3HcSr63BiJymqNjXqyAc,94.00,60912421091410	,订单退费转入,94.00,系统处理工单时转移用户余额，订单号=WN2026052717584104280,2026-06-15 11:37:36,SYS,
olAFl6-Oer7TVgjaFzoZpQjEX1qo,294.00,68772543133291	,订单退费转入,294.00,工单系统流量套餐退款 本单会员价格20.00元，不能退款,2026-06-15 11:37:16,SYS,
odELQ6qV_pRrEf__uh4X80ZuUUwI,0.00,69302604000423	,用户提现,59.00,用户提现-退费单RF2026061511183672541,2026-06-15 11:23:37,用户提现,
odELQ6qV_pRrEf__uh4X80ZuUUwI,59.00,69302604000423	,订单退费转入,59.00,工单系统流量套餐退款 本单会员价格20.00元，不能退款,2026-06-15 11:18:37,SYS,
olAFl68HMEiXiTCZJKgqBFuNJ4Ls,0.00,60992437004767	,用户提现,103.40,用户提现-退费单RF2026051103155123,2026-06-15 10:41:47,用户提现,
olAFl66RZMszTP2xgF95YIdQHkX8,0.00,67512525198301	,用户提现,91.00,用户提现-退费单RF2026051203150650,2026-06-15 10:41:08,用户提现,
olAFl67AL0vAnotGbJUo09FwOsCY,0.00,68932604052502	,用户提现,699.00,用户提现-退费单RF2026061510382044739,2026-06-15 10:40:56,用户提现,
olAFl67AL0vAnotGbJUo09FwOsCY,699.00,68932604052502	,订单退费转入,699.00,工单系统流量套餐退款,2026-06-15 10:38:20,SYS,
ojb7F2FKUgFtsNYVjhp9Dw_YbuYg,0.00,70032611013813	,用户提现,100.00,用户提现-退费单RF2026061510260903311,2026-06-15 10:28:29,用户提现,
ojb7F2FKUgFtsNYVjhp9Dw_YbuYg,100.00,70032611013813	,订单退费转入,100.00,系统处理工单时转移用户余额，订单号=WN2026061421441314120,2026-06-15 10:26:09,SYS,
olAFl6yJB28Ka1bjlq6u28B-VZAg,0.00,67492535499798	,用户提现,29.00,用户提现-退费单RF2026061510231025652,2026-06-15 10:24:01,用户提现,
olAFl6yJB28Ka1bjlq6u28B-VZAg,29.00,67492535499798	,订单退费转入,29.00,工单系统流量套餐退款,2026-06-15 10:23:10,SYS,
olAFl61dc_2BR8HCBbIYUYE4HeBk,108.40,864665063746072	,订单退费转入,108.40,系统处理工单时转移用户余额，订单号=WS2026042702555026225,2026-06-15 09:54:50,SYS,
olAFl6yl7fPB8da_xvoBJUYpKwb0,0.00,69212606153810	,用户提现,50.00,用户提现-退费单RF2026061219130223095,2026-06-15 09:50:23,用户提现,
olAFl6yl7fPB8da_xvoBJUYpKwb0,50.00,69212606153810	,订单退费转入,50.00,工单系统审核退费单-套餐已作废/钱包已清零,2026-06-15 09:49:07,SYS,
ojb7F2Cf5KvtM6-qEwN-yZaNgexk,0.00,67482610414729	,用户提现,69.00,用户提现-退费单RF2026061320101442211,2026-06-15 09:44:06,用户提现,
olAFl6-6vBAXcuVzhgX_odG4Jm0I,0.00,69212621224388	,用户提现,79.00,用户提现-退费单RF2026061509381022465,2026-06-15 09:39:47,用户提现,
olAFl6-6vBAXcuVzhgX_odG4Jm0I,79.00,69212621224388	,订单退费转入,79.00,工单系统流量套餐退款,2026-06-15 09:38:10,SYS,
olAFl6zhWgqWJ2XBTKIEBdJxL3RQ,0.00,68772602260280	,用户提现,58.00,用户提现-退费单RF2026061419582652049,2026-06-15 09:30:36,用户提现,
olAFl6_-3dw4uZBZqJKgmhk5wnZs,0.00,68772520019777	,用户提现,113.30,用户提现-退费单RF2026061508440314726,2026-06-15 08:45:20,用户提现,
olAFl6_-3dw4uZBZqJKgmhk5wnZs,113.30,68772520019777	,订单退费转入,113.30,系统处理工单时转移用户余额，订单号=WS2025112309011698026,2026-06-15 08:44:03,SYS,
olAFl61YZ3pf2MZ0JCgwegd888I8,431.00,69212544100556	,订单退费转入,431.00,工单系统流量套餐退款,2026-06-15 08:33:09,SYS,
olAFl641XVga3dIi6Ud32OFBGYJc,16.00,70032617034484	,订单退费转入,16.00,工单系统流量套餐退款 组合支付：微信退费 16.00,2026-06-15 08:27:41,SYS,
ojb7F2PE0UPz2jYNWv684hKilo_U,19.00,69212621216573	,订单退费转入,19.00,工单系统流量套餐退款,2026-06-15 08:07:27,SYS,
olAFl62jXgsUS8wDNKcynv-a7Rrg,0.00,67482512367873	,用户提现,140.10,用户提现-退费单RF2026061508061109729,2026-06-15 08:06:37,用户提现,
olAFl62jXgsUS8wDNKcynv-a7Rrg,140.10,67482512367873	,订单退费转入,140.10,系统处理工单时转移用户余额，订单号=WS2026051813094590753,2026-06-15 08:06:11,SYS,
olAFl60-fbWa4rJzUfu9Yv_Cg9s0,172.20,67492609648079	,订单退费转入,172.20,系统处理工单时转移用户余额，订单号=WS2026052518162523785,2026-06-15 07:20:19,SYS,
olAFl6zZcXjuOZJAP_sxq7rLtQ4A,0.00,67512443065237	,用户提现,33.70,用户提现-退费单RF2026061502062508515,2026-06-15 02:08:14,用户提现,
olAFl6zZcXjuOZJAP_sxq7rLtQ4A,33.70,67512443065237	,订单退费转入,33.70,系统处理工单时转移用户余额，订单号=WN2025102522502759020,2026-06-15 02:06:25,SYS,
olAFl6_JzxzCxFIrx33mji9eECz8,0.00,68932546038469	,用户提现,440.00,用户提现-退费单RF2026061501314561519,2026-06-15 01:32:25,用户提现,
olAFl6_JzxzCxFIrx33mji9eECz8,440.00,68932546038469	,订单退费转入,440.00,工单系统流量套餐退款,2026-06-15 01:31:46,SYS,
olAFl69lZLoZbFuBFW1szAxxbicg,0.00,68772612319091	,用户提现,39.90,用户提现-退费单RF2026061501031212410,2026-06-15 01:04:33,用户提现,
olAFl69lZLoZbFuBFW1szAxxbicg,39.90,68772612319091	,订单退费转入,39.90,工单系统流量套餐退款,2026-06-15 01:03:12,SYS,
olAFl641LjFru85qVWRk0QPLUkj4,0.00,67482503214258	,用户提现,72.90,用户提现-退费单RF2026061423433752330,2026-06-14 23:45:31,用户提现,
olAFl641LjFru85qVWRk0QPLUkj4,72.90,67482503214258	,订单退费转入,72.90,系统处理工单时转移用户余额，订单号=WS2026030222352725465,2026-06-14 23:43:38,SYS,
olAFl64otHI6qfMtUurh5eiABLOc,0.00,68772543148815	,用户提现,10.60,用户提现-退费单RF2026061423185858151,2026-06-14 23:26:06,用户提现,
olAFl64otHI6qfMtUurh5eiABLOc,10.60,68772543148815	,订单退费转入,10.60,系统处理工单时转移用户余额，订单号=WS2025122921510143794,2026-06-14 23:18:59,SYS,
olAFl6_7ueg0WKbVd9nypscMUhDU,0.00,70032617033717	,用户提现,138.00,用户提现-退费单RF2026061422525709549,2026-06-14 22:55:34,用户提现,
olAFl6_7ueg0WKbVd9nypscMUhDU,138.00,70032617033717	,订单退费转入,138.00,工单系统流量套餐退款 本单会员价格20.00元，不能退款,2026-06-14 22:52:57,SYS,
olAFl670_M20xDmyZ2302pspZeas,0.00,68772612324386	,用户提现,122.00,用户提现-退费单RF2026061222044634995,2026-06-14 22:16:43,用户提现,
olAFl67WiH0kda4UnTJSFTtrWfuw,0.00,67512440004004	,用户提现,34.00,用户提现-退费单RF2026061421573588075,2026-06-14 22:05:57,用户提现,
ojb7F2C9ZImdC-0_GTUBl4UNjIvc,0.00,70032617032975	,用户提现,106.00,用户提现-退费单RF2026061422020259933,2026-06-14 22:02:26,用户提现,
ojb7F2C9ZImdC-0_GTUBl4UNjIvc,106.00,70032617032975	,订单退费转入,106.00,工单系统流量套餐退款,2026-06-14 22:02:03,SYS,
olAFl67WiH0kda4UnTJSFTtrWfuw,34.00,67512440004004	,订单退费转入,34.00,系统处理工单时转移用户余额，订单号=WS2025121915190089110,2026-06-14 21:57:36,SYS,
olAFl6z3FFwGyvGGi1iOIQA6Ujqc,0.00,67492609651614	,用户提现,251.00,用户提现-退费单RF2026061420202779396,2026-06-14 21:33:10,用户提现,
olAFl661PZsp1z2wyorVRuvrHbEc,0.00,68772602250920	,用户提现,124.80,用户提现-退费单RF2026052903155680059,2026-06-14 21:32:48,用户提现,
olAFl6-2dRVMd7Qwq7DhY4La2Ta8,79.00,68932546039511	,订单退费转入,79.00,工单系统流量套餐退款,2026-06-14 21:29:35,SYS,
olAFl6_18tkmzsueXrtH4v-m_H5A,0.00,69212621218131	,用户提现,179.00,用户提现-退费单RF2026061420382719468,2026-06-14 21:29:09,用户提现,
olAFl60eu_N6GfLHMkcdrdZHeNqs,0.00,69142620028569	,用户提现,23.20,用户提现-退费单RF2026061420445979440,2026-06-14 21:27:59,用户提现,
olAFl60jp_A1SRd-THxb1iIKdAhk,0.00,67002523291030	,用户提现,5.20,用户提现-退费单RF2026052903155223681,2026-06-14 21:23:46,用户提现,
olAFl60jp_A1SRd-THxb1iIKdAhk,5.20,67002523291030	,用户提现,160.00,用户提现-退费单RF2026052903155224049,2026-06-14 21:23:45,用户提现,
olAFl615t94dUY1AHmYdoMICFJfk,0.00,864665069475544	,用户提现,179.00,用户提现-退费单RF2026061420041063769,2026-06-14 21:11:45,用户提现,
olAFl69UJAHJYWA05x0LbENJsaIo,0.00,69212536000167	,用户提现,105.30,用户提现-退费单RF2026050403153211,2026-06-14 20:48:14,用户提现,
olAFl60eu_N6GfLHMkcdrdZHeNqs,23.20,69142620028569	,订单退费转入,23.20,系统处理工单时转移用户余额，订单号=WN2026060909060160024,2026-06-14 20:45:00,SYS,
olAFl6_18tkmzsueXrtH4v-m_H5A,179.00,69212621218131	,订单退费转入,179.00,工单系统流量套餐退款,2026-06-14 20:38:27,SYS,
olAFl6zC2weRRYVIl_jjZyz6JpcU,0.00,69212612179726	,用户提现,34.00,用户提现-退费单RF2026061416595062555,2026-06-14 20:37:47,用户提现,
ojb7F2Kp0bbc0fXOSal7Ogqnd5hk,0.00,70032611011931	,用户提现,6.00,用户提现-退费单RF2026061419002083726,2026-06-14 20:35:51,用户提现,
ojb7F2N0De3oM9VBB6yU90vVSxes,0.00,68772610300295	,用户提现,46.00,用户提现-退费单RF2026061420313773394,2026-06-14 20:32:57,用户提现,
ojb7F2N0De3oM9VBB6yU90vVSxes,46.00,68772610300295	,订单退费转入,46.00,工单系统流量套餐退款 本单会员价格20.00元，不能退款,2026-06-14 20:31:38,SYS,
olAFl6wgGKA03h0XrimuWtRlFFdQ,0.00,67482610417460	,用户提现,292.00,用户提现-退费单RF2026061420234221797,2026-06-14 20:25:08,用户提现,
olAFl6wgGKA03h0XrimuWtRlFFdQ,292.00,67482610417460	,订单退费转入,292.00,工单系统流量套餐退款 本单会员价格20.00元，不能退款,2026-06-14 20:23:42,SYS,
olAFl64dEXRG_rkvcNEB8dUnRV0c,0.00,69142620026472	,用户提现,10.00,用户提现-退费单RF2026061420192005324,2026-06-14 20:20:29,用户提现,
olAFl6z3FFwGyvGGi1iOIQA6Ujqc,251.00,67492609651614	,订单退费转入,251.00,工单系统流量套餐退款 本单会员价格20.00元，不能退款,2026-06-14 20:20:28,SYS,
olAFl64dEXRG_rkvcNEB8dUnRV0c,10.00,69142620026472	,订单退费转入,10.00,工单系统流量套餐退款,2026-06-14 20:19:20,SYS,
o2uAP67xDlpHP5Fm0txxbNbNG6wc,0.00,86338479	,用户提现,120.00,用户提现-退费单RF2026061419541891074,2026-06-14 20:14:47,用户提现,
olAFl6yflmviYhheVDRaSVUOHiuw,0.00,69212537028374	,用户提现,19.00,用户提现-退费单RF2026061420071552496,2026-06-14 20:07:29,用户提现,
olAFl6yflmviYhheVDRaSVUOHiuw,19.00,69212537028374	,订单退费转入,19.00,工单系统流量套餐退款,2026-06-14 20:07:16,SYS,
olAFl615t94dUY1AHmYdoMICFJfk,179.00,864665069475544	,订单退费转入,179.00,工单系统流量套餐退款,2026-06-14 20:04:11,SYS,
olAFl6zhWgqWJ2XBTKIEBdJxL3RQ,58.00,68772602260280	,订单退费转入,58.00,工单系统流量套餐退款 本单会员价格20.00元，不能退款,2026-06-14 19:58:27,SYS,
o2uAP67xDlpHP5Fm0txxbNbNG6wc,120.00,86338479	,订单退费转入,120.00,工单系统流量套餐退款,2026-06-14 19:54:19,SYS,
olAFl6_z6faQXYidykaGk0tFLWw8,0.00,68772550199798	,用户提现,169.00,用户提现-退费单RF2026061419473829753,2026-06-14 19:48:05,用户提现,
olAFl6_z6faQXYidykaGk0tFLWw8,169.00,68772550199798	,订单退费转入,169.00,工单系统流量套餐退款 本单会员价格20.00元，不能退款,2026-06-14 19:47:38,SYS,
olAFl6_30uVBF7kvVioaYfmeBsa8,0.00,67492609653126	,用户提现,77.00,用户提现-退费单RF2026061419185684635,2026-06-14 19:28:25,用户提现,
olAFl6-p8wipQ8gXph7MsZH4WPrM,0.00,67482454179877	,用户提现,155.10,用户提现-退费单RF2026050103154235,2026-06-14 19:21:01,用户提现,
olAFl6_30uVBF7kvVioaYfmeBsa8,77.00,67492609653126	,订单退费转入,77.00,工单系统流量套餐退款,2026-06-14 19:18:57,SYS,
ojb7F2IQ5nR5aDNE8ZwLLA98J9-s,251.20,68772528053762	,订单退费转入,251.20,系统处理工单时转移用户余额，订单号=WS2026060919305838122,2026-06-14 19:17:01,SYS,
olAFl63iKIe5qOrbE6cSVtc9bppI,0.00,69142529011217	,用户提现,120.10,用户提现-退费单RF2026061418565759985,2026-06-14 19:01:58,用户提现,
ojb7F2Kp0bbc0fXOSal7Ogqnd5hk,6.00,70032611011931	,订单退费转入,6.00,系统处理工单时转移用户余额，订单号=WN2026061418321132253,2026-06-14 19:00:21,SYS,
olAFl63iKIe5qOrbE6cSVtc9bppI,120.10,69142529011217	,订单退费转入,120.10,系统处理工单时转移用户余额，订单号=WS2025113020100895923,2026-06-14 18:56:58,SYS,
olAFl6-Zrg7TF4eg9rgm7H7voQSU,0.00,67002453139823	,用户提现,111.20,用户提现-退费单RF2026061418483831269,2026-06-14 18:49:02,用户提现,
olAFl6-Zrg7TF4eg9rgm7H7voQSU,111.20,67002453139823	,订单退费转入,111.20,系统处理工单时转移用户余额，订单号=WS2026011412480654854,2026-06-14 18:48:38,SYS,
ojb7F2COEy4ix87iejODB8oPA0HA,0.00,70032617031381	,用户提现,171.20,用户提现-退费单RF2026061409194539858,2026-06-14 18:39:09,用户提现,
olAFl62OS4VJ93qItOsNVM9IZv58,0.00,68772612328678	,用户提现,29.00,用户提现-退费单RF2026061409051940420,2026-06-14 18:25:41,用户提现,
olAFl67XygsvmH9ZRhoVs9t6JrnU,171.20,69212612176234	,订单退费转入,171.20,系统处理工单时转移用户余额，订单号=WS2026060419225343927,2026-06-14 18:10:27,SYS,
olAFl69QVRhW83p1TXfjOQaUbYhQ,0.00,67512525195086	,用户提现,142.10,用户提现-退费单RF2026061418034440272,2026-06-14 18:04:34,用户提现,
olAFl69QVRhW83p1TXfjOQaUbYhQ,142.10,67512525195086	,订单退费转入,142.10,系统处理工单时转移用户余额，订单号=WS2026022322003221244,2026-06-14 18:03:44,SYS,
olAFl6xqpQgh5VwpgwInhwCrcF_I,0.00,69212621216236	,用户提现,369.00,用户提现-退费单RF2026061414562451271,2026-06-14 17:53:22,用户提现,
olAFl66alylZ4vtAhPBWlsaaLsLs,0.00,68772550201869	,用户提现,69.00,用户提现-退费单RF2026061417413258273,2026-06-14 17:42:53,用户提现,
olAFl66alylZ4vtAhPBWlsaaLsLs,69.00,68772550201869	,订单退费转入,69.00,工单系统流量套餐退款,2026-06-14 17:41:33,SYS,
olAFl65hoYTKzej9KB0I40nWtqsg,0.00,67482454188448	,用户提现,479.00,用户提现-退费单RF2026061417370929725,2026-06-14 17:37:40,用户提现,
olAFl65hoYTKzej9KB0I40nWtqsg,479.00,67482454188448	,订单退费转入,479.00,工单系统流量套餐退款 本单会员价格20.00元，不能退款,2026-06-14 17:37:09,SYS,
olAFl621mGHFYD2DcEYiOwKthAWI,0.00,67492602581638	,用户提现,58.00,用户提现-退费单RF2026061417315763846,2026-06-14 17:33:18,用户提现,
olAFl621mGHFYD2DcEYiOwKthAWI,58.00,67492602581638	,订单退费转入,58.00,系统处理工单时转移用户余额，订单号=WS2026030711434394018,2026-06-14 17:31:58,SYS,
olAFl6zC2weRRYVIl_jjZyz6JpcU,34.00,69212612179726	,订单退费转入,34.00,工单系统流量套餐退款,2026-06-14 16:59:51,SYS,
ojb7F2Hn20zV7dnjhS3bjTO2hefc,0.00,70032617028061	,用户提现,92.20,用户提现-退费单RF2026061416575231684,2026-06-14 16:58:46,用户提现,
ojb7F2Hn20zV7dnjhS3bjTO2hefc,92.20,70032617028061	,订单退费转入,92.20,系统处理工单时转移用户余额，订单号=WN2026060514234001262,2026-06-14 16:57:52,SYS,
olAFl6y1WxSn0A3BhQYR_LwXQc90,0.00,69142620032072	,用户提现,435.00,用户提现-退费单RF2026061416465861084,2026-06-14 16:47:11,用户提现,
olAFl6y1WxSn0A3BhQYR_LwXQc90,435.00,69142620032072	,订单退费转入,435.00,工单系统流量套餐退款,2026-06-14 16:46:59,SYS,
olAFl6688SC2jhbK1pLB6tZyyOAo,0.00,67482504280213	,用户提现,126.20,用户提现-退费单RF2026061416083494744,2026-06-14 16:09:04,用户提现,
olAFl6688SC2jhbK1pLB6tZyyOAo,126.20,67482504280213	,订单退费转入,126.20,系统处理工单时转移用户余额，订单号=WS2026051119115506240,2026-06-14 16:08:35,SYS,
olAFl64UEHOEWUxKTww7ZYl9qGj4,0.00,70032617034896	,用户提现,199.00,用户提现-退费单RF2026061410494119865,2026-06-14 15:16:09,用户提现,
olAFl66Za4Qdt5s7uJN0sNTDy8B8,0.00,67492603601019	,用户提现,87.20,用户提现-退费单RF2026061414595840392,2026-06-14 15:01:18,用户提现,
olAFl66Za4Qdt5s7uJN0sNTDy8B8,87.20,67492603601019	,订单退费转入,87.20,系统处理工单时转移用户余额，订单号=WS2026022612073629274,2026-06-14 14:59:58,SYS,
olAFl65kN5FY0z6q-NHsmWTNfCVc,320.00,70032611007671	,订单退费转入,320.00,系统处理工单时转移用户余额，订单号=WS2026060611033293234,2026-06-14 14:58:05,SYS,
olAFl6xqpQgh5VwpgwInhwCrcF_I,369.00,69212621216236	,订单退费转入,369.00,工单系统流量套餐退款 本单会员价格20.00元，不能退款,2026-06-14 14:56:25,SYS,
ojb7F2AsKVyfEN7kv91bbzVjsJKU,78.00,70032611013696	,订单退费转入,78.00,工单系统审核退费单-套餐已作废/钱包已清零,2026-06-14 14:37:24,SYS,
olAFl61Kn-BOFwYTCqja-kDmu97Q,0.00,69212606154730	,用户提现,92.20,用户提现-退费单RF2026061414183727693,2026-06-14 14:24:52,用户提现,
olAFl61Kn-BOFwYTCqja-kDmu97Q,92.20,69212606154730	,订单退费转入,92.20,系统处理工单时转移用户余额，订单号=WN2026060318284342667,2026-06-14 14:18:37,SYS,
olAFl69rBYbZvXW3P-x_6QhK_hq4,0.00,69212621216496	,用户提现,29.00,用户提现-退费单RF2026061413453576541,2026-06-14 13:47:07,用户提现,
olAFl69rBYbZvXW3P-x_6QhK_hq4,29.00,69212621216496	,订单退费转入,29.00,工单系统流量套餐退款,2026-06-14 13:45:36,SYS,
olAFl64ry4agQhKaZ4_moi7CNNvI,55.30,58812418054244	,订单退费转入,55.30,工单系统审核退费单-套餐已作废/钱包已清零,2026-06-14 13:40:53,SYS,
olAFl6-7CHaJNtle0U0Y9OXRMhEU,0.00,68772604272405	,用户提现,92.40,用户提现-退费单RF2026061413043295261,2026-06-14 13:05:38,用户提现,
olAFl6-7CHaJNtle0U0Y9OXRMhEU,92.40,68772604272405	,订单退费转入,92.40,系统处理工单时转移用户余额，订单号=WS2026042722480373845,2026-06-14 13:04:33,SYS,
olAFl6xmYNjpluLPK2meqzR0iMOE,0.00,60912432184921	,用户提现,97.30,用户提现-退费单RF2026061412493618916,2026-06-14 12:49:52,用户提现,
olAFl6xmYNjpluLPK2meqzR0iMOE,97.30,60912432184921	,订单退费转入,97.30,系统处理工单时转移用户余额，订单号=WN2026033023053293071,2026-06-14 12:49:36,SYS,
ojb7F2O8uFB8VrFBGjWpA_oEmeFc,0.00,69142620025989	,用户提现,570.00,用户提现-退费单RF2026061412033388210,2026-06-14 12:04:20,用户提现,
ojb7F2O8uFB8VrFBGjWpA_oEmeFc,570.00,69142620025989	,订单退费转入,570.00,工单系统流量套餐退款,2026-06-14 12:03:34,SYS,
olAFl6xq7N64loieyAQ_HrsvmMao,109.00,70032611008806	,订单退费转入,109.00,工单系统流量套餐退款,2026-06-14 11:58:17,SYS,
olAFl6zIDkak61mxu7tV4RHagnI4,0.00,68772539118112	,用户提现,66.00,用户提现-退费单RF2026061411414771632,2026-06-14 11:42:29,用户提现,
olAFl6zIDkak61mxu7tV4RHagnI4,66.00,68772539118112	,订单退费转入,66.00,系统处理工单时转移用户余额，订单号=WS2025122619182133244,2026-06-14 11:41:48,SYS,
ojb7F2Dwl6q6dmXsOAtn01wsk0fA,0.00,68932621084713	,用户提现,575.00,用户提现-退费单RF2026061411405100129,2026-06-14 11:41:21,用户提现,
ojb7F2Dwl6q6dmXsOAtn01wsk0fA,575.00,68932621084713	,订单退费转入,575.00,工单系统流量套餐退款 本单会员价格20.00元，不能退款,2026-06-14 11:40:51,SYS,
ojb7F2CDjwNKSyVGomvl59JUTU_A,0.00,70032617032274	,用户提现,172.20,用户提现-退费单RF2026061318502183276,2026-06-14 11:39:25,用户提现,
ojb7F2Bf0OX-OSKdgnb8kvz9BmyQ,0.00,68772610300072	,用户提现,439.00,用户提现-退费单RF2026061410101864155,2026-06-14 11:33:23,用户提现,
ojb7F2Bf0OX-OSKdgnb8kvz9BmyQ,439.00,68772610300072	,用户提现,94.00,用户提现-退费单RF2026061410202345234,2026-06-14 11:33:22,用户提现,
odELQ6jvNqIeVb4g0Pm8k8rnC1wA,0.00,864665067626916	,用户提现,59.00,用户提现-退费单RF2026061312493539847,2026-06-14 11:12:15,用户提现,
olAFl64UEHOEWUxKTww7ZYl9qGj4,199.00,70032617034896	,订单退费转入,199.00,工单系统流量套餐退款,2026-06-14 10:49:41,SYS,
olAFl65NU7DeM1vx_7fx345aG-Mc,0.00,67482610416217	,用户提现,420.00,用户提现-退费单RF2026051503163758,2026-06-14 10:33:16,用户提现,
olAFl6xWOHAjfq3A9KunHs7PuPhQ,0.00,69212612178386	,用户提现,180.00,用户提现-退费单RF2026061410250921998,2026-06-14 10:25:38,用户提现,
olAFl6xWOHAjfq3A9KunHs7PuPhQ,180.00,69212612178386	,订单退费转入,180.00,系统处理工单时转移用户余额，订单号=WS2026060316073819668,2026-06-14 10:25:09,SYS,
ojb7F2Bf0OX-OSKdgnb8kvz9BmyQ,533.00,68772610300072	,订单退费转入,64.00,工单系统流量套餐退款,2026-06-14 10:20:23,SYS,
olAFl6x_kg560X0vCFvw51Cz4hic,0.00,864665066142675	,用户提现,458.10,用户提现-退费单RF2026061320211923782,2026-06-14 10:17:20,用户提现,
ojb7F2Bf0OX-OSKdgnb8kvz9BmyQ,469.00,68772610300072	,订单退费转入,469.00,工单系统流量套餐退款,2026-06-14 10:10:19,SYS,
olAFl63hvRRphyL4Fy-6JzN8mTFM,0.00,69212612171902	,用户提现,199.00,用户提现-退费单RF2026051503164685,2026-06-14 10:00:54,用户提现,
olAFl685ZTEGOt7TgrTdRosiFnZ4,0.00,60912414048119	,用户提现,81.90,用户提现-退费单RF2026061409280117363,2026-06-14 09:29:24,用户提现,
olAFl685ZTEGOt7TgrTdRosiFnZ4,81.90,60912414048119	,订单退费转入,81.90,系统处理工单时转移用户余额，订单号=WN2025120909252773258,2026-06-14 09:28:01,SYS,
ojb7F2COEy4ix87iejODB8oPA0HA,171.20,70032617031381	,订单退费转入,171.20,系统处理工单时转移用户余额，订单号=WS2026052913582036077,2026-06-14 09:19:45,SYS,
olAFl62OS4VJ93qItOsNVM9IZv58,29.00,68772612328678	,订单退费转入,29.00,工单系统流量套餐退款,2026-06-14 09:05:19,SYS,
olAFl6wGjXI67TYIRmmrgrclCiE0,0.00,68772528055274	,用户提现,84.40,用户提现-退费单RF2026061408330876427,2026-06-14 08:39:25,用户提现,
olAFl6wGjXI67TYIRmmrgrclCiE0,84.40,68772528055274	,订单退费转入,84.40,系统处理工单时转移用户余额，订单号=WS2026040918171858557,2026-06-14 08:33:09,SYS,
olAFl66BkORyF_kzW4AmjID4gv1c,0.00,67492453371996	,用户提现,58.00,用户提现-退费单RF2026061405274247623,2026-06-14 05:28:19,用户提现,
olAFl66BkORyF_kzW4AmjID4gv1c,58.00,67492453371996	,订单退费转入,58.00,工单系统流量套餐退款 本单会员价格20.00元，不能退款,2026-06-14 05:27:42,SYS,
olAFl6-t6JnPeZ4bz3SXa_5ci8TQ,0.00,68772547168443	,用户提现,145.60,用户提现-退费单RF2026061400075456162,2026-06-14 00:13:49,用户提现,
olAFl6-t6JnPeZ4bz3SXa_5ci8TQ,145.60,68772547168443	,订单退费转入,145.60,系统处理工单时转移用户余额，订单号=WS2026041522084795748,2026-06-14 00:07:55,SYS,
olAFl6wh8GPYOJD1MKG9MTgF3svI,0.00,70032606001839	,用户提现,122.10,用户提现-退费单RF2026061323423090742,2026-06-13 23:43:15,用户提现,
olAFl6wh8GPYOJD1MKG9MTgF3svI,122.10,70032606001839	,订单退费转入,122.10,系统处理工单时转移用户余额，订单号=WS2026051821334568181,2026-06-13 23:42:31,SYS,
olAFl6_lnxAOi6q1lLgPyh8SdJ6w,0.00,68772610296823	,用户提现,226.00,用户提现-退费单RF2026061323110244185,2026-06-13 23:11:27,用户提现,
olAFl6_lnxAOi6q1lLgPyh8SdJ6w,226.00,68772610296823	,订单退费转入,226.00,系统处理工单时转移用户余额，订单号=WS2026050821304752432,2026-06-13 23:11:02,SYS,
olAFl62p1ksycvHo3yTqnmthbDFY,0.00,70032611009491	,用户提现,33.00,用户提现-退费单RF2026061323000800481,2026-06-13 23:01:27,用户提现,
olAFl62p1ksycvHo3yTqnmthbDFY,33.00,70032611009491	,订单退费转入,33.00,工单系统流量套餐退款,2026-06-13 23:00:08,SYS,
odELQ6glCidHCv-Mg0ZYpQbS4rgg,0.00,68712535008822	,用户提现,18.00,用户提现-退费单RF2026052903150608236,2026-06-13 22:54:05,用户提现,
ojb7F2GLyb0dkcYfsZLMbX86q9Rk,116.00,69212612179201	,订单退费转入,116.00,工单系统流量套餐退款 本单会员价格20.00元，不能退款,2026-06-13 22:52:27,SYS,
olAFl65b6LzxYnHZmrpPqV3UpfPw,0.00,67002452072395	,用户提现,199.00,用户提现-退费单RF2026061322430285453,2026-06-13 22:43:31,用户提现,
olAFl65b6LzxYnHZmrpPqV3UpfPw,199.00,67002452072395	,订单退费转入,199.00,工单系统流量套餐退款,2026-06-13 22:43:03,SYS,
olAFl61xAl7miqHCEAkoFhkGqYrE,0.00,69212552125795	,用户提现,179.00,用户提现-退费单RF2026060910561106155,2026-06-13 22:24:36,用户提现,
olAFl6wBQ7s0osMH16IhLx43Fc1g,0.00,67492538516697	,用户提现,65.30,用户提现-退费单RF2026061312375925345,2026-06-13 22:13:30,用户提现,
ojb7F2CoSbqbWK2hYvagpBKV4Mzs,0.00,70032617033272	,用户提现,179.00,用户提现-退费单RF2026061220572356597,2026-06-13 21:57:57,用户提现,
ojb7F2CoSbqbWK2hYvagpBKV4Mzs,179.00,70032617033272	,订单退费转入,179.00,工单系统审核退费单-套餐已作废/钱包已清零,2026-06-13 21:56:34,SYS,
olAFl6xbSP9NRw-qapwas7Vva7Fs,0.00,69212536009864	,用户提现,61.20,用户提现-退费单RF2026061321494479556,2026-06-13 21:50:20,用户提现,
olAFl6xbSP9NRw-qapwas7Vva7Fs,61.20,69212536009864	,订单退费转入,61.20,系统处理工单时转移用户余额，订单号=WN2026051920591020267,2026-06-13 21:49:45,SYS,
olAFl6_wm9cQyHlIFQZsbjO1fU8M,0.00,67512534243923	,用户提现,74.60,用户提现-退费单RF2026061215325232994,2026-06-13 21:43:56,用户提现,
olAFl6-TQVMFNR6G-bbLQU3_gPzE,0.00,	,系统扣费,64.50,用户无可退退费单，钱包清零,2026-06-13 20:50:04,SYS,
ojb7F2DJqsKJx0mWcWHnvfxfUIS0,0.00,69212612180045	,用户提现,50.00,用户提现-退费单RF2026061319230345114,2026-06-13 20:44:57,用户提现,
olAFl6xkHAbRFAGk3qyHCB6sX3L0,0.00,67512535270358	,用户提现,1.80,用户提现-退费单RF2026061320421096483,2026-06-13 20:42:34,用户提现,
olAFl6xkHAbRFAGk3qyHCB6sX3L0,1.80,67512535270358	,订单退费转入,1.80,工单系统流量套餐退款 组合支付：微信退费 1.80,2026-06-13 20:42:11,SYS,
olAFl65SqxYPJ3OMDTAJczx3qebs,0.00,68772612329874	,用户提现,87.00,用户提现-退费单RF2026061320252505756,2026-06-13 20:26:57,用户提现,
olAFl65SqxYPJ3OMDTAJczx3qebs,87.00,68772612329874	,订单退费转入,87.00,工单系统流量套餐退款,2026-06-13 20:25:25,SYS,
olAFl6xNxHLhTFbzX2A5ZxsDfTkM,0.00,867061070091800	,用户提现,120.00,用户提现-退费单RF2026061320240298930,2026-06-13 20:25:21,用户提现,
olAFl6xNxHLhTFbzX2A5ZxsDfTkM,120.00,867061070091800	,订单退费转入,120.00,系统处理工单时转移用户余额，订单号=WS2026041414064722063,2026-06-13 20:24:03,SYS,
olAFl6x_kg560X0vCFvw51Cz4hic,458.10,864665066142675	,订单退费转入,458.10,工单系统流量套餐退款 本单会员价格20.00元，不能退款,2026-06-13 20:21:19,SYS,
olAFl65wX9y_k5TIorpAiiOKbBOk,0.00,69212606159777	,用户提现,26.60,用户提现-退费单RF2026061320102036671,2026-06-13 20:17:12,用户提现,
olAFl6zwi1BPYAUrRHcGKycANqMQ,0.00,67492453366579	,用户提现,175.20,用户提现-退费单RF2026061217485797758,2026-06-13 20:15:50,用户提现,
olAFl65wX9y_k5TIorpAiiOKbBOk,26.60,69212606159777	,订单退费转入,26.60,系统处理工单时转移用户余额，订单号=WS2026031118264390621,2026-06-13 20:10:20,SYS,
ojb7F2Cf5KvtM6-qEwN-yZaNgexk,69.00,67482610414729	,订单退费转入,69.00,工单系统流量套餐退款,2026-06-13 20:10:14,SYS,
olAFl63eSKANnGarAvdHL55vCXb0,0.00,68052513031386	,用户提现,199.00,用户提现-退费单RF2026052418462949277,2026-06-13 19:42:28,用户提现,
ojb7F2PvzEhQ2KIf7JyDW0YiySp4,0.00,68772610297730	,用户提现,439.00,用户提现-退费单RF2026060513371592049,2026-06-13 19:34:12,用户提现,
ojb7F2DJqsKJx0mWcWHnvfxfUIS0,50.00,69212612180045	,订单退费转入,50.00,工单系统流量套餐退款 本单会员价格20.00元，不能退款,2026-06-13 19:23:03,SYS,
olAFl66MRUFRI1tTJhhMZzdnPFlo,0.00,69142529011404	,用户提现,71.10,用户提现-退费单RF2026050103154199,2026-06-13 19:14:34,用户提现,
olAFl60OLg0q1LfEs6qeEmySkWTQ,0.00,67002523287145	,用户提现,41.40,用户提现-退费单RF2026052103150664967,2026-06-13 19:11:48,用户提现,
ojb7F2CDjwNKSyVGomvl59JUTU_A,172.20,70032617032274	,订单退费转入,172.20,系统处理工单时转移用户余额，订单号=WS2026061109095960126,2026-06-13 18:50:22,SYS,
olAFl61mL2rZuKsgFN6JZSaiAUlc,0.00,69212621224775	,用户提现,199.00,用户提现-退费单RF2026061314164934841,2026-06-13 18:27:50,用户提现,
olAFl6_51fB6jxeyoJRDHhYI4ZUI,0.00,67512443065061	,用户提现,108.40,用户提现-退费单RF2026061317522799670,2026-06-13 18:04:03,用户提现,
olAFl6_51fB6jxeyoJRDHhYI4ZUI,108.40,67512443065061	,订单退费转入,108.40,系统处理工单时转移用户余额，订单号=WS2026042600081342070,2026-06-13 17:52:28,SYS,
odELQ6i-qZK_piVkiGRozhFTtVu8,0.00,67682451003015	,用户提现,140.10,用户提现-退费单RF2026060714003795038,2026-06-13 17:36:24,用户提现,
olAFl669cjoKQdNfJCcc4FhZsX5U,0.00,867061073659439	,用户提现,15.60,用户提现-退费单RF2026061317163212838,2026-06-13 17:16:58,用户提现,
olAFl669cjoKQdNfJCcc4FhZsX5U,15.60,867061073659439	,订单退费转入,15.60,系统处理工单时转移用户余额，订单号=WS2025072820360671671,2026-06-13 17:16:32,SYS,
olAFl69oF5MM71k82jqsHTfyhmxw,0.00,70032611013637	,用户提现,54.00,用户提现-退费单RF2026061317034394496,2026-06-13 17:07:36,用户提现,
olAFl6_Ac6JgLRN4TngYfbp0c6M0,0.00,69212544097349	,用户提现,51.00,用户提现-退费单RF2026051303151290,2026-06-13 17:04:29,用户提现,
olAFl69oF5MM71k82jqsHTfyhmxw,54.00,70032611013637	,订单退费转入,54.00,系统处理工单时转移用户余额，订单号=WS2026061212062227070,2026-06-13 17:03:44,SYS,
olAFl6yGfWV9MBletcWcL8r7qaSw,0.00,67492508411498	,用户提现,20.80,用户提现-退费单RF2026061316542302736,2026-06-13 16:55:22,用户提现,
olAFl6yGfWV9MBletcWcL8r7qaSw,20.80,67492508411498	,订单退费转入,20.80,工单系统审核退费单-套餐已作废/钱包已清零,2026-06-13 16:54:55,SYS,
olAFl6-v9CAOwBktfwiUKPvcOA6c,0.00,864665064589372	,用户提现,96.80,用户提现-退费单RF2026060303152522860,2026-06-13 16:48:51,用户提现,
olAFl60ZCJK89M9iAceUFVZ1E_eg,0.00,67002452083877	,用户提现,58.00,用户提现-退费单RF2026061316363811621,2026-06-13 16:37:10,用户提现,
olAFl60ZCJK89M9iAceUFVZ1E_eg,58.00,67002452083877	,订单退费转入,58.00,工单系统流量套餐退款,2026-06-13 16:36:38,SYS,
ojb7F2JYwNKmc-PYR7_EOSxiFy_c,479.00,68032536031195	,订单退费转入,479.00,工单系统流量套餐退款 本单会员价格20.00元，不能退款,2026-06-13 16:25:02,SYS,
olAFl61gYhV8R_Zvf_jb7qBb-euU,0.00,67492538504015	,用户提现,38.10,用户提现-退费单RF2026061316205142726,2026-06-13 16:21:11,用户提现,
olAFl61gYhV8R_Zvf_jb7qBb-euU,38.10,67492538504015	,订单退费转入,38.10,系统处理工单时转移用户余额，订单号=WN2026030619411846182,2026-06-13 16:20:51,SYS,
olAFl60CzJJ8ms0xUtTLHg3_ursQ,0.00,68772604272810	,用户提现,55.00,用户提现-退费单RF2026061316075916776,2026-06-13 16:08:15,用户提现,
olAFl60CzJJ8ms0xUtTLHg3_ursQ,55.00,68772604272810	,订单退费转入,55.00,系统处理工单时转移用户余额，订单号=WS2026022817335101865,2026-06-13 16:07:59,SYS,
olAFl6xpOpTDGGBeQ1wgVXJYOVjs,0.00,67512535260607	,用户提现,17.90,用户提现-退费单RF2026051103154610,2026-06-13 16:07:46,用户提现,
olAFl6-7-klLNUt397bsOD1FEKSw,0.00,67492538513956	,用户提现,81.60,用户提现-退费单RF2026061315590206321,2026-06-13 16:06:11,用户提现,
olAFl6-7-klLNUt397bsOD1FEKSw,81.60,67492538513956	,订单退费转入,81.60,系统处理工单时转移用户余额，订单号=WS2025112810410761563,2026-06-13 15:59:02,SYS,
olAFl62ArPlg1nWLJBUpyy3-BtBo,0.00,69212538050178	,用户提现,361.00,用户提现-退费单RF2026061308140730451,2026-06-13 15:33:12,用户提现,
olAFl6z68McBMU-nJ6lsFDBmv3SA,0.00,69212612190060	,用户提现,62.40,用户提现-退费单RF2026061314533458888,2026-06-13 15:23:52,用户提现,
ojb7F2KuVXpGLI522kRa8SoOM3M4,0.00,69142620034729	,用户提现,199.00,用户提现-退费单RF2026061315031914814,2026-06-13 15:05:22,用户提现,
olAFl60QWAeyL12bcXHC59La9M_8,0.00,68772612321502	,用户提现,110.00,用户提现-退费单RF2026061309514192855,2026-06-13 15:04:50,用户提现,
ojb7F2KuVXpGLI522kRa8SoOM3M4,199.00,69142620034729	,订单退费转入,199.00,工单系统流量套餐退款,2026-06-13 15:03:19,SYS,
olAFl6z68McBMU-nJ6lsFDBmv3SA,62.40,69212612190060	,订单退费转入,62.40,系统处理工单时转移用户余额，订单号=WS2026042315554685361,2026-06-13 14:53:35,SYS,
olAFl61mL2rZuKsgFN6JZSaiAUlc,199.00,69212621224775	,订单退费转入,199.00,工单系统流量套餐退款 本单会员价格20.00元，不能退款,2026-06-13 14:16:49,SYS,
olAFl6_6Tb4fmjQnKPooGKR6JB9w,0.00,67512535265440	,用户提现,136.80,用户提现-退费单RF2026061314100445534,2026-06-13 14:10:28,用户提现,
olAFl6_6Tb4fmjQnKPooGKR6JB9w,136.80,67512535265440	,订单退费转入,136.80,系统处理工单时转移用户余额，订单号=WS2026012409571653562,2026-06-13 14:10:04,SYS,
olAFl6xzu3Q2HfzLODE3-Cm-SjWo,0.00,67002453151376	,用户提现,148.60,用户提现-退费单RF2026061313505022894,2026-06-13 13:52:50,用户提现,
olAFl6xzu3Q2HfzLODE3-Cm-SjWo,148.60,67002453151376	,订单退费转入,148.60,系统处理工单时转移用户余额，订单号=WS2026042322021101410,2026-06-13 13:50:50,SYS,
olAFl68CRBt5cleai4zI3yTqAT7c,0.00,58482343090006	,用户提现,33.20,用户提现-退费单RF2026061313140171479,2026-06-13 13:15:12,用户提现,
olAFl68CRBt5cleai4zI3yTqAT7c,33.20,58482343090006	,订单退费转入,33.20,系统处理工单时转移用户余额，订单号=WS2025100611593221277,2026-06-13 13:14:02,SYS,
olAFl6-1ULCsYLxLBnEEau95Y5EA,0.00,67512443049696	,用户提现,42.30,用户提现-退费单RF2026061313043342774,2026-06-13 13:04:52,用户提现,
olAFl6-1ULCsYLxLBnEEau95Y5EA,42.30,67512443049696	,订单退费转入,42.30,系统处理工单时转移用户余额，订单号=WS2026010810184949355,2026-06-13 13:04:33,SYS,
odELQ6jvNqIeVb4g0Pm8k8rnC1wA,59.00,864665067626916	,订单退费转入,59.00,工单系统流量套餐退款,2026-06-13 12:49:35,SYS,
o4p3p63UxrYdYRbH4kIeepXOzHeA,0.00,866801080201183	,用户提现,59.00,用户提现-退费单RF2026061312470481651,2026-06-13 12:48:55,用户提现,
o4p3p63UxrYdYRbH4kIeepXOzHeA,59.00,866801080201183	,订单退费转入,59.00,工单系统流量套餐退款,2026-06-13 12:47:05,SYS,
olAFl60p4by4G29s-E3A2nHNr0UM,0.00,67482448036574	,用户提现,65.90,用户提现-退费单RF2026051103154120,2026-06-13 12:42:21,用户提现,
olAFl67K8UkY7UCz8qEyS19X2_vY,20.30,68772612355402	,订单退费转入,20.30,系统处理工单时转移用户余额，订单号=WS2026040211033283549,2026-06-13 12:41:46,SYS,
olAFl6wlPQhVnPlqgVn6Gybu4-qg,0.00,67482512347627	,用户提现,15.30,用户提现-退费单RF2026050503151799,2026-06-13 12:41:22,用户提现,
olAFl6wBQ7s0osMH16IhLx43Fc1g,65.30,67492538516697	,订单退费转入,65.30,系统处理工单时转移用户余额，订单号=WS2025120111433824816,2026-06-13 12:37:59,SYS,
ojb7F2A90Fhx4VroFOjrxx9IGzLc,0.00,67482610413294	,用户提现,180.00,用户提现-退费单RF2026061310171581977,2026-06-13 12:33:25,用户提现,
ojb7F2MAbF-ubtYscSFHojGWA8rI,0.00,69142620034122	,用户提现,154.00,用户提现-退费单RF2026061312251195994,2026-06-13 12:28:26,用户提现,
olAFl64EXa17uHo1JI-AV7qpuUZY,0.00,67002447036916	,用户提现,29.20,用户提现-退费单RF2026052203152114666,2026-06-13 12:28:23,用户提现,
ojb7F2MAbF-ubtYscSFHojGWA8rI,154.00,69142620034122	,订单退费转入,154.00,系统处理工单时转移用户余额，订单号=WS2026052415081197027,2026-06-13 12:25:12,SYS,
olAFl6y55rXLNhrvHAUn6cNcB6JY,0.00,	,系统扣费,140.10,用户无可退退费单，钱包清零,2026-06-13 12:00:35,SYS,
olAFl63_q_znE-XkeJMaja5-M1hA,0.00,68032536031738	,用户提现,96.60,用户提现-退费单RF2026061311514122383,2026-06-13 11:52:16,用户提现,
olAFl63_q_znE-XkeJMaja5-M1hA,96.60,68032536031738	,订单退费转入,96.60,系统处理工单时转移用户余额，订单号=WS2025122810282057099,2026-06-13 11:51:41,SYS,
odELQ6pd6ArEEzUt04ZeaeadGCNs,0.00,86706107023637	,用户提现,220.00,用户提现-退费单RF2026061311271499628,2026-06-13 11:27:36,用户提现,
odELQ6pd6ArEEzUt04ZeaeadGCNs,220.00,86706107023637	,订单退费转入,220.00,工单系统流量套餐退款,2026-06-13 11:27:15,SYS,
olAFl67v1BsomeuKkyTrn1ZmE4NA,0.00,68772539115130	,用户提现,66.00,用户提现-退费单RF2026053105022331975,2026-06-13 11:26:48,用户提现,
olAFl6wfasY-vwyCpDPtsnuD4SHI,17.10,69212537026916	,订单退费转入,17.10,系统处理工单时转移用户余额，订单号=WS2025102522100146160,2026-06-13 11:20:52,SYS,
olAFl67uBJYco2wG-hajuhPvZguU,0.00,864665069097785	,用户提现,99.00,用户提现-退费单RF2026061222465294941,2026-06-13 11:19:11,用户提现,
odELQ6gw8MDas5TeylmZhXPvu87Y,0.00,68712535008326	,用户提现,100.00,用户提现-退费单RF2026061310244722972,2026-06-13 10:45:53,用户提现,
olAFl63GInOifZ8fABm0So6juB0A,146.00,867061075502389	,订单退费转入,146.00,工单系统流量套餐退款,2026-06-13 10:42:13,SYS,
olAFl61kB6tOY7AOedzY1cVcZFc0,0.00,	,系统扣费,122.20,用户无可退退费单，钱包清零,2026-06-13 10:39:21,SYS,
olAFl63SiasSH_ne6yM_HBOiNzSM,0.00,68032454000707	,用户提现,46.00,用户提现-退费单RF2026050503154538,2026-06-13 10:35:08,用户提现,
odELQ6gw8MDas5TeylmZhXPvu87Y,100.00,68712535008326	,订单退费转入,100.00,工单系统流量套餐退款 本单会员价格20.00元，不能退款,2026-06-13 10:24:47,SYS,
ojb7F2PelYi-4hm9LzgIL9i_99s8,29.00,70032617032577	,订单退费转入,29.00,工单系统流量套餐退款,2026-06-13 10:19:50,SYS,
olAFl6-5FeNEmwdxOYyhEgYJcbJg,0.00,67512515164421	,用户提现,60.10,用户提现-退费单RF2026061310165831064,2026-06-13 10:17:57,用户提现,
ojb7F2A90Fhx4VroFOjrxx9IGzLc,180.00,67482610413294	,订单退费转入,180.00,系统处理工单时转移用户余额，订单号=WS2026061008235354653,2026-06-13 10:17:16,SYS,
olAFl6-5FeNEmwdxOYyhEgYJcbJg,60.10,67512515164421	,订单退费转入,60.10,系统处理工单时转移用户余额，订单号=WS2026031606343806223,2026-06-13 10:16:58,SYS,
olAFl6zTSM0EJ8JzuUC75cyoulk8,0.00,67512440016206	,用户提现,80.60,用户提现-退费单RF2026052603152384340 微信退款失败：基本账户余额不足，请充值后重新发起,2026-06-13 10:16:40,用户提现,
olAFl6yZw9W6qGVXCEnb5P0vqE_Q,0.00,67002535391056	,用户提现,51.00,用户提现-退费单RF2026060203151248784,2026-06-13 10:15:04,用户提现,
ojb7F2IBmBMY3f4hdQnRA25gNLAU,0.00,70032611015324	,用户提现,180.00,用户提现-退费单RF2026061309541931480,2026-06-13 09:56:27,用户提现,
ojb7F2OvcYvklpbLrnZx2KIxnJao,0.00,70032611011933	,用户提现,171.20,用户提现-退费单RF2026061309342436121,2026-06-13 09:55:10,用户提现,
ojb7F2IBmBMY3f4hdQnRA25gNLAU,180.00,70032611015324	,订单退费转入,180.00,系统处理工单时转移用户余额，订单号=WS2026061215555249934,2026-06-13 09:54:19,SYS,
olAFl60QWAeyL12bcXHC59La9M_8,110.00,68772612321502	,订单退费转入,110.00,工单系统流量套餐退款 本单会员价格20.00元，不能退款,2026-06-13 09:51:42,SYS,
olAFl6_JTzio99XtOWx5xwUEuFzY,0.00,68772602248767	,用户提现,13.70,用户提现-退费单RF2026052317181664148,2026-06-13 09:50:16,用户提现,
ojb7F2OvcYvklpbLrnZx2KIxnJao,171.20,70032611011933	,订单退费转入,171.20,系统处理工单时转移用户余额，订单号=WS2026061116494481545,2026-06-13 09:34:24,SYS,
olAFl6zK03Y2x_0woQWzG_H_rMT8,0.00,68772612327050	,用户提现,39.00,用户提现-退费单RF2026061207334528770,2026-06-13 08:45:21,用户提现,
olAFl60jXlJodChwkPmbCJJS5TGs,0.00,67482513398628	,用户提现,106.00,用户提现-退费单RF2026061308333085066,2026-06-13 08:33:57,用户提现,
olAFl60jXlJodChwkPmbCJJS5TGs,106.00,67482513398628	,订单退费转入,106.00,工单系统流量套餐退款,2026-06-13 08:33:31,SYS,
olAFl62ArPlg1nWLJBUpyy3-BtBo,361.00,69212538050178	,订单退费转入,361.00,工单系统流量套餐退款 本单会员价格20.00元，不能退款,2026-06-13 08:14:07,SYS,
olAFl6_bEZL6vd-Ikn-cXFeaEB3s,171.20,864665064163400	,订单退费转入,171.20,系统处理工单时转移用户余额，订单号=WS2026061120244365446,2026-06-13 08:12:11,SYS,
o4p3p60i6XXHnKWMGeMSA2aS11aI,0.00,867921073631912	,用户提现,299.00,用户提现-退费单RF2026061307561695410,2026-06-13 07:58:31,用户提现,
o4p3p60i6XXHnKWMGeMSA2aS11aI,299.00,867921073631912	,订单退费转入,299.00,工单系统流量套餐退款,2026-06-13 07:56:17,SYS,
olAFl67IGNKmNx2KEt4Fn4BMPg-4,82.40,69212606157320	,订单退费转入,82.40,系统处理工单时转移用户余额，订单号=WS2026030920222731537,2026-06-13 07:08:41,SYS,
ojb7F2B9OOk6w3YZmmhxrBMHzbXQ,0.00,70032611006253	,用户提现,180.00,用户提现-退费单RF2026061305491594581,2026-06-13 05:51:56,用户提现,
ojb7F2B9OOk6w3YZmmhxrBMHzbXQ,180.00,70032611006253	,订单退费转入,180.00,系统处理工单时转移用户余额，订单号=WS2026061214223552647,2026-06-13 05:49:16,SYS,
ojb7F2LiAFWZPvcSIQiseKD0Bk3M,0.00,67482610416741	,用户提现,19.00,用户提现-退费单RF2026061301122479270,2026-06-13 01:12:42,用户提现,
ojb7F2LiAFWZPvcSIQiseKD0Bk3M,19.00,67482610416741	,订单退费转入,19.00,工单系统流量套餐退款,2026-06-13 01:12:25,SYS,
olAFl6--Qxzb4068c9LYx-c-8ToU,0.00,70032617027228	,用户提现,72.20,用户提现-退费单RF2026061223502824815,2026-06-12 23:50:53,用户提现,
olAFl6--Qxzb4068c9LYx-c-8ToU,72.20,70032617027228	,订单退费转入,72.20,系统处理工单时转移用户余额，订单号=WN2026061215511151734,2026-06-12 23:50:28,SYS,
o2uAP61sgZ9AXxk1N-h1oW7JDpiY,0.00,86321399	,用户提现,49.00,用户提现-退费单RF2026061223200313447,2026-06-12 23:21:09,用户提现,
o2uAP61sgZ9AXxk1N-h1oW7JDpiY,49.00,86321399	,订单退费转入,49.00,工单系统流量套餐退款,2026-06-12 23:20:03,SYS,
olAFl64_L7UAI18Dh5L9hFldiu0I,0.00,67492603604284	,用户提现,67.50,用户提现-退费单RF2026061223093815882,2026-06-12 23:09:51,用户提现,
olAFl64_L7UAI18Dh5L9hFldiu0I,67.50,67492603604284	,订单退费转入,67.50,系统处理工单时转移用户余额，订单号=WS2026030719594820661,2026-06-12 23:09:38,SYS,
olAFl62WeD2u6GJb3L1MkYHkRf-w,5.60,67492445302137	,订单退费转入,5.60,工单系统流量套餐退款 组合支付：微信退费 5.60,2026-06-12 23:08:53,SYS,
olAFl67uBJYco2wG-hajuhPvZguU,99.00,864665069097785	,订单退费转入,99.00,工单系统流量套餐退款,2026-06-12 22:46:53,SYS,
olAFl6z2uqdtjYmvM3VdV0zN-UkQ,0.00,67482445018144	,用户提现,98.50,用户提现-退费单RF2026061222402636140,2026-06-12 22:40:55,用户提现,
olAFl6z2uqdtjYmvM3VdV0zN-UkQ,98.50,67482445018144	,订单退费转入,98.50,系统处理工单时转移用户余额，订单号=WN2026061215541390979,2026-06-12 22:40:26,SYS,
olAFl670_M20xDmyZ2302pspZeas,122.00,68772612324386	,订单退费转入,122.00,工单系统流量套餐退款,2026-06-12 22:04:46,SYS,
olAFl67YhbkSDQhjrTWKC8EA3_g4,0.00,67492442208393	,用户提现,122.20,用户提现-退费单RF2026052803151005791,2026-06-12 21:59:58,用户提现,
olAFl6-m65B3n7gvz0hOfhKLpbaU,140.00,70032611008467	,订单退费转入,140.00,工单系统流量套餐退款,2026-06-12 21:42:31,SYS,
olAFl6yBNLM34CiNRtGz9xDkmYLU,0.00,68772602223526	,用户提现,46.00,用户提现-退费单RF2026061221242557762,2026-06-12 21:24:43,用户提现,
olAFl6yBNLM34CiNRtGz9xDkmYLU,46.00,68772602223526	,订单退费转入,46.00,系统处理工单时转移用户余额，订单号=WS2026041021095411536,2026-06-12 21:24:26,SYS,
olAFl6wzVu_FPz_sc0GLc-pqC4d4,0.00,864665070745067	,用户提现,93.70,用户提现-退费单RF2026051303154079,2026-06-12 20:59:09,用户提现,
olAFl6_KYkFww79HAdr2-gCaZtvg,0.00,86132437297354	,用户提现,116.30,用户提现-退费单RF2026061216263227744,2026-06-12 20:48:46,用户提现,
olAFl62XTlF2PHk9YI-2y_fA5Grs,0.00,70032617032115	,用户提现,479.00,用户提现-退费单RF2026061211321152463,2026-06-12 20:25:58,用户提现,
olAFl69c_VPhlJRru2hcA0TbcY8Q,0.00,69212612191050	,用户提现,34.00,用户提现-退费单RF2026051203151861,2026-06-12 20:22:55,用户提现,
olAFl61YiOsWL684D7pX9SozEv6Y,0.00,67482453145143	,用户提现,160.10,用户提现-退费单RF2026061220152070128,2026-06-12 20:16:19,用户提现,
olAFl61YiOsWL684D7pX9SozEv6Y,160.10,67482453145143	,订单退费转入,160.10,系统处理工单时转移用户余额，订单号=WS2026060811550035426,2026-06-12 20:15:21,SYS,
olAFl65nZcqMVXCC_hx9Rj9XXIF4,0.00,67482610414989	,用户提现,252.20,用户提现-退费单RF2026061220034157258,2026-06-12 20:04:45,用户提现,
olAFl65nZcqMVXCC_hx9Rj9XXIF4,252.20,67482610414989	,订单退费转入,252.20,系统处理工单时转移用户余额，订单号=WS2026061018583570566,2026-06-12 20:03:42,SYS,
olAFl69x_aVLkr1y6iCbwtxqCF5U,0.00,60912432191682	,用户提现,75.30,用户提现-退费单RF2026061219504832390,2026-06-12 19:51:11,用户提现,
olAFl69x_aVLkr1y6iCbwtxqCF5U,75.30,60912432191682	,订单退费转入,75.30,系统处理工单时转移用户余额，订单号=WN2026033118192095983,2026-06-12 19:50:48,SYS,
olAFl6z0B_xjqNqqyY4QZSlHvKf4,0.00,69212612184836	,用户提现,121.20,用户提现-退费单RF2026061219230507644,2026-06-12 19:24:47,用户提现,
olAFl66rz1ASG4pRpwW0PKqu5QMY,0.00,69212612178331	,用户提现,82.40,用户提现-退费单RF2026061219215468414,2026-06-12 19:24:32,用户提现,
olAFl6z0B_xjqNqqyY4QZSlHvKf4,121.20,69212612184836	,订单退费转入,121.20,系统处理工单时转移用户余额，订单号=WS2026050923154359848,2026-06-12 19:23:05,SYS,
olAFl66rz1ASG4pRpwW0PKqu5QMY,82.40,69212612178331	,订单退费转入,82.40,系统处理工单时转移用户余额，订单号=WS2026041623080112326,2026-06-12 19:21:55,SYS,
olAFl6zEL3qjHItFCew_ZcrWsBEU,0.00,68772550178994	,用户提现,126.40,用户提现-退费单RF2026061219084479482,2026-06-12 19:09:17,用户提现,
olAFl6zEL3qjHItFCew_ZcrWsBEU,126.40,68772550178994	,订单退费转入,126.40,系统处理工单时转移用户余额，订单号=WS2026010121571702934,2026-06-12 19:08:45,SYS,
olAFl6wL0JA0dBg0UOYlxuqb1RPg,0.00,68772543148370	,用户提现,46.00,用户提现-退费单RF2026061218452826225,2026-06-12 18:47:40,用户提现,
olAFl6wL0JA0dBg0UOYlxuqb1RPg,46.00,68772543148370	,订单退费转入,46.00,系统处理工单时转移用户余额，订单号=WS2026010602440789230,2026-06-12 18:45:28,SYS,
olAFl6xl45x36dEurlyEdtvjRl_Y,0.00,67482448045115	,用户提现,65.90,用户提现-退费单RF2026052203150723283,2026-06-12 18:35:39,用户提现,
odELQ6hKW1u5v0BcTw4h3ccfZBow,0.00,67682450000838	,用户提现,430.20,用户提现-退费单RF2026060622271939128,2026-06-12 18:33:12,用户提现,
odELQ6hKW1u5v0BcTw4h3ccfZBow,430.20,67682450000838	,订单退费转入,430.20,工单系统审核退费单-套餐已作废/钱包已清零,2026-06-12 18:32:08,SYS,
olAFl64Cogiv6gr2qEmrD4-MRQWw,0.00,67482504313820	,用户提现,17.40,用户提现-退费单RF2026061218161258077,2026-06-12 18:17:35,用户提现,
olAFl64Cogiv6gr2qEmrD4-MRQWw,17.40,67482504313820	,订单退费转入,17.40,系统处理工单时转移用户余额，订单号=WS2026011010525802394,2026-06-12 18:16:13,SYS,
olAFl6zwi1BPYAUrRHcGKycANqMQ,175.20,67492453366579	,订单退费转入,175.20,系统处理工单时转移用户余额，订单号=WS2026061212073132488,2026-06-12 17:48:58,SYS,
olAFl67aIPmPUD3SEEn6sYwchCyY,0.00,86132437292929	,用户提现,175.20,用户提现-退费单RF2026061217432464677,2026-06-12 17:48:19,用户提现,
olAFl6-dDZr5_MGrUF-ciDoXZOqg,0.00,67482503213795	,用户提现,53.10,用户提现-退费单RF2026061217433808990,2026-06-12 17:44:08,用户提现,
olAFl6-dDZr5_MGrUF-ciDoXZOqg,53.10,67482503213795	,订单退费转入,53.10,系统处理工单时转移用户余额，订单号=WN2025110519144738646,2026-06-12 17:43:38,SYS,
olAFl67aIPmPUD3SEEn6sYwchCyY,175.20,86132437292929	,订单退费转入,175.20,系统处理工单时转移用户余额，订单号=WS2026060819465742441,2026-06-12 17:43:25,SYS,
olAFl65_67XMMRQaE8_L1XE97hUk,0.00,67512445103080	,用户提现,108.60,用户提现-退费单RF2026061217355540715,2026-06-12 17:36:34,用户提现,
olAFl65_67XMMRQaE8_L1XE97hUk,108.60,67512445103080	,订单退费转入,108.60,系统处理工单时转移用户余额，订单号=WS2026050619365324351,2026-06-12 17:35:55,SYS,
o2uAP63vbsscTrx55rPGsFrgd1QM,0.00,328811162	,用户提现,392.00,用户提现-退费单RF2026061016520509451,2026-06-12 16:48:12,用户提现,
olAFl6_bXPXDfR3bSSowtkNldUOE,0.00,69142620031688	,用户提现,179.00,用户提现-退费单RF2026061216300983298,2026-06-12 16:33:58,用户提现,
olAFl6_bXPXDfR3bSSowtkNldUOE,179.00,69142620031688	,订单退费转入,179.00,工单系统流量套餐退款,2026-06-12 16:30:10,SYS,
olAFl6-7v_Av4cZBOQ4bO1s3ua1U,0.00,67482610410630	,用户提现,179.00,用户提现-退费单RF2026052817254293354,2026-06-12 16:29:26,用户提现,
olAFl6_KYkFww79HAdr2-gCaZtvg,116.30,86132437297354	,订单退费转入,116.30,系统处理工单时转移用户余额，订单号=WS2026022317193102632,2026-06-12 16:26:32,SYS,
olAFl6-xKTVlVuRMxaarqzy9CofY,0.00,69212536003399	,用户提现,21.80,用户提现-退费单RF2026061216215241391,2026-06-12 16:22:25,用户提现,
olAFl6-xKTVlVuRMxaarqzy9CofY,21.80,69212536003399	,订单退费转入,21.80,系统处理工单时转移用户余额，订单号=WS2025091409595459337,2026-06-12 16:21:52,SYS,
olAFl63xTswfIeR91tsRgx--BFms,0.00,69212612178177	,用户提现,46.00,用户提现-退费单RF2026061216211437135,2026-06-12 16:21:37,用户提现,
olAFl63xTswfIeR91tsRgx--BFms,46.00,69212612178177	,订单退费转入,46.00,系统处理工单时转移用户余额，订单号=WS2026042121455930048,2026-06-12 16:21:14,SYS,
olAFl6w3CTEowxwlpjSPMK-9oLKw,0.00,67002535360528	,用户提现,93.10,用户提现-退费单RF2026061216045320585,2026-06-12 16:06:22,用户提现,
olAFl6w3CTEowxwlpjSPMK-9oLKw,93.10,67002535360528	,订单退费转入,93.10,系统处理工单时转移用户余额，订单号=WN2026042021263662996,2026-06-12 16:04:53,SYS,
olAFl649wIZcDN9ACgGiesxxz9vw,0.00,69212602137449	,用户提现,342.00,用户提现-退费单RF2026061117275682758,2026-06-12 16:02:14,用户提现,
olAFl6_wm9cQyHlIFQZsbjO1fU8M,74.60,67512534243923	,订单退费转入,74.60,系统处理工单时转移用户余额，订单号=WS2026031100231469136,2026-06-12 15:32:52,SYS,
olAFl61BD_F4BpxLmuRTJCf1JwpU,0.00,67492445347629	,用户提现,89.00,用户提现-退费单RF2026060421330804747,2026-06-12 15:22:20,用户提现,
olAFl6-EZ9UjwkbJrs4KtNG6J0Gw,0.00,60992437014060	,用户提现,65.20,用户提现-退费单RF2026061214113406282,2026-06-12 14:12:04,用户提现,
olAFl6-EZ9UjwkbJrs4KtNG6J0Gw,65.20,60992437014060	,订单退费转入,65.20,系统处理工单时转移用户余额，订单号=WS2026030117165280886,2026-06-12 14:11:34,SYS,
olAFl6w6h4ACaraGNrvF322sC1rI,0.00,68772612316919	,用户提现,72.00,用户提现-退费单RF2026061123540737269,2026-06-12 14:00:46,用户提现,
olAFl649Kw21Jsbv4alQrE4ZQDzE,0.00,60912411004087	,用户提现,97.70,用户提现-退费单RF2026052903155477049,2026-06-12 13:37:44,用户提现,
olAFl6zP5_zqN9uVtpHpIhj663V8,0.00,68932550047033	,用户提现,71.10,用户提现-退费单RF2026051103150485,2026-06-12 13:34:37,用户提现,
olAFl6-FYb1R79CgtT45lFoQXsRE,0.00,69142620027825	,用户提现,172.20,用户提现-退费单RF2026061213240606379,2026-06-12 13:25:33,用户提现,
olAFl6-FYb1R79CgtT45lFoQXsRE,172.20,69142620027825	,订单退费转入,172.20,系统处理工单时转移用户余额，订单号=WS2026052617201289094,2026-06-12 13:24:06,SYS,
olAFl6-rf1z8Pv-jvzIDwbmos6A8,0.00,67512534237902	,用户提现,36.80,用户提现-退费单RF2026061213185234199,2026-06-12 13:19:54,用户提现,
olAFl6-rf1z8Pv-jvzIDwbmos6A8,36.80,67512534237902	,订单退费转入,36.80,系统处理工单时转移用户余额，订单号=WN2025122913194243186,2026-06-12 13:18:52,SYS,
olAFl699AIO9knIVRB8fVfLSEV2E,0.00,67482610412738	,用户提现,67.50,用户提现-退费单RF2026061213020932242,2026-06-12 13:04:42,用户提现,
olAFl699AIO9knIVRB8fVfLSEV2E,67.50,67482610412738	,订单退费转入,67.50,系统处理工单时转移用户余额，订单号=WS2026032322194265269,2026-06-12 13:02:09,SYS,
olAFl65LCG_WpQVDD5VnjofuOivo,0.00,68772612319554	,用户提现,101.20,用户提现-退费单RF2026061212155107280,2026-06-12 12:30:01,用户提现,
olAFl65LCG_WpQVDD5VnjofuOivo,101.20,68772612319554	,订单退费转入,101.20,系统处理工单时转移用户余额，订单号=WS2026041721060640161,2026-06-12 12:15:51,SYS,
olAFl62SZ3p41ab2rD1ijGMzgmvU,29.00,68772604276842	,订单退费转入,29.00,工单系统审核退费单-套餐已作废/钱包已清零,2026-06-12 12:01:28,SYS,
olAFl69Piatgewu3RqSSrUgpExF0,0.00,67002535383337	,用户提现,25.00,用户提现-退费单RF2026060103152096411,2026-06-12 11:51:20,用户提现,
olAFl659YPrSNL3m3cCqqOom9du8,0.00,69212612173793	,用户提现,239.00,用户提现-退费单RF2026061209553235148,2026-06-12 11:49:40,用户提现,
olAFl622Z10nt3kUYMX3RPWoe2sw,0.00,67492603600678	,用户提现,160.10,用户提现-退费单RF2026061210033517233,2026-06-12 11:39:40,用户提现,
olAFl60O70bWvouRvvWKF3C0y6Lw,0.00,67002509248751	,用户提现,36.80,用户提现-退费单RF2026061115464181299,2026-06-12 11:35:17,用户提现,
olAFl62XTlF2PHk9YI-2y_fA5Grs,479.00,70032617032115	,订单退费转入,479.00,工单系统流量套餐退款 本单会员价格20.00元，不能退款,2026-06-12 11:32:12,SYS,
olAFl65UOrV3d6SeE3myPOlVoeRU,0.00,68772602220875	,用户提现,88.40,用户提现-退费单RF2026061211262223392,2026-06-12 11:26:46,用户提现,
olAFl65UOrV3d6SeE3myPOlVoeRU,88.40,68772602220875	,订单退费转入,88.40,系统处理工单时转移用户余额，订单号=WS2026031213233112811,2026-06-12 11:26:22,SYS,
olAFl6yxSyIyeWnTKF66hX-xPLhg,0.00,58482351168292	,用户提现,94.00,用户提现-退费单RF2026060116564481379,2026-06-12 10:56:00,用户提现,
olAFl66c9VxVqK8G5-VR18OppZuo,0.00,58482343095008	,用户提现,6.00,用户提现-退费单RF2026052003152756,2026-06-12 10:20:20,用户提现,
olAFl64CaZs5oBUHxLU_JjJpxN-k,102.00,67492509460615	,订单退费转入,102.00,系统处理工单时转移用户余额，订单号=WS2026010715004263499,2026-06-12 10:03:43,SYS,
olAFl622Z10nt3kUYMX3RPWoe2sw,160.10,67492603600678	,订单退费转入,160.10,系统处理工单时转移用户余额，订单号=WS2026061123115521275,2026-06-12 10:03:35,SYS,
ojb7F2CfGyQ4fPHTsmBe9ZWuSHYg,0.00,67512534240658	,用户提现,379.00,用户提现-退费单RF2026061209574755095,2026-06-12 09:58:44,用户提现,
ojb7F2CfGyQ4fPHTsmBe9ZWuSHYg,379.00,67512534240658	,订单退费转入,379.00,工单系统流量套餐退款,2026-06-12 09:57:48,SYS,
olAFl659YPrSNL3m3cCqqOom9du8,239.00,69212612173793	,订单退费转入,239.00,工单系统流量套餐退款,2026-06-12 09:55:32,SYS,
olAFl61mjAgMcZTQtFRC9y9EP2-M,0.00,67482447026488	,用户提现,461.00,用户提现-退费单RF2026061018565642087,2026-06-12 09:48:00,用户提现,
olAFl6-oJ_03-sAJFM_RcNkdWnuI,0.00,864665063316090	,用户提现,82.80,用户提现-退费单RF2026061209083622432,2026-06-12 09:47:07,用户提现,
olAFl6-oJ_03-sAJFM_RcNkdWnuI,82.80,864665063316090	,订单退费转入,82.80,系统处理工单时转移用户余额，订单号=WS2026031820514959362,2026-06-12 09:08:36,SYS,
olAFl68J57rT7y9WF6n1J9whtlAM,0.00,69212612182916	,用户提现,131.20,用户提现-退费单RF2026061016034118078,2026-06-12 08:42:14,用户提现,
olAFl6_ytpMBuUEwvAxFbWmBVjn0,0.00,67002509216488	,用户提现,94.50,用户提现-退费单RF2026061208255596610,2026-06-12 08:34:18,用户提现,
olAFl6_ytpMBuUEwvAxFbWmBVjn0,94.50,67002509216488	,订单退费转入,94.50,系统处理工单时转移用户余额，订单号=WS2026031911123822668,2026-06-12 08:25:56,SYS,
ojb7F2FP4t6ivwzKhy7AtQvGoP50,0.00,70032617028833	,用户提现,172.20,用户提现-退费单RF2026061208044804672,2026-06-12 08:05:56,用户提现,
olAFl60MpCp7Kj3nPjtzzN3xkzNU,0.00,67512535269758	,用户提现,146.90,用户提现-退费单RF2026061208052822389,2026-06-12 08:05:49,用户提现,
olAFl60MpCp7Kj3nPjtzzN3xkzNU,146.90,67512535269758	,订单退费转入,146.90,系统处理工单时转移用户余额，订单号=WS2026040109013215846,2026-06-12 08:05:28,SYS,
ojb7F2FP4t6ivwzKhy7AtQvGoP50,172.20,70032617028833	,订单退费转入,172.20,系统处理工单时转移用户余额，订单号=WS2026052600065583693,2026-06-12 08:04:48,SYS,
olAFl61QONCK09o3goHLRvplyVVg,19.00,68772550202433	,订单退费转入,19.00,工单系统流量套餐退款,2026-06-12 07:45:54,SYS,
olAFl6zK03Y2x_0woQWzG_H_rMT8,39.00,68772612327050	,订单退费转入,39.00,工单系统流量套餐退款,2026-06-12 07:33:45,SYS,
olAFl6zUbOaVu9UIFdLzkqpTVIgc,0.00,67002453174511	,用户提现,57.50,用户提现-退费单RF2026061205255008064,2026-06-12 05:26:33,用户提现,
olAFl6zUbOaVu9UIFdLzkqpTVIgc,57.50,67002453174511	,订单退费转入,57.50,系统处理工单时转移用户余额，订单号=WS2026013103425319318,2026-06-12 05:25:50,SYS,
olAFl65UjBSOs7NAUqXPfbADo330,0.00,67492552546195	,用户提现,31.00,用户提现-退费单RF2026061123563533899,2026-06-11 23:56:52,用户提现,
olAFl65UjBSOs7NAUqXPfbADo330,31.00,67492552546195	,订单退费转入,31.00,系统处理工单时转移用户余额，订单号=WS2026012513582289357,2026-06-11 23:56:35,SYS,
olAFl6w6h4ACaraGNrvF322sC1rI,72.00,68772612316919	,订单退费转入,72.00,工单系统流量套餐退款,2026-06-11 23:54:07,SYS,
olAFl6wBtJ6oxon_qwCk77PAF1FQ,0.00,67512535263729	,用户提现,83.20,用户提现-退费单RF2026061123114347240,2026-06-11 23:13:47,用户提现,
olAFl6wBtJ6oxon_qwCk77PAF1FQ,83.20,67512535263729	,订单退费转入,83.20,系统处理工单时转移用户余额，订单号=WS2026011521462042941,2026-06-11 23:11:43,SYS,
olAFl62IeRq8hbBfwmarSwrSCZI4,0.00,67002509209095	,用户提现,58.00,用户提现-退费单RF2026051415311454,2026-06-11 23:11:16,用户提现,
olAFl6686tE3ShJdRXo8_OvNCDVs,0.00,69212612173197	,用户提现,19.00,用户提现-退费单RF2026061123062535121,2026-06-11 23:07:36,用户提现,
olAFl6686tE3ShJdRXo8_OvNCDVs,19.00,69212612173197	,订单退费转入,19.00,工单系统流量套餐退款,2026-06-11 23:06:25,SYS,
olAFl60r3QRY1nGkPjWR6iHrNyTc,0.00,864665067332317	,用户提现,125.30,用户提现-退费单RF2026052203150902812,2026-06-11 22:44:26,用户提现,
olAFl69jDzfeSGUQQQWAQO-v0Vjc,0.00,67002447034104	,用户提现,7.90,用户提现-退费单RF2026061120483725368,2026-06-11 20:48:57,用户提现,
olAFl69jDzfeSGUQQQWAQO-v0Vjc,7.90,67002447034104	,订单退费转入,7.90,系统处理工单时转移用户余额，订单号=WN2025100818190655517,2026-06-11 20:48:37,SYS,
ojb7F2Ln7J-x_sdf8YVemY0jKN48,0.00,70032617035080	,用户提现,100.00,用户提现-退费单RF2026061120371583270,2026-06-11 20:37:35,用户提现,
olAFl6xl1iRFYBQlktwkPqv-DySU,0.00,864665070198515	,用户提现,163.00,用户提现-退费单RF2026061120350375852,2026-06-11 20:37:25,用户提现,
ojb7F2Ln7J-x_sdf8YVemY0jKN48,100.00,70032617035080	,订单退费转入,100.00,系统处理工单时转移用户余额，订单号=WN2026060919093993570,2026-06-11 20:37:16,SYS,
olAFl68I3hHZTYX3wHEgUuKmc2eU,0.00,68772539111373	,用户提现,69.00,用户提现-退费单RF2026060414221061896,2026-06-11 20:35:59,用户提现,
olAFl6xl1iRFYBQlktwkPqv-DySU,163.00,864665070198515	,订单退费转入,163.00,工单系统流量套餐退款,2026-06-11 20:35:04,SYS,
olAFl6zNc35YGDe2TgwqsPUQNPIQ,0.00,70032611007831	,用户提现,171.20,用户提现-退费单RF2026061119315481546,2026-06-11 20:17:24,用户提现,
olAFl6xAojSXyasYDVuJwUN_CdNY,0.00,69142620029576	,用户提现,420.00,用户提现-退费单RF2026061119593065972,2026-06-11 20:06:55,用户提现,
olAFl6xAojSXyasYDVuJwUN_CdNY,420.00,69142620029576	,订单退费转入,420.00,工单系统流量套餐退款,2026-06-11 19:59:31,SYS,
ojb7F2Nv3Ysvjnf7bpwrS7EpKAAE,0.00,68772610300079	,用户提现,89.00,用户提现-退费单RF2026061119152731642,2026-06-11 19:51:44,用户提现,
olAFl6zNc35YGDe2TgwqsPUQNPIQ,171.20,70032611007831	,订单退费转入,171.20,系统处理工单时转移用户余额，订单号=WS2026052322264542123,2026-06-11 19:31:55,SYS,
ojb7F2Nv3Ysvjnf7bpwrS7EpKAAE,89.00,68772610300079	,订单退费转入,89.00,工单系统流量套餐退款 本单会员价格20.00元，不能退款,2026-06-11 19:15:27,SYS,
o4p3p64gwaTsYJ8HXDYB_pzaYyzs,0.00,865405075547070	,用户提现,39.00,用户提现-退费单RF2026061115375683177,2026-06-11 18:50:10,用户提现,
ojb7F2D36CdlvIrNbMHjg76Ljg4w,0.00,70032617027484	,用户提现,54.00,用户提现-退费单RF2026061118071632164,2026-06-11 18:07:41,用户提现,
ojb7F2D36CdlvIrNbMHjg76Ljg4w,54.00,70032617027484	,订单退费转入,54.00,系统处理工单时转移用户余额，订单号=WS2026053117523488029,2026-06-11 18:07:16,SYS,
olAFl64GAgx49M6g-GzpW_8UxMPg,0.00,86132345119335	,用户提现,89.00,用户提现-退费单RF2026061117485479411,2026-06-11 17:49:29,用户提现,
olAFl64GAgx49M6g-GzpW_8UxMPg,89.00,86132345119335	,订单退费转入,89.00,工单系统流量套餐退款,2026-06-11 17:48:55,SYS,
olAFl6wxXvYr8sA3Tmq-rDhSgFj0,0.00,60912432185270	,用户提现,69.00,用户提现-退费单RF2026052203160242426,2026-06-11 17:45:08,用户提现,
olAFl649wIZcDN9ACgGiesxxz9vw,342.00,69212602137449	,订单退费转入,342.00,工单系统流量套餐退款,2026-06-11 17:27:57,SYS,
olAFl6yhf25s253gi3eIJCQ_YpuQ,0.00,70032617030998	,用户提现,199.00,用户提现-退费单RF2026061116564906289,2026-06-11 17:01:20,用户提现,
olAFl6yhf25s253gi3eIJCQ_YpuQ,199.00,70032617030998	,订单退费转入,199.00,工单系统流量套餐退款,2026-06-11 16:56:49,SYS,
olAFl6wWfSRVDkUBb1_i5nJ2k-as,0.00,69212536007782	,用户提现,54.00,用户提现-退费单RF2026050103152593,2026-06-11 16:51:10,用户提现,
olAFl67LXhHLBCtvXOCWqI01a1OI,0.00,67482449090955	,用户提现,132.60,用户提现-退费单RF2026061116284816674,2026-06-11 16:29:17,用户提现,
olAFl67LXhHLBCtvXOCWqI01a1OI,132.60,67482449090955	,订单退费转入,132.60,系统处理工单时转移用户余额，订单号=WS2026031610174699420,2026-06-11 16:28:48,SYS,
olAFl6-snOX_WjSs3oMdTzLljWpM,0.00,70032617030123	,用户提现,100.00,用户提现-退费单RF2026061115550546634,2026-06-11 15:55:28,用户提现,
olAFl6-snOX_WjSs3oMdTzLljWpM,100.00,70032617030123	,订单退费转入,100.00,系统处理工单时转移用户余额，订单号=WN2026060918255623571,2026-06-11 15:55:05,SYS,
olAFl60O70bWvouRvvWKF3C0y6Lw,36.80,67002509248751	,订单退费转入,36.80,系统处理工单时转移用户余额，订单号=WS2025082809340356693,2026-06-11 15:46:42,SYS,
o4p3p64gwaTsYJ8HXDYB_pzaYyzs,39.00,865405075547070	,订单退费转入,39.00,工单系统流量套餐退款,2026-06-11 15:37:57,SYS,
olAFl64E32MpiqLhBxjDVRVCqleI,22.00,68772602258925	,订单退费转入,22.00,系统处理工单时转移用户余额，订单号=WS2026050722293361458,2026-06-11 15:36:04,SYS,
olAFl67uCzO00dkgZIkcBmTaEHLw,0.00,69212612168213	,用户提现,116.30,用户提现-退费单RF2026061115031808340,2026-06-11 15:04:23,用户提现,
olAFl67uCzO00dkgZIkcBmTaEHLw,116.30,69212612168213	,订单退费转入,116.30,系统处理工单时转移用户余额，订单号=WS2026051118340414543,2026-06-11 15:03:18,SYS,
olAFl67neuuEPwxX0RD28JCnn8Fs,0.00,68772543148152	,用户提现,54.00,用户提现-退费单RF2026061114421090813,2026-06-11 14:43:04,用户提现,
olAFl67neuuEPwxX0RD28JCnn8Fs,54.00,68772543148152	,订单退费转入,54.00,系统处理工单时转移用户余额，订单号=WS2026010716501605129,2026-06-11 14:42:11,SYS,
olAFl62VYG2jDBYimanHyl9U07GA,0.00,69212602143873	,用户提现,23.60,用户提现-退费单RF2026052203152307947,2026-06-11 14:29:24,用户提现,
olAFl64b31zRK-Z_psEQ94A1QRaY,0.00,67002452084023	,用户提现,135.10,用户提现-退费单RF2026061113595190511,2026-06-11 14:00:23,用户提现,
olAFl64b31zRK-Z_psEQ94A1QRaY,135.10,67002452084023	,订单退费转入,135.10,系统处理工单时转移用户余额，订单号=WS2026051821513090575,2026-06-11 13:59:52,SYS,
olAFl6xQatGfBlxCWa_bYrMBT1nw,0.00,69142620027848	,用户提现,92.20,用户提现-退费单RF2026061113575567682,2026-06-11 13:58:33,用户提现,
olAFl6xQatGfBlxCWa_bYrMBT1nw,92.20,69142620027848	,订单退费转入,92.20,系统处理工单时转移用户余额，订单号=WN2026052617130239891,2026-06-11 13:57:56,SYS,
o2uAP61NPyIQ_7v1uk4SCes16G9s,0.00,328807615	,用户提现,19.90,用户提现-退费单RF2026051203150119,2026-06-11 13:40:36,用户提现,
olAFl61SKIdP9BzBY5epHbXjcocg,0.00,68772612316855	,用户提现,117.00,用户提现-退费单RF2026050110542859,2026-06-11 13:38:23,用户提现,
olAFl6_SyfVmOd80pVU-6Qzm1cCg,0.00,68772612319638	,用户提现,92.20,用户提现-退费单RF2026061113081920553,2026-06-11 13:09:14,用户提现,
olAFl6_SyfVmOd80pVU-6Qzm1cCg,92.20,68772612319638	,订单退费转入,92.20,系统处理工单时转移用户余额，订单号=WN2026051814500449734,2026-06-11 13:08:19,SYS,
olAFl62g926M7RbOwy0Hr2QP1rbA,0.00,58482339009197	,用户提现,100.00,用户提现-退费单RF2026061015245525732,2026-06-11 13:04:04,用户提现,
olAFl60VuepDF9b7EbQ3h6evd_nY,0.00,68772604274745	,用户提现,64.00,用户提现-退费单RF2026061112573140642,2026-06-11 12:57:47,用户提现,
olAFl60VuepDF9b7EbQ3h6evd_nY,64.00,68772604274745	,订单退费转入,64.00,系统处理工单时转移用户余额，订单号=WS2026030416404811273,2026-06-11 12:57:31,SYS,
ojb7F2CVS9jaaygrQMBaPefuNmLQ,0.00,69142620030210	,用户提现,91.20,用户提现-退费单RF2026061112532070018,2026-06-11 12:53:43,用户提现,
ojb7F2CVS9jaaygrQMBaPefuNmLQ,91.20,69142620030210	,订单退费转入,91.20,系统处理工单时转移用户余额，订单号=WN2026052717203707316,2026-06-11 12:53:21,SYS,
olAFl671LlYHvBWLW3Wi50SRyMRM,0.00,69142620028117	,用户提现,58.00,用户提现-退费单RF2026061112284821129,2026-06-11 12:29:35,用户提现,
olAFl671LlYHvBWLW3Wi50SRyMRM,58.00,69142620028117	,订单退费转入,58.00,工单系统流量套餐退款,2026-06-11 12:28:48,SYS,
olAFl6zY9V-lH5Grtv18g9FrD-SY,129.00,69142620034652	,订单退费转入,129.00,工单系统流量套餐退款,2026-06-11 12:18:03,SYS,
olAFl61zCWJzIb1OAzl-DELNm_w4,0.00,67512534241861	,用户提现,66.00,用户提现-退费单RF2026061112122334756,2026-06-11 12:12:58,用户提现,
olAFl61zCWJzIb1OAzl-DELNm_w4,66.00,67512534241861	,订单退费转入,66.00,系统处理工单时转移用户余额，订单号=WS2025101723143909818,2026-06-11 12:12:23,SYS,
olAFl65i5qa3YTn0p_eHMZdA55JQ,79.60,68052520050312	,订单退费转入,79.60,系统处理工单时转移用户余额，订单号=WS2025082617355193372,2026-06-11 12:06:22,SYS,
olAFl67uC6HJGLXAOYhZrBbg2rIc,0.00,69142529011139	,用户提现,95.00,用户提现-退费单RF2026061112041064551,2026-06-11 12:05:01,用户提现,
olAFl67uC6HJGLXAOYhZrBbg2rIc,95.00,69142529011139	,订单退费转入,95.00,工单系统流量套餐退款,2026-06-11 12:04:11,SYS,
olAFl61lyvLLdrxVi5jjluE_WuXw,0.00,67492609649710	,用户提现,102.00,用户提现-退费单RF2026061111345756768,2026-06-11 11:35:24,用户提现,
olAFl61lyvLLdrxVi5jjluE_WuXw,102.00,67492609649710	,订单退费转入,102.00,系统处理工单时转移用户余额，订单号=WS2026040518184821552,2026-06-11 11:34:58,SYS,
olAFl63v6G3y31ckYlwbVO7OqoJk,0.00,67492609652376	,用户提现,97.50,用户提现-退费单RF2026061111051777273,2026-06-11 11:20:11,用户提现,
ojb7F2D4Z2wNg-OiFMOa-0eHvSUQ,0.00,69212612177880	,用户提现,180.00,用户提现-退费单RF2026061111132120052,2026-06-11 11:15:23,用户提现,
ojb7F2D4Z2wNg-OiFMOa-0eHvSUQ,180.00,69212612177880	,订单退费转入,180.00,系统处理工单时转移用户余额，订单号=WS2026060509504490412,2026-06-11 11:13:21,SYS,
odELQ6lYcVsPMRwNGPR_TWaYUDVo,0.00,867061072545936	,用户提现,240.00,用户提现-退费单RF2026052903151871516,2026-06-11 11:11:48,用户提现,
ojb7F2GyiS_C5n9DGb9kXkJkxUwg,0.00,70032617028455	,用户提现,172.20,用户提现-退费单RF2026061110411152576,2026-06-11 11:06:10,用户提现,
olAFl63v6G3y31ckYlwbVO7OqoJk,97.50,67492609652376	,订单退费转入,97.50,系统处理工单时转移用户余额，订单号=WS2026041816190648389,2026-06-11 11:05:18,SYS,
olAFl67vevzEQlnAOW1x0ouM2yP0,0.00,68772612326630	,用户提现,73.00,用户提现-退费单RF2026061110574805625,2026-06-11 10:58:38,用户提现,
olAFl67vevzEQlnAOW1x0ouM2yP0,73.00,68772612326630	,订单退费转入,73.00,工单系统流量套餐退款,2026-06-11 10:57:48,SYS,
odELQ6iOriedwXY2QCD-0bnpeuXE,0.00,68832537007581	,用户提现,29.90,用户提现-退费单RF2026060822554715663,2026-06-11 10:51:49,用户提现,
olAFl6ymSWRY25sEQjg3sX8NGVjU,0.00,67512515168035	,用户提现,106.00,用户提现-退费单RF2026061016335844323,2026-06-11 10:45:24,用户提现,
olAFl62PmmwZnYGuBWy0pFvmzp-E,0.00,67512535271338	,用户提现,91.00,用户提现-退费单RF2026060303150545974,2026-06-11 10:42:30,用户提现,
ojb7F2GyiS_C5n9DGb9kXkJkxUwg,172.20,70032617028455	,订单退费转入,172.20,系统处理工单时转移用户余额，订单号=WS2026061109330636979,2026-06-11 10:41:12,SYS,
olAFl68UPGDpHDs45lXCcJ-ESaF0,84.40,69212612188554	,订单退费转入,84.40,系统处理工单时转移用户余额，订单号=WS2026042301105140954,2026-06-11 10:39:49,SYS,
olAFl66OAT27_mQbUu8wJQYwJb7s,0.00,70032617031333	,用户提现,479.00,用户提现-退费单RF2026061110204727979,2026-06-11 10:32:50,用户提现,
olAFl66OAT27_mQbUu8wJQYwJb7s,479.00,70032617031333	,订单退费转入,479.00,工单系统流量套餐退款 本单会员价格20.00元，不能退款,2026-06-11 10:20:47,SYS,
olAFl60aUnM7XGMmiRSvhYCm6jrg,0.00,67492445345565	,用户提现,16.30,用户提现-退费单RF2026061110134483138,2026-06-11 10:14:58,用户提现,
olAFl60aUnM7XGMmiRSvhYCm6jrg,16.30,67492445345565	,订单退费转入,16.30,系统处理工单时转移用户余额，订单号=WN2026040418072785642,2026-06-11 10:13:45,SYS,
olAFl65OU1neCMXhnkq49EyMmpzg,0.00,67002452094851	,用户提现,95.40,用户提现-退费单RF2026052703150361794,2026-06-11 10:03:55,用户提现,
olAFl6yo_aouSz5yOhxLFPsds95Q,0.00,67002447031547	,用户提现,17.00,用户提现-退费单RF2026061109451676124,2026-06-11 09:50:54,用户提现,
olAFl6yo_aouSz5yOhxLFPsds95Q,17.00,67002447031547	,订单退费转入,17.00,系统处理工单时转移用户余额，订单号=WN2026040513194272521,2026-06-11 09:45:17,SYS,
olAFl61axNRHN_Pjs38g3lzp9wJY,0.00,58482343092078	,用户提现,62.00,用户提现-退费单RF2026060922322612694,2026-06-11 09:21:13,用户提现,
ojb7F2MgctP3cSfnroh1vXmanhyw,0.00,67492609654709	,用户提现,179.00,用户提现-退费单RF2026061109103349617,2026-06-11 09:16:23,用户提现,
ojb7F2MgctP3cSfnroh1vXmanhyw,179.00,67492609654709	,订单退费转入,179.00,工单系统审核退费单-套餐已作废/钱包已清零,2026-06-11 09:14:52,SYS,
olAFl66ZpqhuE-L2eI2e1tDMo8BQ,0.00,60912426137860	,用户提现,44.40,用户提现-退费单RF2026061109020400014,2026-06-11 09:02:45,用户提现,
olAFl66ZpqhuE-L2eI2e1tDMo8BQ,44.40,60912426137860	,用户提现,100.00,用户提现-退费单RF2026061109020400835,2026-06-11 09:02:44,用户提现,
olAFl66ZpqhuE-L2eI2e1tDMo8BQ,144.40,60912426137860	,用户提现,100.00,用户提现-退费单RF2026061109020400568,2026-06-11 09:02:43,用户提现,
olAFl66ZpqhuE-L2eI2e1tDMo8BQ,100.00,60912426137860	,订单退费转入,100.00,系统处理工单时转移用户余额，订单号=WN2026053022021964766,2026-06-11 09:02:04,SYS,
olAFl66ZpqhuE-L2eI2e1tDMo8BQ,200.00,60912426137860	,订单退费转入,100.00,系统处理工单时转移用户余额，订单号=WN2026011909521459337,2026-06-11 09:02:04,SYS,
olAFl66ZpqhuE-L2eI2e1tDMo8BQ,244.40,60912426137860	,订单退费转入,44.40,系统处理工单时转移用户余额，订单号=WN2025090114453887529,2026-06-11 09:02:04,SYS,
olAFl6wh1ZGNaYTs-l5osbXl_XEo,0.00,67482513400410	,用户提现,240.10,用户提现-退费单RF2026052903150605937,2026-06-11 08:44:38,用户提现,
olAFl60UoYu4j6I-8E0vosLj9oPE,0.00,63272426060951	,用户提现,172.20,用户提现-退费单RF2026061108265070136,2026-06-11 08:27:29,用户提现,
olAFl60UoYu4j6I-8E0vosLj9oPE,172.20,63272426060951	,订单退费转入,172.20,系统处理工单时转移用户余额，订单号=WS2026061013092104190,2026-06-11 08:26:51,SYS,
olAFl687t09iLHBAyNAX6LuSALFo,0.00,864665069521248	,用户提现,94.00,用户提现-退费单RF2026061018592113069,2026-06-11 07:19:22,用户提现,
olAFl612btT6OssZJ2NH4C0jpC4w,0.00,67002523283028	,用户提现,74.50,用户提现-退费单RF2026061106320116618,2026-06-11 06:32:54,用户提现,
olAFl612btT6OssZJ2NH4C0jpC4w,74.50,67002523283028	,订单退费转入,74.50,系统处理工单时转移用户余额，订单号=WS2026020622163646529,2026-06-11 06:32:01,SYS,
olAFl69_G9P7WcqtAAKWpq97QmvE,0.00,68772543143088	,用户提现,10.50,用户提现-退费单RF2026061106284736917,2026-06-11 06:29:14,用户提现,
olAFl69_G9P7WcqtAAKWpq97QmvE,10.50,68772543143088	,订单退费转入,10.50,系统处理工单时转移用户余额，订单号=WS2025121818284653866,2026-06-11 06:28:47,SYS,
ojb7F2F96X9WWQd40g53aFQ3g18k,0.00,58812421067537	,用户提现,479.00,用户提现-退费单RF2026061105353319357,2026-06-11 05:38:19,用户提现,
ojb7F2F96X9WWQd40g53aFQ3g18k,479.00,58812421067537	,订单退费转入,479.00,工单系统流量套餐退款,2026-06-11 05:35:33,SYS,
olAFl68dqrs9FgtyNU-kr9EOhCZE,0.00,68032504007174	,用户提现,21.40,用户提现-退费单RF2026052203160249729,2026-06-11 00:37:49,用户提现,
olAFl62KD40DSyIJtyfSqhuVR7WE,0.00,69212544099935	,用户提现,121.00,用户提现-退费单RF2026061023163696718,2026-06-10 23:17:36,用户提现,
olAFl62KD40DSyIJtyfSqhuVR7WE,121.00,69212544099935	,订单退费转入,121.00,系统处理工单时转移用户余额，订单号=WS2026042600174521154,2026-06-10 23:16:37,SYS,
ojb7F2AZngBAYAx1hSRaOZs_oP3g,0.00,68932606060770	,用户提现,299.00,用户提现-退费单RF2026061013572834690,2026-06-10 23:15:51,用户提现,
olAFl6-eI-15S9yFLIqP7mAcJ45g,0.00,70032617026978	,用户提现,172.20,用户提现-退费单RF2026061023032318039,2026-06-10 23:06:25,用户提现,
olAFl6-eI-15S9yFLIqP7mAcJ45g,172.20,70032617026978	,订单退费转入,172.20,系统处理工单时转移用户余额，订单号=WS2026060518254814054,2026-06-10 23:03:23,SYS,
olAFl60uVj8fksG7f4w6qCefQSg4,0.00,67492603607081	,用户提现,0.80,用户提现-退费单RF2026061022495797237,2026-06-10 22:50:35,用户提现,
olAFl60uVj8fksG7f4w6qCefQSg4,0.80,67492603607081	,订单退费转入,0.80,系统处理工单时转移用户余额，订单号=WS2026022720445151345,2026-06-10 22:49:58,SYS,
olAFl66CMH8Vbz1TLX5-AvHCcs8U,0.00,68772543142683	,用户提现,54.00,用户提现-退费单RF2026042903151914,2026-06-10 22:35:24,用户提现,
olAFl6--VPX9edYD0mjAqKmQxsTI,0.00,67482610421833	,用户提现,5.00,用户提现-退费单RF2026061022073153153,2026-06-10 22:08:09,用户提现,
olAFl6--VPX9edYD0mjAqKmQxsTI,5.00,67482610421833	,订单退费转入,5.00,系统处理工单时转移用户余额，订单号=WN2026041619075578672,2026-06-10 22:07:32,SYS,
olAFl67im5BrM0c4EdazQTlHTNX4,0.00,60912432184487	,用户提现,420.00,用户提现-退费单RF2026061021573435496,2026-06-10 21:57:50,用户提现,
olAFl67im5BrM0c4EdazQTlHTNX4,420.00,60912432184487	,订单退费转入,420.00,工单系统流量套餐退款 本单会员价格20.00元，不能退款,2026-06-10 21:57:34,SYS,
olAFl60jXlJodChwkPmbCJJS5TGs,0.00,67482513398628	,用户提现,106.00,用户提现-退费单RF2026061021491752835,2026-06-10 21:49:37,用户提现,
olAFl60jXlJodChwkPmbCJJS5TGs,106.00,67482513398628	,订单退费转入,106.00,工单系统流量套餐退款,2026-06-10 21:49:18,SYS,
olAFl67Kv23L33a8mfB_8Dmxoj4w,0.00,864665069521701	,用户提现,140.20,用户提现-退费单RF2026061021435941718,2026-06-10 21:44:20,用户提现,
olAFl67Kv23L33a8mfB_8Dmxoj4w,140.20,864665069521701	,订单退费转入,140.20,系统处理工单时转移用户余额，订单号=WS2026041410013476193,2026-06-10 21:43:59,SYS,
olAFl6yVJPGkgp7K-H1T6Vb6NxGk,0.00,86132410224174	,用户提现,81.60,用户提现-退费单RF2026061021373878656,2026-06-10 21:37:55,用户提现,
olAFl6yVJPGkgp7K-H1T6Vb6NxGk,81.60,86132410224174	,订单退费转入,81.60,系统处理工单时转移用户余额，订单号=WN2025122812413893724,2026-06-10 21:37:39,SYS,
olAFl66W8Pn6dM1plgMCkTTg88VI,0.00,67512445107767	,用户提现,99.00,用户提现-退费单RF2026061021344026111,2026-06-10 21:35:04,用户提现,
olAFl66W8Pn6dM1plgMCkTTg88VI,99.00,67512445107767	,订单退费转入,99.00,工单系统流量套餐退款,2026-06-10 21:34:40,SYS,
olAFl64IQMo7mh6d9_SkrZxl3lSM,0.00,67002535357814	,用户提现,19.00,用户提现-退费单RF2026061021232396112,2026-06-10 21:25:44,用户提现,
olAFl64IQMo7mh6d9_SkrZxl3lSM,19.00,67002535357814	,订单退费转入,19.00,工单系统流量套餐退款,2026-06-10 21:23:24,SYS,
olAFl68tnLDWQWwazPKBLb3AHdUw,0.00,67002509239971	,用户提现,19.90,用户提现-退费单RF2026061020560738995,2026-06-10 20:56:35,用户提现,
olAFl68tnLDWQWwazPKBLb3AHdUw,19.90,67002509239971	,订单退费转入,19.90,工单系统流量套餐退款,2026-06-10 20:56:07,SYS,
olAFl6_v5mJZwZk4UwM2Rs8A9z64,0.00,67492609640937	,用户提现,6.00,用户提现-退费单RF2026060313201385661,2026-06-10 20:46:58,用户提现,
olAFl689hmxiQ9qKnrVEkpWTSp3o,0.00,67482448034780	,用户提现,90.10,用户提现-退费单RF2026061020363167475,2026-06-10 20:36:43,用户提现,
olAFl689hmxiQ9qKnrVEkpWTSp3o,90.10,67482448034780	,订单退费转入,90.10,系统处理工单时转移用户余额，订单号=WS2025110812535103884,2026-06-10 20:36:32,SYS,
olAFl65wl0iOktEF2QV4Roi-Cc2Q,0.00,67482512340500	,用户提现,100.40,用户提现-退费单RF2026061020304814991,2026-06-10 20:32:09,用户提现,
olAFl65wl0iOktEF2QV4Roi-Cc2Q,100.40,67482512340500	,订单退费转入,100.40,系统处理工单时转移用户余额，订单号=WS2026041918474092228,2026-06-10 20:30:48,SYS,
ojb7F2EIGRZKXCDsPnPgtWO6UTfA,0.00,70032617036133	,用户提现,180.00,用户提现-退费单RF2026061020204407418,2026-06-10 20:21:25,用户提现,
ojb7F2EIGRZKXCDsPnPgtWO6UTfA,180.00,70032617036133	,订单退费转入,180.00,系统处理工单时转移用户余额，订单号=WS2026061016463219177,2026-06-10 20:20:44,SYS,
olAFl619rKdoT8igIF3fN3uoH7Z4,0.00,70032611015527	,用户提现,221.20,用户提现-退费单RF2026061020183631048,2026-06-10 20:19:54,用户提现,
olAFl6xZf6ql3jBgFPx8aEb4sBcM,0.00,68772550178544	,用户提现,39.90,用户提现-退费单RF2026061020191134353,2026-06-10 20:19:23,用户提现,
olAFl6xZf6ql3jBgFPx8aEb4sBcM,39.90,68772550178544	,订单退费转入,39.90,工单系统流量套餐退款,2026-06-10 20:19:11,SYS,
olAFl619rKdoT8igIF3fN3uoH7Z4,221.20,70032611015527	,订单退费转入,221.20,系统处理工单时转移用户余额，订单号=WS2026051219534626296,2026-06-10 20:18:36,SYS,
olAFl61kB5Ex2-hVHKSyCcvMh2sM,0.00,68032536034146	,用户提现,109.00,用户提现-退费单RF2026061020062425663,2026-06-10 20:15:15,用户提现,
olAFl61kB5Ex2-hVHKSyCcvMh2sM,109.00,68032536034146	,订单退费转入,109.00,工单系统流量套餐退款,2026-06-10 20:06:24,SYS,
ojb7F2CmI9lFI4-VTqDrPVkv3LjI,0.00,67492552548707	,用户提现,58.00,用户提现-退费单RF2026061019513688465,2026-06-10 19:53:30,用户提现,
ojb7F2CmI9lFI4-VTqDrPVkv3LjI,58.00,67492552548707	,订单退费转入,58.00,工单系统流量套餐退款,2026-06-10 19:51:37,SYS,
olAFl65WAzi98KB7WeJRLQbiWUkM,0.00,69212612175429	,用户提现,65.30,用户提现-退费单RF2026061019493283099,2026-06-10 19:50:05,用户提现,
olAFl65WAzi98KB7WeJRLQbiWUkM,65.30,69212612175429	,订单退费转入,65.30,系统处理工单时转移用户余额，订单号=WS2026041415261298561,2026-06-10 19:49:33,SYS,
ojb7F2Pu0ideuu7V9xQEomfrr8nE,0.00,70032611014487	,用户提现,106.00,用户提现-退费单RF2026061019404940656,2026-06-10 19:42:51,用户提现,
ojb7F2Pu0ideuu7V9xQEomfrr8nE,106.00,70032611014487	,订单退费转入,106.00,工单系统流量套餐退款,2026-06-10 19:40:49,SYS,
ojb7F2P_5J76mamFZzAPT20v4WBk,0.00,68932612064884	,用户提现,29.90,用户提现-退费单RF2026061013191370790,2026-06-10 19:23:27,用户提现,
olAFl687t09iLHBAyNAX6LuSALFo,94.00,864665069521248	,订单退费转入,94.00,工单系统流量套餐退款,2026-06-10 18:59:21,SYS,
olAFl61mjAgMcZTQtFRC9y9EP2-M,461.00,67482447026488	,订单退费转入,461.00,工单系统流量套餐退款,2026-06-10 18:56:56,SYS,
olAFl65jBuFiJFWEwEtqG5SHp-LM,0.00,864665066277604	,用户提现,30.00,用户提现-退费单RF2026051203152522,2026-06-10 18:43:07,用户提现,
olAFl6zObwAGp4mp6V8axJvYdiaU,0.00,67492609640141	,用户提现,180.00,用户提现-退费单RF2026061018133250719,2026-06-10 18:16:09,用户提现,
olAFl6zObwAGp4mp6V8axJvYdiaU,180.00,67492609640141	,订单退费转入,180.00,系统处理工单时转移用户余额，订单号=WS2026060812255158063,2026-06-10 18:13:33,SYS,
olAFl66LIgPIRbvKP0JQZAZxP6vE,0.00,58482349152042	,用户提现,120.00,用户提现-退费单RF2026061017533166157,2026-06-10 17:54:05,用户提现,
olAFl66LIgPIRbvKP0JQZAZxP6vE,120.00,58482349152042	,订单退费转入,120.00,工单系统流量套餐退款,2026-06-10 17:53:32,SYS,
olAFl6xY197l7iNnQLwqzI-k9Q0A,59.20,864665068129142	,订单退费转入,59.20,系统处理工单时转移用户余额，订单号=WN2026032718462950677,2026-06-10 17:32:30,SYS,
ojb7F2CG7JqBTJI-s2-SU6mf9tek,0.00,68032536031642	,用户提现,19.00,用户提现-退费单RF2026060617324352132,2026-06-10 17:20:21,用户提现,
o2uAP63vbsscTrx55rPGsFrgd1QM,392.00,328811162	,订单退费转入,392.00,工单系统流量套餐退款,2026-06-10 16:52:05,SYS,
olAFl661U6ZtpYS2TBHZWBFvz-E4,0.00,69212612181732	,用户提现,83.00,用户提现-退费单RF2026061016470477796,2026-06-10 16:47:35,用户提现,
olAFl661U6ZtpYS2TBHZWBFvz-E4,83.00,69212612181732	,订单退费转入,83.00,系统处理工单时转移用户余额，订单号=WS2026051222172153898,2026-06-10 16:47:05,SYS,
olAFl6ymSWRY25sEQjg3sX8NGVjU,106.00,67512515168035	,订单退费转入,106.00,工单系统流量套餐退款,2026-06-10 16:33:58,SYS,
olAFl68J57rT7y9WF6n1J9whtlAM,131.20,69212612182916	,订单退费转入,131.20,系统处理工单时转移用户余额，订单号=WS2026051106433845523,2026-06-10 16:03:41,SYS,
olAFl69oFB5vdOuxhZdiHqrxbjYA,0.00,69142620034581	,用户提现,210.00,用户提现-退费单RF2026060714084949913,2026-06-10 15:52:23,用户提现,
olAFl63kdojI9l-ElrdShNVjDLAc,0.00,69212612175274	,用户提现,69.00,用户提现-退费单RF2026061015471727441,2026-06-10 15:47:40,用户提现,
olAFl63kdojI9l-ElrdShNVjDLAc,69.00,69212612175274	,订单退费转入,69.00,工单系统流量套餐退款 本单会员价格20.00元，不能退款,2026-06-10 15:47:17,SYS,
olAFl62g926M7RbOwy0Hr2QP1rbA,100.00,58482339009197	,订单退费转入,100.00,系统处理工单时转移用户余额，订单号=WN2026052921243449458,2026-06-10 15:24:55,SYS,
olAFl6y8zZs0zV5u_jhNHwXMz7z0,0.00,68032536028915	,用户提现,39.00,用户提现-退费单RF2026061009152654816,2026-06-10 15:21:42,用户提现,
olAFl6wbC0Hg6nZAXe4xQPR2VHFQ,0.00,69142529011456	,用户提现,14.20,用户提现-退费单RF2026052503152732410,2026-06-10 14:10:02,用户提现,
olAFl645yK4OUThvg_WA0eLWhRp4,0.00,68932534025116	,用户提现,19.90,用户提现-退费单RF2026061013575753056,2026-06-10 13:58:21,用户提现,
olAFl645yK4OUThvg_WA0eLWhRp4,19.90,68932534025116	,订单退费转入,19.90,工单系统流量套餐退款,2026-06-10 13:57:58,SYS,
ojb7F2AZngBAYAx1hSRaOZs_oP3g,299.00,68932606060770	,订单退费转入,299.00,工单系统流量套餐退款,2026-06-10 13:57:28,SYS,
o4p3p6wgQ7gXpC5hdA7SWLK61VtA,0.00,867921073628140	,用户提现,569.00,用户提现-退费单RF2026061013413022589,2026-06-10 13:42:42,用户提现,
o4p3p6wgQ7gXpC5hdA7SWLK61VtA,569.00,867921073628140	,订单退费转入,569.00,工单系统流量套餐退款,2026-06-10 13:41:30,SYS,
olAFl6_dyBwDi6FfXtCcLsjEIzZI,0.00,	,系统扣费,140.00,用户无可退退费单，钱包清零,2026-06-10 13:21:40,SYS,
ojb7F2P_5J76mamFZzAPT20v4WBk,29.90,68932612064884	,订单退费转入,29.90,工单系统流量套餐退款,2026-06-10 13:19:14,SYS,
olAFl65kzaICEdYf5mQuGFStTNXY,0.00,68772612326376	,用户提现,107.00,用户提现-退费单RF2026061012481160276,2026-06-10 13:11:19,用户提现,
olAFl65kzaICEdYf5mQuGFStTNXY,107.00,68772612326376	,订单退费转入,107.00,工单系统流量套餐退款 本单会员价格20.00元，不能退款,2026-06-10 12:48:12,SYS,
olAFl61_OFQoKTQVDmzO8vMBjnuA,0.00,68032536029193	,用户提现,39.00,用户提现-退费单RF2026061012334422528,2026-06-10 12:35:47,用户提现,
olAFl61_OFQoKTQVDmzO8vMBjnuA,39.00,68032536029193	,订单退费转入,39.00,工单系统流量套餐退款,2026-06-10 12:33:44,SYS,
olAFl6zI5BrEmTNAYDXcfCaiQdY8,9.80,864665069511231	,订单退费转入,9.80,工单系统流量套餐退款 组合支付：微信退费 9.80,2026-06-10 12:13:05,SYS,
olAFl64xrKz6uv5ABfMqWVMqAFjU,0.00,60912426138310	,用户提现,11.20,用户提现-退费单RF2026061011583929817,2026-06-10 12:02:59,用户提现,
olAFl64xrKz6uv5ABfMqWVMqAFjU,11.20,60912426138310	,订单退费转入,11.20,系统处理工单时转移用户余额，订单号=WS2026041919494516235,2026-06-10 11:58:39,SYS,
olAFl60VuepDF9b7EbQ3h6evd_nY,0.00,68772604274745	,用户提现,60.20,用户提现-退费单RF2026061011373082439,2026-06-10 11:38:57,用户提现,
olAFl60VuepDF9b7EbQ3h6evd_nY,60.20,68772604274745	,订单退费转入,60.20,工单系统流量套餐退款 本单会员价格20.00元，不能退款 组合支付：微信退费 60.20,2026-06-10 11:37:31,SYS,
olAFl663MMfMrxttSa4fG6xRvy5o,0.00,67492610674828	,用户提现,179.00,用户提现-退费单RF2026060820435252867,2026-06-10 11:35:14,用户提现,
olAFl69GxX6aJBUk6D5uW_j__o9U,0.00,67482610424876	,用户提现,420.00,用户提现-退费单RF2026060919474061223,2026-06-10 11:29:37,用户提现,
olAFl6xXYOHf_QJ61gys1Zm54f-I,0.00,67002535383109	,用户提现,77.60,用户提现-退费单RF2026061011271973395,2026-06-10 11:27:43,用户提现,
olAFl6xXYOHf_QJ61gys1Zm54f-I,77.60,67002535383109	,订单退费转入,77.60,系统处理工单时转移用户余额，订单号=WS2025111712002587968,2026-06-10 11:27:20,SYS,
olAFl69dMvPP3EraAi5paI78zRU8,0.00,60912414044421	,用户提现,10.80,用户提现-退费单RF2026061011184172244,2026-06-10 11:19:40,用户提现,
olAFl69dMvPP3EraAi5paI78zRU8,10.80,60912414044421	,订单退费转入,10.80,系统处理工单时转移用户余额，订单号=WN2025082610322873233,2026-06-10 11:18:42,SYS,
olAFl61Z_OL2zTHM2XMp6i_2DQ7I,0.00,67492602583867	,用户提现,102.00,用户提现-退费单RF2026061010512666695,2026-06-10 10:56:39,用户提现,
olAFl6-5STVXh_Zr2sEf-y9i_zW4,0.00,69142620031607	,用户提现,122.20,用户提现-退费单RF2026061007122625532,2026-06-10 10:55:39,用户提现,
olAFl61Z_OL2zTHM2XMp6i_2DQ7I,102.00,67492602583867	,订单退费转入,102.00,系统处理工单时转移用户余额，订单号=WS2026031209070032428,2026-06-10 10:51:27,SYS,
olAFl69VEjq3r6ZSK5heHS8JW1A0,0.00,67482449087993	,用户提现,145.50,用户提现-退费单RF2026051203152371,2026-06-10 10:14:41,用户提现,
olAFl67ee66_dofAnfw7oGEGEmVk,0.00,69212612179430	,用户提现,69.00,用户提现-退费单RF2026060922451335274,2026-06-10 10:04:55,用户提现,
ojb7F2OfUgQmf0iXKoyMK4dJlFQM,0.00,69212602132044	,用户提现,54.00,用户提现-退费单RF2026061006515931888,2026-06-10 10:01:33,用户提现,
olAFl67QXfrTeauSKvQ3C5SwFtQw,0.00,68772539111539	,用户提现,130.20,用户提现-退费单RF2026061009531823494,2026-06-10 09:55:52,用户提现,
olAFl67QXfrTeauSKvQ3C5SwFtQw,130.20,68772539111539	,订单退费转入,130.20,系统处理工单时转移用户余额，订单号=WS2026032814071531963,2026-06-10 09:53:18,SYS,
olAFl6y8zZs0zV5u_jhNHwXMz7z0,39.00,68032536028915	,订单退费转入,39.00,工单系统流量套餐退款,2026-06-10 09:15:27,SYS,
olAFl6wLIzqszNoJCanpNuFvJ3D8,0.00,68932538033018	,用户提现,138.00,用户提现-退费单RF2026061008524646423,2026-06-10 08:54:28,用户提现,
olAFl6wLIzqszNoJCanpNuFvJ3D8,138.00,68932538033018	,订单退费转入,138.00,工单系统流量套餐退款,2026-06-10 08:52:46,SYS,
ojb7F2FGoJGVMua-NfLqNg09n8Og,0.00,70032617032830	,用户提现,100.00,用户提现-退费单RF2026061008032851195,2026-06-10 08:04:14,用户提现,
ojb7F2FGoJGVMua-NfLqNg09n8Og,100.00,70032617032830	,订单退费转入,100.00,系统处理工单时转移用户余额，订单号=WN2026060616163549898,2026-06-10 08:03:29,SYS,
olAFl6ynn0iKwoPWR8cjiHy1kBMg,0.00,67512535289687	,用户提现,126.00,用户提现-退费单RF2026061007524434214,2026-06-10 07:53:18,用户提现,
olAFl6ynn0iKwoPWR8cjiHy1kBMg,126.00,67512535289687	,订单退费转入,126.00,系统处理工单时转移用户余额，订单号=WS2025112012001432320,2026-06-10 07:52:44,SYS,
olAFl6-5STVXh_Zr2sEf-y9i_zW4,122.20,69142620031607	,订单退费转入,122.20,系统处理工单时转移用户余额，订单号=WS2026052022560324228,2026-06-10 07:12:26,SYS,
olAFl6_z4-9zTIFsZmI0gvwigEhk,0.00,68772543146002	,用户提现,108.60,用户提现-退费单RF2026061006514915327,2026-06-10 06:52:28,用户提现,
ojb7F2OfUgQmf0iXKoyMK4dJlFQM,54.00,69212602132044	,订单退费转入,54.00,系统处理工单时转移用户余额，订单号=WS2026060611594578747,2026-06-10 06:51:59,SYS,
olAFl6_z4-9zTIFsZmI0gvwigEhk,108.60,68772543146002	,订单退费转入,108.60,系统处理工单时转移用户余额，订单号=WS2026011411261861092,2026-06-10 06:51:49,SYS,
olAFl69cwqAo9CWVGddD03MG4tZo,0.00,67002452090677	,用户提现,88.00,用户提现-退费单RF2026061006225611766 微信退款失败：订单已全额退款,2026-06-10 06:23:48,用户提现,
olAFl69cwqAo9CWVGddD03MG4tZo,88.00,67002452090677	,订单退费转入,88.00,系统处理工单时转移用户余额，订单号=WN2026050518191901121,2026-06-10 06:22:56,SYS,
olAFl66C__wMZBvYPVQ4AkHCFLng,0.00,67482610422121	,用户提现,62.40,用户提现-退费单RF2026061001454464883,2026-06-10 01:46:08,用户提现,
olAFl66C__wMZBvYPVQ4AkHCFLng,62.40,67482610422121	,订单退费转入,62.40,系统处理工单时转移用户余额，订单号=WS2026041901000234230,2026-06-10 01:45:45,SYS,
olAFl68SLBjn5BZl7UgcXRSjywDo,28.40,69142529007721	,订单退费转入,28.40,系统处理工单时转移用户余额，订单号=WN2026030516374644448,2026-06-10 00:59:20,SYS,
olAFl6yH-seWT3eMfY2S6c7Hs-Xc,0.00,68772610298229	,用户提现,61.00,用户提现-退费单RF2026061000370780911,2026-06-10 00:38:18,用户提现,
olAFl6yH-seWT3eMfY2S6c7Hs-Xc,61.00,68772610298229	,订单退费转入,61.00,工单系统流量套餐退款,2026-06-10 00:37:08,SYS,
olAFl65bVepFa9B6cv1twmZz0I-M,0.00,86132411245977	,用户提现,550.00,用户提现-退费单RF2026060809303907468 微信退款失败：超期订单不允许退款,2026-06-10 00:13:39,用户提现,
olAFl65bVepFa9B6cv1twmZz0I-M,550.00,86132411245977	,订单退费转入,550.00,工单系统审核退费单-套餐已作废/钱包已清零,2026-06-10 00:13:21,SYS,
olAFl6-9LGNl0JAJSwMImPAzrG2U,0.00,68932612064971	,用户提现,100.20,用户提现-退费单RF2026061000011138582,2026-06-10 00:01:28,用户提现,
olAFl6-9LGNl0JAJSwMImPAzrG2U,100.20,68932612064971	,订单退费转入,100.20,系统处理工单时转移用户余额，订单号=WS2026050412414693187,2026-06-10 00:01:11,SYS,
olAFl69vsUCicmr1yNWzLfhQ90Vs,0.00,67862539049671	,用户提现,102.20,用户提现-退费单RF2026050403152132,2026-06-09 23:20:19,用户提现,
olAFl64o-QGPDxCGa13NBYKyeqhQ,0.00,67492603608528	,用户提现,451.00,用户提现-退费单RF2026042416082558,2026-06-09 22:47:05,用户提现,
olAFl67ee66_dofAnfw7oGEGEmVk,69.00,69212612179430	,订单退费转入,69.00,工单系统流量套餐退款,2026-06-09 22:45:13,SYS,
olAFl6-Ssh3YbsAt63rvNc-PDYqE,0.00,69212606156677	,用户提现,169.00,用户提现-退费单RF2026051408534557,2026-06-09 22:41:16,用户提现,
olAFl685SIUVz6oQAZs7Kumx3ynI,0.00,69142620033254	,用户提现,171.20,用户提现-退费单RF2026060922180487039,2026-06-09 22:39:37,用户提现,
olAFl61axNRHN_Pjs38g3lzp9wJY,62.00,58482343092078	,订单退费转入,62.00,工单系统流量套餐退款,2026-06-09 22:32:26,SYS,
olAFl685SIUVz6oQAZs7Kumx3ynI,171.20,69142620033254	,订单退费转入,171.20,系统处理工单时转移用户余额，订单号=WS2026052709133420973,2026-06-09 22:18:05,SYS,
olAFl63SVG0EEqTmifYvh1N_gIKw,0.00,68772543149772	,用户提现,116.00,用户提现-退费单RF2026060922114456625,2026-06-09 22:11:58,用户提现,
olAFl63SVG0EEqTmifYvh1N_gIKw,116.00,68772543149772	,订单退费转入,116.00,系统处理工单时转移用户余额，订单号=WS2026012417195753312,2026-06-09 22:11:45,SYS,
olAFl68_kSbFT8DR5OZ87rZnj1KA,0.00,67492609647167	,用户提现,67.50,用户提现-退费单RF2026060907143454921,2026-06-09 21:56:18,用户提现,
olAFl63zwuSXz7oMkCMML3xm6e2E,0.00,68772604276575	,用户提现,29.00,用户提现-退费单RF2026050811145723,2026-06-09 21:50:26,用户提现,
olAFl649dUG2sfEZxqYp1sdAYeNA,0.00,68772513000820	,用户提现,180.00,用户提现-退费单RF2026060522372383213,2026-06-09 21:49:26,用户提现,
olAFl64tQJWttHlfXRFYONSpSyCM,0.00,68772612328764	,用户提现,87.00,用户提现-退费单RF2026060921412139648,2026-06-09 21:42:13,用户提现,
olAFl63zTkKMYobPcDln_z6ARDa0,0.00,69142529008539	,用户提现,116.40,用户提现-退费单RF2026060921403823929,2026-06-09 21:41:38,用户提现,
olAFl64tQJWttHlfXRFYONSpSyCM,87.00,68772612328764	,订单退费转入,87.00,工单系统流量套餐退款 本单会员价格20.00元，不能退款,2026-06-09 21:41:21,SYS,
olAFl63zTkKMYobPcDln_z6ARDa0,116.40,69142529008539	,订单退费转入,116.40,系统处理工单时转移用户余额，订单号=WS2026032216174678733,2026-06-09 21:40:38,SYS,
olAFl66E-nnuUr1WJV79qiUDgXbE,0.00,68772612321672	,用户提现,154.00,用户提现-退费单RF2026060613544115522,2026-06-09 21:40:14,用户提现,
olAFl61P2cx9O2gdO3xndL8QX7R4,0.00,67482610411434	,用户提现,88.40,用户提现-退费单RF2026052717231665758,2026-06-09 21:39:27,用户提现,
olAFl66sl6ZDhOSOw7fH1DNSJWG4,0.00,67512534241742	,用户提现,19.80,用户提现-退费单RF2026060921244490497,2026-06-09 21:25:34,用户提现,
olAFl66sl6ZDhOSOw7fH1DNSJWG4,19.80,67512534241742	,订单退费转入,19.80,工单系统流量套餐退款,2026-06-09 21:24:45,SYS,
olAFl69_Fa1EII9CAIv83C5RMJsg,0.00,69142620024873	,用户提现,92.20,用户提现-退费单RF2026060921132299433,2026-06-09 21:15:35,用户提现,
olAFl69_Fa1EII9CAIv83C5RMJsg,92.20,69142620024873	,订单退费转入,92.20,系统处理工单时转移用户余额，订单号=WN2026052512385767223,2026-06-09 21:13:23,SYS,
olAFl62fTnj-LNs3wrWnGbjODyWk,0.00,69212612187625	,用户提现,32.00,用户提现-退费单RF2026060823070774440,2026-06-09 20:47:49,用户提现,
olAFl68X5oY3x7FinqmoubHJDp7U,0.00,69212612174152	,用户提现,140.00,用户提现-退费单RF2026060920401616726,2026-06-09 20:40:34,用户提现,
olAFl68X5oY3x7FinqmoubHJDp7U,140.00,69212612174152	,订单退费转入,140.00,工单系统流量套餐退款,2026-06-09 20:40:16,SYS,
olAFl6_VGx9_BebG5ot2LHPVaE1M,0.00,60912414061874	,用户提现,58.00,用户提现-退费单RF2026060912341245320,2026-06-09 20:38:27,用户提现,
olAFl69GxX6aJBUk6D5uW_j__o9U,420.00,67482610424876	,订单退费转入,420.00,工单系统流量套餐退款,2026-06-09 19:47:41,SYS,
olAFl6wkyctIl3o33daKQvNtSGPM,0.00,69142529009130	,用户提现,44.60,用户提现-退费单RF2026060919195465979,2026-06-09 19:22:36,用户提现,
olAFl6wkyctIl3o33daKQvNtSGPM,44.60,69142529009130	,订单退费转入,44.60,系统处理工单时转移用户余额，订单号=WS2026011708415615192,2026-06-09 19:19:55,SYS,
olAFl6_sx-YApalPcFx_eqh2nIiI,0.00,68932612069156	,用户提现,260.00,用户提现-退费单RF2026060919010253823,2026-06-09 19:01:54,用户提现,
olAFl6_sx-YApalPcFx_eqh2nIiI,260.00,68932612069156	,订单退费转入,260.00,工单系统流量套餐退款,2026-06-09 19:01:03,SYS,
olAFl66o7l5BVwgaejCjs7dGsIcs,0.00,67482503243675	,用户提现,160.00,用户提现-退费单RF2026052703150539584,2026-06-09 18:58:52,用户提现,
olAFl60bmSg3UvAub9vnUZF1CrTg,0.00,69212612177275	,用户提现,121.20,用户提现-退费单RF2026060918255042610,2026-06-09 18:30:30,用户提现,
olAFl60bmSg3UvAub9vnUZF1CrTg,121.20,69212612177275	,订单退费转入,121.20,系统处理工单时转移用户余额，订单号=WS2026051413054855914,2026-06-09 18:25:50,SYS,
olAFl68XT8cO55lcmZ2O3o5TNFW0,0.00,69212536009751	,用户提现,61.00,用户提现-退费单RF2026060918131070736,2026-06-09 18:14:40,用户提现,
olAFl68XT8cO55lcmZ2O3o5TNFW0,61.00,69212536009751	,订单退费转入,61.00,系统处理工单时转移用户余额，订单号=WN2026012916153396268,2026-06-09 18:13:11,SYS,
olAFl69LZkwUAdrYXVzh8tGTT6iQ,0.00,68932546039031	,用户提现,123.00,用户提现-退费单RF2026060915511521747,2026-06-09 18:05:40,用户提现,
olAFl66r_x9nvSsEz0dvjfBrg7Sw,0.00,68032504010906	,用户提现,59.00,用户提现-退费单RF2026060123174229925,2026-06-09 17:56:07,用户提现,
olAFl60-cGT0T85kuw18PM4LaWpI,25.80,68032504009861	,订单退费转入,25.80,工单系统流量套餐退款,2026-06-09 17:54:07,SYS,
o4p3p6yf3-mGgQHAPPRZ5Pn1Oy4Y,0.00,867921073634973	,用户提现,240.00,用户提现-退费单RF2026060618554774433,2026-06-09 17:38:40,用户提现,
o2uAP68ld8HQ9h1iydiSjmM5fCgA,0.00,328810496	,用户提现,177.00,用户提现-退费单RF2026060917380011394,2026-06-09 17:38:17,用户提现,
o4p3p6yf3-mGgQHAPPRZ5Pn1Oy4Y,240.00,867921073634973	,订单退费转入,240.00,工单系统审核退费单-套餐已作废/钱包已清零,2026-06-09 17:38:15,SYS,
o2uAP68ld8HQ9h1iydiSjmM5fCgA,177.00,328810496	,订单退费转入,177.00,工单系统流量套餐退款,2026-06-09 17:38:00,SYS,
ojb7F2JuebIyPB8pwhd-UmzsPHTc,0.00,68772550194237	,用户提现,29.00,用户提现-退费单RF2026060917330208989,2026-06-09 17:33:43,用户提现,
ojb7F2JuebIyPB8pwhd-UmzsPHTc,29.00,68772550194237	,订单退费转入,29.00,工单系统流量套餐退款,2026-06-09 17:33:02,SYS,
olAFl64dn5r3fF_J8lLMYEMkHNy4,0.00,	,系统扣费,121.20,用户无可退退费单，钱包清零,2026-06-09 17:24:22,SYS,
o4p3p6zN_2dzMn2-gOPagm5VW6I8,0.00,865405075527809	,用户提现,19.90,用户提现-退费单RF2026060917010033858,2026-06-09 17:02:58,用户提现,
o4p3p6zN_2dzMn2-gOPagm5VW6I8,19.90,865405075527809	,订单退费转入,19.90,工单系统流量套餐退款,2026-06-09 17:01:00,SYS,
ojb7F2MaZKnQcx90t0mvoCz_B5II,0.00,69142620030821	,用户提现,180.00,用户提现-退费单RF2026060916325355692,2026-06-09 16:36:04,用户提现,
ojb7F2MaZKnQcx90t0mvoCz_B5II,180.00,69142620030821	,订单退费转入,180.00,系统处理工单时转移用户余额，订单号=WS2026060309182626097,2026-06-09 16:32:54,SYS,
olAFl6wIKVsN5Q9PxyFD4T_UQmnI,0.00,69212602137593	,用户提现,202.00,用户提现-退费单RF2026060915571279846,2026-06-09 16:24:52,用户提现,
olAFl67G-jf_ayUTobD_RiYHw_vc,0.00,67492609641098	,用户提现,106.00,用户提现-退费单RF2026060916183024924,2026-06-09 16:23:33,用户提现,
olAFl67G-jf_ayUTobD_RiYHw_vc,106.00,67492609641098	,订单退费转入,106.00,工单系统流量套餐退款,2026-06-09 16:18:30,SYS,
olAFl645yK4OUThvg_WA0eLWhRp4,0.00,68932534025116	,用户提现,299.00,用户提现-退费单RF2026060916172091217,2026-06-09 16:18:27,用户提现,
olAFl645yK4OUThvg_WA0eLWhRp4,299.00,68932534025116	,订单退费转入,299.00,工单系统流量套餐退款,2026-06-09 16:17:21,SYS,
olAFl68-AbDT2dt-PLJEgSHqnajc,0.00,70032617028009	,用户提现,479.00,用户提现-退费单RF2026060916111943772,2026-06-09 16:13:47,用户提现,
olAFl68-AbDT2dt-PLJEgSHqnajc,479.00,70032617028009	,订单退费转入,479.00,工单系统流量套餐退款,2026-06-09 16:11:19,SYS,
olAFl6-GXzwq316BhnD63OWKU-10,0.00,69212536017760	,用户提现,179.00,用户提现-退费单RF2026060915582235063,2026-06-09 16:10:37,用户提现,
olAFl6-GXzwq316BhnD63OWKU-10,179.00,69212536017760	,订单退费转入,179.00,工单系统流量套餐退款,2026-06-09 15:58:22,SYS,
olAFl6wIKVsN5Q9PxyFD4T_UQmnI,202.00,69212602137593	,订单退费转入,202.00,工单系统流量套餐退款,2026-06-09 15:57:13,SYS,
olAFl6yiiJfEUTkHZPZSWZEMROmM,0.00,67482504314743	,用户提现,88.40,用户提现-退费单RF2026060915535305782,2026-06-09 15:55:33,用户提现,
olAFl6yiiJfEUTkHZPZSWZEMROmM,88.40,67482504314743	,订单退费转入,88.40,系统处理工单时转移用户余额，订单号=WS2026021110393586348,2026-06-09 15:53:53,SYS,
olAFl6_52ZUQSMEVzfbb3ASaTP94,0.00,69212612172378	,用户提现,7.80,用户提现-退费单RF2026060915360425677,2026-06-09 15:51:57,用户提现,
olAFl69LZkwUAdrYXVzh8tGTT6iQ,123.00,68932546039031	,订单退费转入,123.00,工单系统流量套餐退款 本单会员价格20.00元，不能退款,2026-06-09 15:51:15,SYS,
olAFl60jxlHsJrK7YTvw_Na42rEo,156.70,67002447033971	,订单退费转入,156.70,系统处理工单时转移用户余额，订单号=WS2026050818513253623,2026-06-09 15:39:04,SYS,
olAFl60jxlHsJrK7YTvw_Na42rEo,0.00,67002447033971	,用户提现,192.30,用户提现-退费单RF2026060915330340442,2026-06-09 15:37:32,用户提现,
olAFl6_52ZUQSMEVzfbb3ASaTP94,7.80,69212612172378	,订单退费转入,7.80,系统处理工单时转移用户余额，订单号=WS2026043006465222573,2026-06-09 15:36:04,SYS,
olAFl60jxlHsJrK7YTvw_Na42rEo,192.30,67002447033971	,订单退费转入,192.30,工单系统流量套餐退款 组合支付：微信退费 192.30,2026-06-09 15:33:03,SYS,
olAFl6z9m_TAdFQmu6N87U-8LAnc,0.00,58482339020296	,用户提现,119.60,用户提现-退费单RF2026060914185991534,2026-06-09 15:10:03,用户提现,
olAFl6-L3dYPRFkORUDgCMe0vJXI,0.00,68772604271121	,用户提现,29.00,用户提现-退费单RF2026060913571742464,2026-06-09 14:34:37,用户提现,
olAFl6yvAxPFsKQ0SkyEULs7N1T4,0.00,864665064471886	,用户提现,120.00,用户提现-退费单RF2026060821295724838,2026-06-09 14:32:59,用户提现,
olAFl6_yn3ZyqXTgr3IAL1wt0KjM,0.00,70032611009600	,用户提现,121.20,用户提现-退费单RF2026060914201030083,2026-06-09 14:20:56,用户提现,
olAFl6_yn3ZyqXTgr3IAL1wt0KjM,121.20,70032611009600	,订单退费转入,121.20,系统处理工单时转移用户余额，订单号=WS2026052012434070893,2026-06-09 14:20:10,SYS,
olAFl6z9m_TAdFQmu6N87U-8LAnc,119.60,58482339020296	,订单退费转入,119.60,系统处理工单时转移用户余额，订单号=WS2025120221343808150,2026-06-09 14:19:00,SYS,
ojb7F2KFeuREru38S3dp2ChyRvl8,0.00,67492603601672	,用户提现,179.00,用户提现-退费单RF2026060823381451062,2026-06-09 14:11:29,用户提现,
olAFl62nKWJysisZ5X4RqwwRx5pM,0.00,67512535265183	,用户提现,128.80,用户提现-退费单RF2026060914010657465,2026-06-09 14:01:45,用户提现,
olAFl62nKWJysisZ5X4RqwwRx5pM,128.80,67512535265183	,订单退费转入,128.80,系统处理工单时转移用户余额，订单号=WS2026030718441094753,2026-06-09 14:01:07,SYS,
olAFl6-L3dYPRFkORUDgCMe0vJXI,29.00,68772604271121	,订单退费转入,29.00,工单系统流量套餐退款,2026-06-09 13:57:17,SYS,
olAFl6_aNe4_2WMq-KcWMMG5MKHo,0.00,69212537028435	,用户提现,93.50,用户提现-退费单RF2026060908034226371,2026-06-09 13:36:38,用户提现,
olAFl64SQ9EF96IjMLyVeI4a_1EM,0.00,864665065282464	,用户提现,379.00,用户提现-退费单RF2026060303153171752,2026-06-09 13:20:28,用户提现,
olAFl68DY5_3YLgblPEQP1E6G4FE,0.00,68772550202167	,用户提现,66.90,用户提现-退费单RF2026060913080920839,2026-06-09 13:09:49,用户提现,
olAFl62rbYx1m77pIgb76UWIZV1o,0.00,67002452095704	,用户提现,53.40,用户提现-退费单RF2026060821313630466,2026-06-09 13:08:17,用户提现,
olAFl68DY5_3YLgblPEQP1E6G4FE,66.90,68772550202167	,订单退费转入,66.90,系统处理工单时转移用户余额，订单号=WS2026022410192961135,2026-06-09 13:08:09,SYS,
olAFl6wGhih4CZiwIUuCwycmoUQE,199.00,67492610671725	,订单退费转入,199.00,工单系统流量套餐退款,2026-06-09 13:07:39,SYS,
ojb7F2P0Bw5DUjyyA-BxQigxD16Y,0.00,67482610414472	,用户提现,89.00,用户提现-退费单RF2026060912495880740,2026-06-09 12:52:25,用户提现,
ojb7F2P0Bw5DUjyyA-BxQigxD16Y,89.00,67482610414472	,订单退费转入,89.00,工单系统流量套餐退款,2026-06-09 12:49:59,SYS,
olAFl60Oxi5-a5AGBMlXsBXlgeOQ,0.00,68772539118583	,用户提现,63.50,用户提现-退费单RF2026060912434325091,2026-06-09 12:44:09,用户提现,
olAFl60Oxi5-a5AGBMlXsBXlgeOQ,63.50,68772539118583	,订单退费转入,63.50,系统处理工单时转移用户余额，订单号=WS2026031308183285322,2026-06-09 12:43:43,SYS,
olAFl6_VGx9_BebG5ot2LHPVaE1M,58.00,60912414061874	,订单退费转入,58.00,工单系统流量套餐退款 本单会员价格20.00元，不能退款,2026-06-09 12:34:12,SYS,
o2uAP63pdUrHqaXhm1b5Mzjiinlw,0.00,8690073	,用户提现,123.00,用户提现-退费单RF2026060912331838271,2026-06-09 12:34:01,用户提现,
o2uAP63pdUrHqaXhm1b5Mzjiinlw,123.00,8690073	,订单退费转入,123.00,工单系统流量套餐退款,2026-06-09 12:33:18,SYS,
olAFl6-nUPWayDpN5pDg4qO3pXZ8,179.00,69212621224405	,订单退费转入,179.00,工单系统流量套餐退款,2026-06-09 12:20:34,SYS,
olAFl63k7c2DxFKeEJF6NSgnj1OQ,0.00,67482610414054	,用户提现,90.40,用户提现-退费单RF2026060911454866718,2026-06-09 12:10:51,用户提现,
olAFl6_SmgjcjIDh_YtFd-QhI2iM,0.00,69212606157153	,用户提现,54.00,用户提现-退费单RF2026060911485592740,2026-06-09 11:50:57,用户提现,
olAFl6_SmgjcjIDh_YtFd-QhI2iM,54.00,69212606157153	,订单退费转入,54.00,系统处理工单时转移用户余额，订单号=WS2026030317181252811,2026-06-09 11:48:56,SYS,
olAFl63k7c2DxFKeEJF6NSgnj1OQ,90.40,67482610414054	,订单退费转入,90.40,系统处理工单时转移用户余额，订单号=WS2026041207154319890,2026-06-09 11:45:49,SYS,
ojb7F2C2-Mh09YtLwer52y9xB3tE,0.00,70032617030744	,用户提现,100.00,用户提现-退费单RF2026060911350665478,2026-06-09 11:40:13,用户提现,
ojb7F2C2-Mh09YtLwer52y9xB3tE,100.00,70032617030744	,订单退费转入,100.00,系统处理工单时转移用户余额，订单号=WN2026060616391940125,2026-06-09 11:35:07,SYS,
olAFl61xAl7miqHCEAkoFhkGqYrE,179.00,69212552125795	,订单退费转入,179.00,工单系统流量套餐退款,2026-06-09 10:56:11,SYS,
olAFl65g3PRykujPIfmZ9lOxyooU,0.00,69212606157389	,用户提现,85.40,用户提现-退费单RF2026051503153275,2026-06-09 10:13:04,用户提现,
olAFl6z2tYELRLr3_O5szXZoEMcE,0.00,67492509447865	,用户提现,83.20,用户提现-退费单RF2026050803155029,2026-06-09 09:58:05,用户提现,
olAFl69sKqrdq7aPGffqSpdxs_m8,0.00,867061074929708	,用户提现,62.20,用户提现-退费单RF2026060909535202838,2026-06-09 09:56:51,用户提现,
olAFl69sKqrdq7aPGffqSpdxs_m8,62.20,867061074929708	,订单退费转入,62.20,系统处理工单时转移用户余额，订单号=WN2026031820423434679,2026-06-09 09:53:52,SYS,
olAFl6-_oMxu6cstnJXkMmmSkoLE,0.00,67002447037040	,用户提现,106.00,用户提现-退费单RF2026060812235777378,2026-06-09 09:31:19,用户提现,
olAFl6yPh9bc92Au5kzhme6dT0k0,0.00,69212612178142	,用户提现,179.00,用户提现-退费单RF2026060823054915445,2026-06-09 09:20:02,用户提现,
olAFl6_n2sVOiwvlT-vaIQ5BpijE,0.00,70032611006268	,用户提现,86.00,用户提现-退费单RF2026060909002048080,2026-06-09 09:02:08,用户提现,
olAFl6_n2sVOiwvlT-vaIQ5BpijE,86.00,70032611006268	,订单退费转入,86.00,工单系统流量套餐退款 本单会员价格20.00元，不能退款,2026-06-09 09:00:20,SYS,
olAFl65OJPa7h9Sap281OI8t2-SI,0.00,58812351011172	,用户提现,103.40,用户提现-退费单RF2026060908385163483,2026-06-09 08:40:41,用户提现,
olAFl65OJPa7h9Sap281OI8t2-SI,103.40,58812351011172	,订单退费转入,103.40,系统处理工单时转移用户余额，订单号=WS2025112519550089441,2026-06-09 08:38:52,SYS,
olAFl6_aNe4_2WMq-KcWMMG5MKHo,93.50,69212537028435	,订单退费转入,93.50,工单系统流量套餐退款 本单会员价格20.00元，不能退款,2026-06-09 08:03:42,SYS,
olAFl6xOYbkc9V0DOrJ4S3EKTGto,0.00,68772604273931	,用户提现,110.30,用户提现-退费单RF2026060907430416027,2026-06-09 07:43:23,用户提现,
olAFl6xOYbkc9V0DOrJ4S3EKTGto,110.30,68772604273931	,订单退费转入,110.30,系统处理工单时转移用户余额，订单号=WS2026031010021822171,2026-06-09 07:43:04,SYS,
olAFl68_kSbFT8DR5OZ87rZnj1KA,67.50,67492609647167	,订单退费转入,67.50,系统处理工单时转移用户余额，订单号=WS2026032009255462247,2026-06-09 07:14:35,SYS,
ojb7F2D1he0NzHMEPaztPp6xYZRE,0.00,68772602247200	,用户提现,299.00,用户提现-退费单RF2026060714431885069,2026-06-09 07:04:55,用户提现,
olAFl64wQtLqGoEvu0pbf4wNL4uw,0.00,70032611007363	,用户提现,457.00,用户提现-退费单RF2026060808265314930,2026-06-09 06:39:45,用户提现,
ojb7F2FXPZEwJjHscOgnwTXTmb4k,0.00,68932604051430	,用户提现,59.00,用户提现-退费单RF2026053112171898052,2026-06-09 00:06:27,用户提现,
ojb7F2FXPZEwJjHscOgnwTXTmb4k,59.00,68932604051430	,订单退费转入,59.00,工单系统审核退费单-套餐已作废/钱包已清零,2026-06-09 00:06:14,SYS,
ojb7F2KFeuREru38S3dp2ChyRvl8,179.00,67492603601672	,订单退费转入,179.00,工单系统流量套餐退款,2026-06-08 23:38:15,SYS,
olAFl62fTnj-LNs3wrWnGbjODyWk,32.00,69212612187625	,订单退费转入,32.00,工单系统流量套餐退款 本单会员价格20.00元，不能退款,2026-06-08 23:07:08,SYS,
olAFl6yPh9bc92Au5kzhme6dT0k0,179.00,69212612178142	,订单退费转入,179.00,工单系统流量套餐退款,2026-06-08 23:05:49,SYS,
odELQ6iOriedwXY2QCD-0bnpeuXE,29.90,68832537007581	,订单退费转入,29.90,工单系统流量套餐退款,2026-06-08 22:55:47,SYS,
olAFl62dDAIK2wjCB_MHfkUq3HOI,0.00,68052520050627	,用户提现,160.00,用户提现-退费单RF2026060203152365187,2026-06-08 22:42:35,用户提现,
olAFl6-yzzaMnHA8uptF98gd8v9s,0.00,70032611013896	,用户提现,400.00,用户提现-退费单RF2026060721104842146,2026-06-08 22:24:03,用户提现,
olAFl6yd6DHvmNSl3W8i-fairbgM,0.00,67482610420876	,用户提现,26.80,用户提现-退费单RF2026052903154001183,2026-06-08 22:21:04,用户提现,
olAFl68ftyTfPwe7CETqc-fJnkV4,0.00,67512534245513	,用户提现,34.00,用户提现-退费单RF2026052703151346152,2026-06-08 21:54:49,用户提现,
olAFl65RIKDb2dAZ5o6skn732tjI,0.00,67482448034626	,用户提现,35.50,用户提现-退费单RF2026060821534398135,2026-06-08 21:54:32,用户提现,
olAFl65RIKDb2dAZ5o6skn732tjI,35.50,67482448034626	,订单退费转入,35.50,系统处理工单时转移用户余额，订单号=WS2025111215021832498,2026-06-08 21:53:44,SYS,
olAFl6_HutzFDu7WhUX2ToQOBEOQ,0.00,70032617032527	,用户提现,89.00,用户提现-退费单RF2026060821422543565,2026-06-08 21:43:18,用户提现,
olAFl6_HutzFDu7WhUX2ToQOBEOQ,89.00,70032617032527	,订单退费转入,89.00,工单系统流量套餐退款,2026-06-08 21:42:25,SYS,
olAFl611cTaUcRbUugJqlwH-id_U,0.00,69212612176611	,用户提现,399.00,用户提现-退费单RF2026060519333761159,2026-06-08 21:32:24,用户提现,
olAFl62rbYx1m77pIgb76UWIZV1o,53.40,67002452095704	,订单退费转入,53.40,系统处理工单时转移用户余额，订单号=WS2025122119353929877,2026-06-08 21:31:36,SYS,
olAFl611cTaUcRbUugJqlwH-id_U,399.00,69212612176611	,订单退费转入,399.00,工单系统审核退费单-套餐已作废/钱包已清零,2026-06-08 21:31:25,SYS,
olAFl6yvAxPFsKQ0SkyEULs7N1T4,120.00,864665064471886	,订单退费转入,120.00,工单系统流量套餐退款,2026-06-08 21:29:57,SYS,
olAFl67uG1yXxwU_6gLZcpnYZGJw,0.00,68772522026669	,用户提现,134.20,用户提现-退费单RF2026060821202412828,2026-06-08 21:24:19,用户提现,
olAFl67uG1yXxwU_6gLZcpnYZGJw,134.20,68772522026669	,订单退费转入,134.20,系统处理工单时转移用户余额，订单号=WS2026051023360115159,2026-06-08 21:20:24,SYS,
olAFl68PYgyILZScwn-C0oXEazxo,0.00,69142620032238	,用户提现,143.40,用户提现-退费单RF2026060123210199446,2026-06-08 21:14:20,用户提现,
olAFl64VQfkjr9sP7ZAACAusHcHU,0.00,67482610415314	,用户提现,46.00,用户提现-退费单RF2026060820145336712,2026-06-08 21:12:20,用户提现,
olAFl64VQfkjr9sP7ZAACAusHcHU,46.00,67482610415314	,订单退费转入,46.00,工单系统审核退费单-套餐已作废/钱包已清零,2026-06-08 21:11:52,SYS,
olAFl64wbJeMY3HK2JbprkCnRKSQ,0.00,67002447034545	,用户提现,1.20,用户提现-退费单RF2026060820560689083,2026-06-08 20:56:27,用户提现,
olAFl64wbJeMY3HK2JbprkCnRKSQ,1.20,67002447034545	,订单退费转入,1.20,系统处理工单时转移用户余额，订单号=WS2025092321394158148,2026-06-08 20:56:07,SYS,
ojb7F2G3EwoO6z7D977uzcRO6XIc,0.00,68932606060637	,用户提现,149.00,用户提现-退费单RF2026060710562641555,2026-06-08 20:52:43,用户提现,
olAFl64LT7jgOto5wsF6DtGYKFoc,0.00,68772602259129	,用户提现,39.00,用户提现-退费单RF2026060820475262432,2026-06-08 20:48:03,用户提现,
olAFl64LT7jgOto5wsF6DtGYKFoc,39.00,68772602259129	,订单退费转入,39.00,工单系统流量套餐退款,2026-06-08 20:47:53,SYS,
olAFl62W_AbVjPtvDi4drC4hrGsc,0.00,67482610418178	,用户提现,172.20,用户提现-退费单RF2026060820424649355,2026-06-08 20:47:08,用户提现,
olAFl658g0n3R476E9D2NajZ9ceg,0.00,68772612331911	,用户提现,47.80,用户提现-退费单RF2026060820031757382,2026-06-08 20:44:52,用户提现,
olAFl68PMuLDSTDYw7FyCQuNiJLQ,0.00,70032617031628	,用户提现,58.00,用户提现-退费单RF2026060820435620859,2026-06-08 20:44:16,用户提现,
olAFl68PMuLDSTDYw7FyCQuNiJLQ,58.00,70032617031628	,订单退费转入,58.00,工单系统流量套餐退款,2026-06-08 20:43:56,SYS,
olAFl663MMfMrxttSa4fG6xRvy5o,179.00,67492610674828	,订单退费转入,179.00,工单系统流量套餐退款 本单会员价格20.00元，不能退款,2026-06-08 20:43:53,SYS,
olAFl62W_AbVjPtvDi4drC4hrGsc,172.20,67482610418178	,订单退费转入,172.20,系统处理工单时转移用户余额，订单号=WS2026060417261425854,2026-06-08 20:42:46,SYS,
ojb7F2PvPM69Y2ymK6IAVpmjWoqY,0.00,68032536032450	,用户提现,109.00,用户提现-退费单RF2026052610340213547,2026-06-08 20:27:01,用户提现,
olAFl6-TRi0M_kTddVYqI8cXogKc,0.00,68772550196120	,用户提现,292.00,用户提现-退费单RF2026060323573011033,2026-06-08 20:26:31,用户提现,
ojb7F2PvPM69Y2ymK6IAVpmjWoqY,109.00,68032536032450	,订单退费转入,109.00,工单系统审核退费单-套餐已作废/钱包已清零,2026-06-08 20:26:03,SYS,
olAFl6wxgjBvNzK4Vbc0SpO_mN3o,0.00,69212612180227	,用户提现,54.00,用户提现-退费单RF2026060820233799293,2026-06-08 20:25:48,用户提现,
olAFl6wxgjBvNzK4Vbc0SpO_mN3o,54.00,69212612180227	,订单退费转入,54.00,系统处理工单时转移用户余额，订单号=WS2026042519140906138,2026-06-08 20:23:38,SYS,
olAFl658g0n3R476E9D2NajZ9ceg,47.80,68772612331911	,订单退费转入,47.80,系统处理工单时转移用户余额，订单号=WS2026052514253614951,2026-06-08 20:03:18,SYS,
olAFl6zIQqlu-buIEA1-nJ6PkVYE,0.00,86132437289499	,用户提现,4.20,用户提现-退费单RF2026060820015115595,2026-06-08 20:02:51,用户提现,
olAFl6zIQqlu-buIEA1-nJ6PkVYE,4.20,86132437289499	,订单退费转入,4.20,系统处理工单时转移用户余额，订单号=WS2025102517204054317,2026-06-08 20:01:51,SYS,
olAFl68mhIz9K2SoT51Htc-6_-UQ,0.00,60912426125081	,用户提现,83.10,用户提现-退费单RF2026051103152670,2026-06-08 19:06:46,用户提现,
olAFl63zMquV-jXSPSVKkNv1gr_Q,102.00,69212544103479	,订单退费转入,102.00,系统处理工单时转移用户余额，订单号=WS2026030208591498579,2026-06-08 18:53:26,SYS,
olAFl6-lHecUqJSmnvOWWg3m--fQ,0.00,67512445091296	,用户提现,155.20,用户提现-退费单RF2026060818483889866,2026-06-08 18:50:55,用户提现,
olAFl6-lHecUqJSmnvOWWg3m--fQ,155.20,67512445091296	,订单退费转入,155.20,系统处理工单时转移用户余额，订单号=WS2026041722170294575,2026-06-08 18:48:39,SYS,
ojb7F2KgwyTWQvZF9tC0Vt7Q8SYw,0.00,67002447025516	,用户提现,180.00,用户提现-退费单RF2026060818111914891,2026-06-08 18:12:02,用户提现,
ojb7F2KgwyTWQvZF9tC0Vt7Q8SYw,180.00,67002447025516	,订单退费转入,180.00,系统处理工单时转移用户余额，订单号=WS2026052900132786752,2026-06-08 18:11:19,SYS,
olAFl60iBaaSPkd1rrWGuk4SQU4Y,0.00,68772612317066	,用户提现,29.00,用户提现-退费单RF2026060219434421250,2026-06-08 18:01:54,用户提现,
olAFl60iBaaSPkd1rrWGuk4SQU4Y,29.00,68772612317066	,订单退费转入,29.00,工单系统审核退费单-套餐已作废/钱包已清零,2026-06-08 18:01:11,SYS,
olAFl613GGhINunXeoXLNL1QefTM,0.00,67482448043827	,用户提现,40.20,用户提现-退费单RF2026051803152822,2026-06-08 17:33:46,用户提现,
olAFl66EiM5F50no95VizeTAye5I,0.00,67512515164839	,用户提现,58.60,用户提现-退费单RF2026060816370758537,2026-06-08 17:05:25,用户提现,
olAFl61aEaAw8bbReQp6RjOxjVrs,0.00,69212612180921	,用户提现,34.40,用户提现-退费单RF2026060812401989128,2026-06-08 16:48:22,用户提现,
olAFl66EiM5F50no95VizeTAye5I,58.60,67512515164839	,订单退费转入,58.60,系统处理工单时转移用户余额，订单号=WS2026022621151633492,2026-06-08 16:37:08,SYS,
olAFl67b6f7KuTOy2XvI3BnHEFeg,0.00,67482610418351	,用户提现,19.00,用户提现-退费单RF2026060816224464080,2026-06-08 16:32:31,用户提现,
ojb7F2J6wkpFrOfGS6u3MoTntH24,0.00,68932612065531	,用户提现,94.00,用户提现-退费单RF2026060816284677935,2026-06-08 16:31:21,用户提现,
ojb7F2J6wkpFrOfGS6u3MoTntH24,94.00,68932612065531	,订单退费转入,94.00,工单系统流量套餐退款,2026-06-08 16:28:47,SYS,
olAFl697L1m6CcC2VIkv_T2QbXjE,0.00,63272428084305	,用户提现,74.50,用户提现-退费单RF2026060816261246785,2026-06-08 16:27:15,用户提现,
olAFl697L1m6CcC2VIkv_T2QbXjE,74.50,63272428084305	,订单退费转入,74.50,系统处理工单时转移用户余额，订单号=WN2026032416072324093,2026-06-08 16:26:12,SYS,
olAFl62KltQolsI_Jawr4fPeOuwA,0.00,69142620025904	,用户提现,472.00,用户提现-退费单RF2026060816234347660,2026-06-08 16:24:09,用户提现,
olAFl62KltQolsI_Jawr4fPeOuwA,472.00,69142620025904	,订单退费转入,472.00,工单系统流量套餐退款 本单会员价格20.00元，不能退款,2026-06-08 16:23:43,SYS,
olAFl67b6f7KuTOy2XvI3BnHEFeg,19.00,67482610418351	,订单退费转入,19.00,工单系统流量套餐退款,2026-06-08 16:22:45,SYS,
olAFl67tJ68MuQW3G_x-VIob0nts,95.00,68772602245056	,订单退费转入,95.00,工单系统流量套餐退款,2026-06-08 16:20:46,SYS,
olAFl65odAETRtPGRCtu90ssuikU,0.00,69212602133407	,用户提现,82.00,用户提现-退费单RF2026060816065915959,2026-06-08 16:08:43,用户提现,
olAFl65odAETRtPGRCtu90ssuikU,82.00,69212602133407	,订单退费转入,82.00,系统处理工单时转移用户余额，订单号=WS2026031120150293177,2026-06-08 16:06:59,SYS,
ojb7F2GQja4oq8T9Pb1Bn-xm2Jm4,0.00,68772602228136	,用户提现,39.00,用户提现-退费单RF2026060815452679081,2026-06-08 15:45:59,用户提现,
ojb7F2GQja4oq8T9Pb1Bn-xm2Jm4,39.00,68772602228136	,订单退费转入,39.00,工单系统流量套餐退款,2026-06-08 15:45:27,SYS,
olAFl64LT7jgOto5wsF6DtGYKFoc,0.00,68772602259129	,用户提现,39.00,用户提现-退费单RF2026060815450412097,2026-06-08 15:45:12,用户提现,
olAFl64LT7jgOto5wsF6DtGYKFoc,39.00,68772602259129	,订单退费转入,39.00,工单系统流量套餐退款,2026-06-08 15:45:04,SYS,
ojb7F2LdmIAbo9aiU3A277EoxEOY,0.00,70032617030599	,用户提现,19.00,用户提现-退费单RF2026060815435160856,2026-06-08 15:44:20,用户提现,
ojb7F2LdmIAbo9aiU3A277EoxEOY,19.00,70032617030599	,订单退费转入,19.00,工单系统流量套餐退款,2026-06-08 15:43:52,SYS,
olAFl6wgL_pzPMO1l5jjV0onilYY,0.00,867061073610879	,用户提现,94.00,用户提现-退费单RF2026060110051806670,2026-06-08 15:40:48,用户提现,
olAFl6yCoHX45POfe67mseRAZfXU,0.00,67482504280723	,用户提现,119.90,用户提现-退费单RF2026060303151671165,2026-06-08 15:36:14,用户提现,
olAFl6_9Fou5hNk23Z0zmE4piTQo,0.00,35682239057519	,用户提现,69.00,用户提现-退费单RF2026060810473241893,2026-06-08 15:29:42,用户提现,
olAFl6yH4DE5sYaVLcdCRcR62MQs,0.00,864665068105134	,用户提现,140.10,用户提现-退费单RF2026060815181590499,2026-06-08 15:18:42,用户提现,
olAFl6yH4DE5sYaVLcdCRcR62MQs,140.10,864665068105134	,订单退费转入,140.10,系统处理工单时转移用户余额，订单号=WS2026051221125428380,2026-06-08 15:18:16,SYS,
olAFl66W8VAa3D5UEf24T-sLj9JA,0.00,70032617030900	,用户提现,6.00,用户提现-退费单RF2026060815121961682,2026-06-08 15:15:09,用户提现,
olAFl66W8VAa3D5UEf24T-sLj9JA,6.00,70032617030900	,订单退费转入,6.00,系统处理工单时转移用户余额，订单号=WN2026060814475642733,2026-06-08 15:12:20,SYS,
olAFl69gKKjyjhZoaoav2EpyvfCs,0.00,864665065315223	,用户提现,450.00,用户提现-退费单RF2026060815053769128,2026-06-08 15:06:18,用户提现,
olAFl6zkpZbNZtkaF4MExlLCetcg,0.00,69212552125249	,用户提现,171.20,用户提现-退费单RF2026060815040199753,2026-06-08 15:05:44,用户提现,
olAFl69gKKjyjhZoaoav2EpyvfCs,450.00,864665065315223	,订单退费转入,450.00,工单系统流量套餐退款 本单会员价格20.00元，不能退款,2026-06-08 15:05:38,SYS,
olAFl6zkpZbNZtkaF4MExlLCetcg,171.20,69212552125249	,订单退费转入,171.20,系统处理工单时转移用户余额，订单号=WS2026060517152909336,2026-06-08 15:04:02,SYS,
olAFl66YlL1p671JJB-kU2DT3xko,0.00,70032611007258	,用户提现,349.00,用户提现-退费单RF2026060809120680532,2026-06-08 15:02:09,用户提现,
olAFl67VtlLUk3j6H2Fz8xRDlDoM,0.00,69212602134075	,用户提现,131.20,用户提现-退费单RF2026060813350010934,2026-06-08 13:35:12,用户提现,
olAFl67VtlLUk3j6H2Fz8xRDlDoM,131.20,69212602134075	,订单退费转入,131.20,系统处理工单时转移用户余额，订单号=WS2026012910395043778,2026-06-08 13:35:00,SYS,
olAFl63xb_HKbiDak96CgeW-dZs8,0.00,67002443008038	,用户提现,111.40,用户提现-退费单RF2026060519415614857,2026-06-08 13:28:17,用户提现,
olAFl65rQFUWox-VKzqqR2-XvZUg,0.00,69142620026507	,用户提现,86.00,用户提现-退费单RF2026060612532507058,2026-06-08 13:18:28,用户提现,
olAFl6z2JPHR9M1crU6AgdAmy5Po,0.00,69142620030456	,用户提现,180.00,用户提现-退费单RF2026060719351742771,2026-06-08 13:09:09,用户提现,
olAFl679rSsATP2Ibv5X2a0c0L2c,0.00,864665066274940	,用户提现,173.20,用户提现-退费单RF2026060715543867244,2026-06-08 13:07:53,用户提现,
olAFl60X4st3Gjc78_mIKl-XMa6A,0.00,70032611010506	,用户提现,109.00,用户提现-退费单RF2026060718591386391,2026-06-08 12:42:24,用户提现,
olAFl61aEaAw8bbReQp6RjOxjVrs,34.40,69212612180921	,订单退费转入,34.40,系统处理工单时转移用户余额，订单号=WS2026042209505601543,2026-06-08 12:40:20,SYS,
olAFl6-_oMxu6cstnJXkMmmSkoLE,106.00,67002447037040	,订单退费转入,106.00,工单系统流量套餐退款,2026-06-08 12:23:58,SYS,
olAFl6wOk6x5UcjZvBCREShTJPIg,0.00,69142620033735	,用户提现,106.00,用户提现-退费单RE2026051817190986062,2026-06-08 12:20:05,用户提现,
olAFl64-Nebj6B-gjPxqjzIextLI,44.60,68772543144450	,订单退费转入,44.60,系统处理工单时转移用户余额，订单号=WS2026031801302865717,2026-06-08 12:13:57,SYS,
olAFl6x1WSujYxaWGRwUrfA7jueg,0.00,69212612179094	,用户提现,122.20,用户提现-退费单RF2026060811213848761,2026-06-08 11:33:25,用户提现,
olAFl69x1wZNNHN-0aPCGLDZ5nbU,0.00,69212536015143	,用户提现,66.50,用户提现-退费单RF2026052503151825121,2026-06-08 11:25:09,用户提现,
olAFl62iUrB6VmtJ4yDOi4fOA4qE,0.00,69212612181851	,用户提现,54.00,用户提现-退费单RF2026052717401466687,2026-06-08 11:22:30,用户提现,
olAFl6x1WSujYxaWGRwUrfA7jueg,122.20,69212612179094	,订单退费转入,122.20,系统处理工单时转移用户余额，订单号=WS2026052119530084983,2026-06-08 11:21:38,SYS,
olAFl6_u3_wbmdmqiHDeZXNThsLM,0.00,67492609648990	,用户提现,94.00,用户提现-退费单RF2026060807200474645,2026-06-08 11:15:15,用户提现,
olAFl6zkK69MFoO6W3spBbwswZxw,0.00,67492509466792	,用户提现,69.50,用户提现-退费单RF2026060811142501010,2026-06-08 11:15:08,用户提现,
olAFl6zkK69MFoO6W3spBbwswZxw,69.50,67492509466792	,订单退费转入,69.50,系统处理工单时转移用户余额，订单号=WN2026010120183581948,2026-06-08 11:14:25,SYS,
olAFl69O2lu9YNm0_Qx7mqCQ4Viw,0.00,69212612184048	,用户提现,403.00,用户提现-退费单RF2026060711094321486,2026-06-08 10:51:34,用户提现,
olAFl6_9Fou5hNk23Z0zmE4piTQo,69.00,35682239057519	,订单退费转入,69.00,工单系统流量套餐退款,2026-06-08 10:47:32,SYS,
olAFl69G3_DPMyB4Bs0yHFH-RAFk,0.00,69212536002619	,用户提现,152.40,用户提现-退费单RF2026060810384284436,2026-06-08 10:40:35,用户提现,
olAFl69G3_DPMyB4Bs0yHFH-RAFk,152.40,69212536002619	,订单退费转入,94.40,系统处理工单时转移用户余额，订单号=WS2026050700173994378,2026-06-08 10:38:43,SYS,
olAFl64A1bdsqdb_I-SvklyDlh3o,0.00,58812421072549	,用户提现,166.10,用户提现-退费单RF2026060810290658068,2026-06-08 10:29:44,用户提现,
olAFl64A1bdsqdb_I-SvklyDlh3o,166.10,58812421072549	,订单退费转入,166.10,系统处理工单时转移用户余额，订单号=WS2026060809550349865,2026-06-08 10:29:07,SYS,
olAFl6zhT5pALdkeeGY6VXfeOO5k,0.00,68772602224860	,用户提现,33.70,用户提现-退费单RF2026052103151199364,2026-06-08 10:14:37,用户提现,
olAFl6ypXBxV72TNXrrJUw5LnS4M,0.00,69212612179781	,用户提现,121.20,用户提现-退费单RF2026060809554173087,2026-06-08 09:56:55,用户提现,
olAFl6ypXBxV72TNXrrJUw5LnS4M,121.20,69212612179781	,订单退费转入,121.20,系统处理工单时转移用户余额，订单号=WS2026051409523206980,2026-06-08 09:55:42,SYS,
olAFl6_bhpF8JPOC3Inb4f3PpI3c,0.00,67492445304508	,用户提现,111.30,用户提现-退费单RF2026060809544162673,2026-06-08 09:54:56,用户提现,
olAFl6_bhpF8JPOC3Inb4f3PpI3c,111.30,67492445304508	,订单退费转入,111.30,系统处理工单时转移用户余额，订单号=WS2026031121041935185,2026-06-08 09:54:42,SYS,
olAFl66Rb3JQmtRJhK-oMuQhtVNc,0.00,67482448041812	,用户提现,29.00,用户提现-退费单RF2026060303151233288,2026-06-08 09:47:50,用户提现,
olAFl66rqmQe_b418Lo12rYvzHMo,199.00,69212612183790	,订单退费转入,199.00,工单系统流量套餐退款,2026-06-08 09:41:55,SYS,
olAFl6z5PAohXUjQspsCZ_sawqmw,0.00,67492445313427	,用户提现,83.50,用户提现-退费单RF2026060619525681654,2026-06-08 09:19:11,用户提现,
olAFl66YlL1p671JJB-kU2DT3xko,349.00,70032611007258	,订单退费转入,349.00,工单系统流量套餐退款 本单会员价格20.00元，不能退款,2026-06-08 09:12:07,SYS,
olAFl6-C1VLMytFlWknfHzyNz1Vw,0.00,67002535392082	,用户提现,79.90,用户提现-退费单RF2026060809014807743,2026-06-08 09:03:11,用户提现,
olAFl6-C1VLMytFlWknfHzyNz1Vw,79.90,67002535392082	,订单退费转入,79.90,系统处理工单时转移用户余额，订单号=WS2025122422120844421,2026-06-08 09:01:48,SYS,
olAFl64wQtLqGoEvu0pbf4wNL4uw,457.00,70032611007363	,订单退费转入,457.00,工单系统流量套餐退款,2026-06-08 08:26:53,SYS,
olAFl69Q5AFzrkkFfCo25ka6dRSI,0.00,68932538031775	,用户提现,42.00,用户提现-退费单RF2026060722422164918,2026-06-08 08:11:45,用户提现,
odELQ6jZsYMAwcI9uBz-T8xwBiF0,0.00,68832532005925	,用户提现,286.00,用户提现-退费单RF2026060808053548570,2026-06-08 08:06:53,用户提现,
odELQ6jZsYMAwcI9uBz-T8xwBiF0,286.00,68832532005925	,订单退费转入,286.00,工单系统流量套餐退款,2026-06-08 08:05:35,SYS,
olAFl6z-v_I_mrcxEeg-nD8icUlA,0.00,67002509239679	,用户提现,54.00,用户提现-退费单RF2026060621283413567,2026-06-08 07:59:47,用户提现,
ojb7F2JS0dvFYjCSHvf4S1dRgkkE,0.00,69142529013974	,用户提现,169.00,用户提现-退费单RF2026060807550476117,2026-06-08 07:56:42,用户提现,
ojb7F2JS0dvFYjCSHvf4S1dRgkkE,169.00,69142529013974	,订单退费转入,169.00,工单系统流量套餐退款 本单会员价格20.00元，不能退款,2026-06-08 07:55:05,SYS,
olAFl6_u3_wbmdmqiHDeZXNThsLM,94.00,67492609648990	,订单退费转入,94.00,工单系统流量套餐退款,2026-06-08 07:20:05,SYS,
olAFl60uCIkduWXAs5SHWG4yq_-A,0.00,67482449125311	,用户提现,95.20,用户提现-退费单RF2026060801140624159,2026-06-08 01:14:38,用户提现,
olAFl60uCIkduWXAs5SHWG4yq_-A,95.20,67482449125311	,订单退费转入,95.20,系统处理工单时转移用户余额，订单号=WS2025110407535936818 本单会员价格20.00元，不能退款,2026-06-08 01:14:06,SYS,
olAFl68xvGVzH8GDLl8s2QSlsV1Y,0.00,67512534242694	,用户提现,109.00,用户提现-退费单RF2026060800023900335,2026-06-08 00:02:59,用户提现,
olAFl68xvGVzH8GDLl8s2QSlsV1Y,109.00,67512534242694	,订单退费转入,109.00,工单系统流量套餐退款,2026-06-08 00:02:39,SYS,
olAFl60OGDOLyDq-bF-Cek-rBU5g,0.00,67002447022984	,用户提现,442.20,用户提现-退费单RF2026060608542758014,2026-06-07 23:42:28,用户提现,
olAFl6zObwAGp4mp6V8axJvYdiaU,0.00,67492609640141	,用户提现,172.20,用户提现-退费单RF2026060723142027537,2026-06-07 23:17:10,用户提现,
olAFl6zObwAGp4mp6V8axJvYdiaU,172.20,67492609640141	,订单退费转入,172.20,系统处理工单时转移用户余额，订单号=WS2026060621061008051,2026-06-07 23:14:20,SYS,
olAFl6x9EnnXHwTAfkJ_hhgRiDtA,0.00,68772612318091	,用户提现,382.00,用户提现-退费单RF2026060723062818785,2026-06-07 23:06:56,用户提现,
olAFl6x9EnnXHwTAfkJ_hhgRiDtA,382.00,68772612318091	,订单退费转入,382.00,工单系统流量套餐退款,2026-06-07 23:06:28,SYS,
olAFl66YXIhhQEPh86nn8FnybSpI,0.00,67482504271089	,用户提现,361.00,用户提现-退费单RF2026060722361499374,2026-06-07 23:03:39,用户提现,
olAFl6xkoW1466QbIhIXpZVTEGE8,0.00,60912414058385	,用户提现,118.40,用户提现-退费单RF2026060722411957080,2026-06-07 22:42:56,用户提现,
olAFl69Q5AFzrkkFfCo25ka6dRSI,42.00,68932538031775	,订单退费转入,42.00,工单系统流量套餐退款,2026-06-07 22:42:22,SYS,
olAFl6xkoW1466QbIhIXpZVTEGE8,118.40,60912414058385	,订单退费转入,118.40,系统处理工单时转移用户余额，订单号=WS2026041808454553744,2026-06-07 22:41:20,SYS,
olAFl6yXtCm_4F6H1re5gvNR61VU,0.00,67492552548449	,用户提现,34.60,用户提现-退费单RF2026060714352716731,2026-06-07 22:40:43,用户提现,
olAFl66YXIhhQEPh86nn8FnybSpI,361.00,67482504271089	,订单退费转入,361.00,工单系统流量套餐退款,2026-06-07 22:36:15,SYS,
olAFl69mX0A6fHRYghMIKiRiBPUI,0.00,68772612354726	,用户提现,29.00,用户提现-退费单RF2026060203150631315,2026-06-07 22:28:03,用户提现,
olAFl65micrTEJZCHaHV0uC2XTl8,29.00,70032617035654	,订单退费转入,29.00,工单系统流量套餐退款,2026-06-07 22:27:32,SYS,
olAFl64j1xhyxxU8MY6VRotng_AU,0.00,67482449098071	,用户提现,361.00,用户提现-退费单RF2026060722142451551,2026-06-07 22:15:15,用户提现,
olAFl64j1xhyxxU8MY6VRotng_AU,361.00,67482449098071	,订单退费转入,361.00,工单系统流量套餐退款 本单会员价格20.00元，不能退款,2026-06-07 22:14:25,SYS,
ojb7F2L8sC5xj8CqXmH7iC0MCijI,0.00,70032617027403	,用户提现,172.20,用户提现-退费单RF2026060722125072842,2026-06-07 22:13:31,用户提现,
ojb7F2L8sC5xj8CqXmH7iC0MCijI,172.20,70032617027403	,订单退费转入,172.20,系统处理工单时转移用户余额，订单号=WS2026060308000027910,2026-06-07 22:12:51,SYS,
olAFl6_O5tjLXhl2DC77iENBO0es,300.00,69212606157235	,订单退费转入,300.00,工单系统流量套餐退款,2026-06-07 21:47:08,SYS,
olAFl63ioA7liZDEVawzJRekgI50,106.00,864665067286976	,订单退费转入,106.00,工单系统流量套餐退款 本单会员价格20.00元，不能退款,2026-06-07 21:37:56,SYS,
olAFl69onTeN3kzMPCagIYipxtPk,0.00,69212602135170	,用户提现,125.20,用户提现-退费单RF2026060721155163692,2026-06-07 21:37:02,用户提现,
olAFl6yF6FgnrLWh2akMcK3RkqeY,0.00,67512443056681	,用户提现,95.20,用户提现-退费单RF2026060721195948450,2026-06-07 21:23:03,用户提现,
olAFl6yF6FgnrLWh2akMcK3RkqeY,95.20,67512443056681	,订单退费转入,95.20,系统处理工单时转移用户余额，订单号=WN2026060619574208275,2026-06-07 21:19:59,SYS,
olAFl69onTeN3kzMPCagIYipxtPk,125.20,69212602135170	,订单退费转入,125.20,系统处理工单时转移用户余额，订单号=WS2026032523233717284,2026-06-07 21:15:52,SYS,
olAFl6wLohIZJrNCvyNEksk5hYRk,0.00,864665069021306	,用户提现,146.00,用户提现-退费单RF2026060721091403484,2026-06-07 21:15:01,用户提现,
olAFl6-yzzaMnHA8uptF98gd8v9s,400.00,70032611013896	,订单退费转入,400.00,工单系统流量套餐退款,2026-06-07 21:10:48,SYS,
olAFl6wLohIZJrNCvyNEksk5hYRk,146.00,864665069021306	,订单退费转入,146.00,工单系统流量套餐退款 本单会员价格20.00元，不能退款,2026-06-07 21:09:14,SYS,
olAFl68IDjGUL5IB254JZCTVcW2c,0.00,67512535271477	,用户提现,61.00,用户提现-退费单RF2026060107112359096,2026-06-07 20:57:03,用户提现,
olAFl623uInwindugZs4efFcdRTc,0.00,67002509250905	,用户提现,63.80,用户提现-退费单RF2026060619191692999,2026-06-07 20:40:38,用户提现,
ojb7F2AosiIB9Q42LoqfesSfhLp0,0.00,69212606159344	,用户提现,227.00,用户提现-退费单RF2026060623053879051,2026-06-07 20:40:10,用户提现,
olAFl6-ju2lh2tdl08aeYtF6wj5A,0.00,864665067746573	,用户提现,145.30,用户提现-退费单RF2026052903151307238,2026-06-07 20:28:58,用户提现,
olAFl6302RUXZh5b5IDy7L1tBGVk,0.00,69212536019425	,用户提现,22.00,用户提现-退费单RF2026060720112163225,2026-06-07 20:14:17,用户提现,
olAFl6302RUXZh5b5IDy7L1tBGVk,22.00,69212536019425	,订单退费转入,22.00,系统处理工单时转移用户余额，订单号=WN2026041320020797063,2026-06-07 20:11:22,SYS,
olAFl66QreVvONamEawxfTgXOgnA,0.00,67912450003530	,用户提现,54.00,用户提现-退费单RF2026052803150989717,2026-06-07 20:06:57,用户提现,
olAFl67jfPfwet5399x51RAg2yqQ,0.00,67482504313621	,用户提现,49.90,用户提现-退费单RF2026060720052308672,2026-06-07 20:05:41,用户提现,
olAFl67jfPfwet5399x51RAg2yqQ,49.90,67482504313621	,订单退费转入,49.90,系统处理工单时转移用户余额，订单号=WS2026040916174762857,2026-06-07 20:05:23,SYS,
olAFl628MsC6_sjXx02q9SmQA1tI,0.00,67512534241760	,用户提现,72.00,用户提现-退费单RF2026052903155609371,2026-06-07 20:03:38,用户提现,
olAFl6_57oxixQ4rkeBQYQ0G-t_c,0.00,60912414054564	,用户提现,82.40,用户提现-退费单RF2026060720025554274,2026-06-07 20:03:17,用户提现,
olAFl6_57oxixQ4rkeBQYQ0G-t_c,82.40,60912414054564	,订单退费转入,82.40,系统处理工单时转移用户余额，订单号=WS2025092308002780695,2026-06-07 20:02:56,SYS,
olAFl69BH_pPO5kGbYiAKeYflB6I,0.00,68772543132881	,用户提现,116.80,用户提现-退费单RF2026060116563788553,2026-06-07 19:53:27,用户提现,
olAFl6_feZXW7jUdWFomzSnGE8q8,0.00,60912411002942	,用户提现,28.40,用户提现-退费单RF2026060719515484825,2026-06-07 19:52:36,用户提现,
olAFl6_feZXW7jUdWFomzSnGE8q8,28.40,60912411002942	,订单退费转入,28.40,系统处理工单时转移用户余额，订单号=WN2025092715134931198,2026-06-07 19:51:55,SYS,
olAFl69cl9GFmH5xrY8EoesqbUiE,0.00,58812421071348	,用户提现,56.80,用户提现-退费单RF2026060719480496916,2026-06-07 19:48:45,用户提现,
olAFl69cl9GFmH5xrY8EoesqbUiE,56.80,58812421071348	,订单退费转入,56.80,系统处理工单时转移用户余额，订单号=WS2026021400362409770,2026-06-07 19:48:05,SYS,
olAFl6z2JPHR9M1crU6AgdAmy5Po,180.00,69142620030456	,订单退费转入,180.00,系统处理工单时转移用户余额，订单号=WS2026060119180654967,2026-06-07 19:35:17,SYS,
olAFl60NHFtOR4LlDI_cz9T7fgNM,0.00,864665066220273	,用户提现,23.90,用户提现-退费单RF2026060719341550474,2026-06-07 19:34:51,用户提现,
olAFl60NHFtOR4LlDI_cz9T7fgNM,23.90,864665066220273	,订单退费转入,23.90,系统处理工单时转移用户余额，订单号=WN2026030516113850590,2026-06-07 19:34:16,SYS,
olAFl63KkxJjflcKL5HLwWO2w4ow,0.00,67002453147610	,用户提现,66.00,用户提现-退费单RF2026060719271957677,2026-06-07 19:30:53,用户提现,
olAFl63KkxJjflcKL5HLwWO2w4ow,66.00,67002453147610	,订单退费转入,66.00,系统处理工单时转移用户余额，订单号=WS2026032621361085559,2026-06-07 19:27:20,SYS,
olAFl60X4st3Gjc78_mIKl-XMa6A,109.00,70032611010506	,订单退费转入,109.00,工单系统流量套餐退款,2026-06-07 18:59:14,SYS,
olAFl68-bBjSuMcXDAssr4155VoI,0.00,69212544101823	,用户提现,399.00,用户提现-退费单RF2026060718465883032,2026-06-07 18:47:39,用户提现,
olAFl68-bBjSuMcXDAssr4155VoI,399.00,69212544101823	,订单退费转入,399.00,工单系统流量套餐退款,2026-06-07 18:46:59,SYS,
olAFl63xP8sQyz7CqZ7WNfOfs7iI,0.00,60992437002395	,用户提现,90.70,用户提现-退费单RF2026060718162050780,2026-06-07 18:17:06,用户提现,
olAFl63xP8sQyz7CqZ7WNfOfs7iI,90.70,60992437002395	,订单退费转入,90.70,工单系统流量套餐退款 组合支付：微信退费 90.70,2026-06-07 18:16:21,SYS,
olAFl6wmHdnEKEXuPe52q7IeRjsU,0.00,67512534240454	,用户提现,33.90,用户提现-退费单RF2026060718083402779,2026-06-07 18:12:03,用户提现,
olAFl6wmHdnEKEXuPe52q7IeRjsU,33.90,67512534240454	,订单退费转入,33.90,系统处理工单时转移用户余额，订单号=WS2025122517292916484,2026-06-07 18:08:34,SYS,
olAFl62_5nFPs8eGhS_R0hXEOGfI,0.00,67492552542195	,用户提现,298.00,用户提现-退费单RF2026060718020406281,2026-06-07 18:02:19,用户提现,
olAFl62_5nFPs8eGhS_R0hXEOGfI,298.00,67492552542195	,订单退费转入,298.00,系统处理工单时转移用户余额，订单号=WS2026031420305616545,2026-06-07 18:02:04,SYS,
olAFl646WgVj5spTFfhURXuJPd0k,0.00,67002509243660	,用户提现,58.60,用户提现-退费单RF2026060717555480132,2026-06-07 17:57:02,用户提现,
olAFl646WgVj5spTFfhURXuJPd0k,58.60,67002509243660	,订单退费转入,58.60,系统处理工单时转移用户余额，订单号=WS2025121309384274196,2026-06-07 17:55:55,SYS,
olAFl68IeKjFgdriw8op9r6nEME4,0.00,69142620028950	,用户提现,19.00,用户提现-退费单RF2026052517244930999,2026-06-07 17:13:06,用户提现,
olAFl65_BGhyEAn4LeBuKRzqRTBc,0.00,68772610301765	,用户提现,61.00,用户提现-退费单RF2026060716531429590,2026-06-07 16:54:43,用户提现,
ojb7F2CH9k2kujxu3b5GAea5QF_o,0.00,69142620033028	,用户提现,171.20,用户提现-退费单RF2026060716524316146,2026-06-07 16:53:47,用户提现,
olAFl65_BGhyEAn4LeBuKRzqRTBc,61.00,68772610301765	,订单退费转入,61.00,工单系统流量套餐退款,2026-06-07 16:53:14,SYS,
ojb7F2CH9k2kujxu3b5GAea5QF_o,171.20,69142620033028	,订单退费转入,171.20,系统处理工单时转移用户余额，订单号=WS2026052911364929467,2026-06-07 16:52:43,SYS,
olAFl61aUhV_CsQGO2SA4gJvvnLg,0.00,68772528055820	,用户提现,100.20,用户提现-退费单RF2026051721181819,2026-06-07 16:49:21,用户提现,
o2uAP62tOnyZKy3VNY2GGU_ntGcM,0.00,328812678	,用户提现,559.00,用户提现-退费单RF2026060716443465983,2026-06-07 16:45:54,用户提现,
o2uAP62tOnyZKy3VNY2GGU_ntGcM,559.00,328812678	,订单退费转入,559.00,工单系统流量套餐退款,2026-06-07 16:44:35,SYS,
ojb7F2OZn_4kODm_VMrBExOjPGyo,0.00,70032617032145	,用户提现,179.00,用户提现-退费单RF2026060716430785112,2026-06-07 16:44:04,用户提现,
ojb7F2OZn_4kODm_VMrBExOjPGyo,179.00,70032617032145	,订单退费转入,179.00,工单系统流量套餐退款,2026-06-07 16:43:08,SYS,
olAFl6_zPbRVWKlWJ6A6lfPkLmRY,0.00,70032611011090	,用户提现,479.00,用户提现-退费单RF2026060716312375627,2026-06-07 16:41:00,用户提现,
olAFl6_zPbRVWKlWJ6A6lfPkLmRY,479.00,70032611011090	,订单退费转入,479.00,工单系统流量套餐退款 本单会员价格20.00元，不能退款,2026-06-07 16:31:24,SYS,
ojb7F2EeEn6aRbmjIFw3oYbd93YQ,0.00,70032617035090	,用户提现,6.00,用户提现-退费单RF2026060615094513125 微信退款失败：订单已全额退款,2026-06-07 16:28:06,用户提现,
olAFl62ntXs8UP2OlYSkqGY0hLpk,0.00,60912411019388	,用户提现,106.00,用户提现-退费单RF2026052909411977184,2026-06-07 16:23:30,用户提现,
olAFl6_7lJZKyDULCf8VszLmed3Y,0.00,68772522029047	,用户提现,134.00,用户提现-退费单RF2026052803151208885,2026-06-07 16:03:10,用户提现,
olAFl6xt1st3G2wHXHxmXyhFdN7I,0.00,67002523285083	,用户提现,122.00,用户提现-退费单RF2026060716010374895,2026-06-07 16:01:50,用户提现,
olAFl6xt1st3G2wHXHxmXyhFdN7I,122.00,67002523285083	,订单退费转入,122.00,系统处理工单时转移用户余额，订单号=WS2025091521274496570,2026-06-07 16:01:04,SYS,
olAFl679rSsATP2Ibv5X2a0c0L2c,173.20,864665066274940	,订单退费转入,173.20,系统处理工单时转移用户余额，订单号=WS2026060709051313311,2026-06-07 15:54:39,SYS,
olAFl60WZm7yGHtW3s4rdAads2Gk,0.00,68032536032796	,用户提现,121.00,用户提现-退费单RF2026060711250596130,2026-06-07 15:51:30,用户提现,
olAFl69tQbZ1M5-kPJ705G9Y8s-c,0.00,68772602245674	,用户提现,121.00,用户提现-退费单RF2026060715395656563,2026-06-07 15:43:37,用户提现,
olAFl69tQbZ1M5-kPJ705G9Y8s-c,121.00,68772602245674	,订单退费转入,121.00,系统处理工单时转移用户余额，订单号=WS2026020320482180135,2026-06-07 15:39:57,SYS,
olAFl62LGzJZDMYfmBKt6k9uyed4,0.00,67492602584811	,用户提现,58.00,用户提现-退费单RF2026060715104115753,2026-06-07 15:11:25,用户提现,
olAFl62LGzJZDMYfmBKt6k9uyed4,58.00,67492602584811	,订单退费转入,58.00,工单系统流量套餐退款,2026-06-07 15:10:41,SYS,
olAFl64DLV1hNX_Ak2AqLqSJi-VI,0.00,68932532019843	,用户提现,425.00,用户提现-退费单RF2026060711372539719,2026-06-07 15:05:17,用户提现,
olAFl60hqc8fbG4Tx1U-T2EK__eI,0.00,69212537027936	,用户提现,106.00,用户提现-退费单RF2026060710305346666,2026-06-07 15:02:19,用户提现,
olAFl60gJQDs_NIvBtrjX62Ry2Q4,0.00,67492509452684	,用户提现,120.00,用户提现-退费单RF2026060710045121045,2026-06-07 15:02:12,用户提现,
olAFl61wt1DG03s4o98kWz2IFjsU,0.00,60912414043231	,用户提现,94.00,用户提现-退费单RF2026060714540319359,2026-06-07 14:54:33,用户提现,
olAFl61wt1DG03s4o98kWz2IFjsU,94.00,60912414043231	,订单退费转入,94.00,工单系统流量套餐退款,2026-06-07 14:54:03,SYS,
olAFl64kENMFWgOYfA7F4RchPJdc,0.00,70032611014631	,用户提现,399.00,用户提现-退费单RF2026053016260495158,2026-06-07 14:45:37,用户提现,
ojb7F2D1he0NzHMEPaztPp6xYZRE,299.00,68772602247200	,订单退费转入,299.00,工单系统流量套餐退款,2026-06-07 14:43:19,SYS,
olAFl6yXtCm_4F6H1re5gvNR61VU,34.60,67492552548449	,订单退费转入,34.60,系统处理工单时转移用户余额，订单号=WS2026020200024893974,2026-06-07 14:35:27,SYS,
olAFl6yoclKuKEnoEri0J6C2capM,0.00,70032617029433	,用户提现,479.00,用户提现-退费单RF2026060713520703947,2026-06-07 14:20:17,用户提现,
olAFl69oFB5vdOuxhZdiHqrxbjYA,210.00,69142620034581	,订单退费转入,210.00,工单系统审核退费单-套餐已作废/钱包已清零,2026-06-07 14:20:12,SYS,
odELQ6nhojuU6k4SaKcty2ORdA1Q,0.00,68712535007608	,用户提现,105.00,用户提现-退费单RF2026052803152498715,2026-06-07 14:20:09,用户提现,
olAFl6_8gDPYX8wfb5Fbdm7GKjVo,0.00,69212602145278	,用户提现,80.40,用户提现-退费单RF2026060713593424376,2026-06-07 14:01:16,用户提现,
odELQ6i-qZK_piVkiGRozhFTtVu8,140.10,67682451003015	,订单退费转入,140.10,系统处理工单时转移用户余额，订单号=WS2026060710091938056,2026-06-07 14:00:38,SYS,
olAFl6_8gDPYX8wfb5Fbdm7GKjVo,80.40,69212602145278	,订单退费转入,80.40,系统处理工单时转移用户余额，订单号=WS2026040620594601477,2026-06-07 13:59:34,SYS,
olAFl6yoclKuKEnoEri0J6C2capM,479.00,70032617029433	,订单退费转入,479.00,工单系统流量套餐退款 本单会员价格20.00元，不能退款,2026-06-07 13:52:07,SYS,
olAFl6y7iS-DgXy2CDpk6oiUQWNs,0.00,	,系统扣费,106.00,用户无可退退费单，钱包清零,2026-06-07 13:17:04,SYS,
olAFl69zFuSMiuC3XZ1aFAIYf9uk,0.00,69212612177817	,用户提现,122.20,用户提现-退费单RF2026060713124283931,2026-06-07 13:13:26,用户提现,
olAFl69zFuSMiuC3XZ1aFAIYf9uk,122.20,69212612177817	,订单退费转入,122.20,系统处理工单时转移用户余额，订单号=WS2026051120185932053,2026-06-07 13:12:43,SYS,
olAFl64t3rXjPdmoZu-bVurXnVmo,0.00,67482610412506	,用户提现,84.40,用户提现-退费单RF2026060712550264849,2026-06-07 13:11:57,用户提现,
olAFl65EqhsgLjiRozqGJkEFyHiM,0.00,67512440001024	,用户提现,320.00,用户提现-退费单RF2026060712485696645,2026-06-07 13:02:41,用户提现,
olAFl64t3rXjPdmoZu-bVurXnVmo,84.40,67482610412506	,订单退费转入,84.40,系统处理工单时转移用户余额，订单号=WS2026032612555744350,2026-06-07 12:55:03,SYS,
olAFl65EqhsgLjiRozqGJkEFyHiM,320.00,67512440001024	,订单退费转入,320.00,工单系统流量套餐退款,2026-06-07 12:48:57,SYS,
olAFl648t_-NoYV3KwOkLn6XDz9M,102.00,70032611006449	,订单退费转入,102.00,系统处理工单时转移用户余额，订单号=WS2026051310124554268,2026-06-07 12:37:32,SYS,
olAFl6xDOL-9YPF-Muw2Kh3dA_hU,0.00,68772550175624	,用户提现,89.20,用户提现-退费单RF2026051203150821,2026-06-07 12:29:15,用户提现,
olAFl6z67KAgYjjLJNpvh_vvbtx4,0.00,70032617031765	,用户提现,53.20,用户提现-退费单RF2026060712100328268,2026-06-07 12:20:37,用户提现,
olAFl65WdZtsh8SYZ8bD9t5k7ElA,0.00,68772602260665	,用户提现,120.00,用户提现-退费单RF2026060712100234146,2026-06-07 12:14:37,用户提现,
olAFl6z67KAgYjjLJNpvh_vvbtx4,53.20,70032617031765	,订单退费转入,53.20,系统处理工单时转移用户余额，订单号=WS2026060617315279117,2026-06-07 12:10:03,SYS,
olAFl65WdZtsh8SYZ8bD9t5k7ElA,120.00,68772602260665	,订单退费转入,120.00,工单系统流量套餐退款,2026-06-07 12:10:02,SYS,
olAFl69Zh42PMqXl3K66YU3YBufA,0.00,67512535288897	,用户提现,122.40,用户提现-退费单RF2026052903155605140,2026-06-07 11:42:15,用户提现,
olAFl6-jgeKDXD7ky3zxBcMZGcNM,0.00,67512445096215	,用户提现,68.60,用户提现-退费单RF2026060711392683256 微信退款失败：当前商户号暂不能进行“资金付款类”相关业务操作，可前往“微信支付商家助手”小程序 >“业务受限处理”了解原因,2026-06-07 11:39:53,用户提现,
olAFl6-jgeKDXD7ky3zxBcMZGcNM,68.60,67512445096215	,订单退费转入,68.60,系统处理工单时转移用户余额，订单号=WS2026022708323490710,2026-06-07 11:39:27,SYS,
olAFl64DLV1hNX_Ak2AqLqSJi-VI,425.00,68932532019843	,订单退费转入,425.00,工单系统流量套餐退款 本单会员价格20.00元，不能退款,2026-06-07 11:37:25,SYS,
olAFl66FQIjCCNU2kGGhv-wEIc-g,0.00,67492442201661	,用户提现,94.00,用户提现-退费单RF2026060621134988582,2026-06-07 11:27:31,用户提现,
olAFl6xBnbABlFa4bxd4PFQBDlYw,0.00,69212606160680	,用户提现,36.00,用户提现-退费单RF2026060600091825919,2026-06-07 11:25:49,用户提现,
olAFl60WZm7yGHtW3s4rdAads2Gk,121.00,68032536032796	,订单退费转入,121.00,系统处理工单时转移用户余额，订单号=WS2026020713214843348,2026-06-07 11:25:06,SYS,
olAFl64s1oU6qQotxZ2uqEF87VTg,0.00,67492517495130	,用户提现,102.00,用户提现-退费单RF2026052603152682087,2026-06-07 11:19:15,用户提现,
olAFl632Cm34JAVFlFIdGpVzNLrk,0.00,68772610297260	,用户提现,86.00,用户提现-退费单RF2026060711054012862,2026-06-07 11:10:05,用户提现,
olAFl69O2lu9YNm0_Qx7mqCQ4Viw,403.00,69212612184048	,订单退费转入,403.00,工单系统流量套餐退款,2026-06-07 11:09:43,SYS,
olAFl632Cm34JAVFlFIdGpVzNLrk,86.00,68772610297260	,订单退费转入,86.00,工单系统流量套餐退款,2026-06-07 11:05:40,SYS,
ojb7F2G3EwoO6z7D977uzcRO6XIc,149.00,68932606060637	,订单退费转入,149.00,工单系统流量套餐退款 本单会员价格20.00元，不能退款,2026-06-07 10:56:26,SYS,
olAFl6z-GnK80z7mSjo6shcegSNs,0.00,67482512335922	,用户提现,120.10,用户提现-退费单RF2026060710480837213,2026-06-07 10:48:38,用户提现,
olAFl6z-GnK80z7mSjo6shcegSNs,120.10,67482512335922	,订单退费转入,120.10,系统处理工单时转移用户余额，订单号=WS2025121421375054448,2026-06-07 10:48:08,SYS,
olAFl60NA9kVe-vQ9__9rSqPnQOs,0.00,70032617027346	,用户提现,109.00,用户提现-退费单RF2026060619491148912,2026-06-07 10:47:49,用户提现,
olAFl6wTxAN5YYwn5atBhZuHqGa0,0.00,68772604269998	,用户提现,86.00,用户提现-退费单RF2026060710381628570,2026-06-07 10:42:38,用户提现,
olAFl6wTxAN5YYwn5atBhZuHqGa0,86.00,68772604269998	,订单退费转入,86.00,工单系统流量套餐退款,2026-06-07 10:38:16,SYS,
olAFl62c-dfZfHsJ-vBBwd2nAHiY,0.00,68772610299603	,用户提现,30.40,用户提现-退费单RF2026060710313474982,2026-06-07 10:32:03,用户提现,
olAFl62c-dfZfHsJ-vBBwd2nAHiY,30.40,68772610299603	,订单退费转入,30.40,系统处理工单时转移用户余额，订单号=WS2026032210051706099,2026-06-07 10:31:35,SYS,
olAFl60hqc8fbG4Tx1U-T2EK__eI,106.00,69212537027936	,订单退费转入,106.00,工单系统流量套餐退款 本单会员价格20.00元，不能退款,2026-06-07 10:30:53,SYS,
olAFl61Ea7DRiRinJHiCnj-22A0I,0.00,68772612317344	,用户提现,50.00,用户提现-退费单RF2026060612063185020,2026-06-07 10:17:07,用户提现,
olAFl6yb5XwZMtZ-_IBVd_9AJWWE,0.00,68772602249491	,用户提现,69.00,用户提现-退费单RF2026060621034887445,2026-06-07 10:12:52,用户提现,
olAFl60gJQDs_NIvBtrjX62Ry2Q4,120.00,67492509452684	,订单退费转入,120.00,工单系统流量套餐退款,2026-06-07 10:04:51,SYS,
olAFl69lTg1Ev79TpS-zhkCPm2Ss,0.00,68772528054023	,用户提现,133.60,用户提现-退费单RF2026060709434758532,2026-06-07 09:52:56,用户提现,
olAFl68o41vonZk0cgNmyyPNIU4Q,0.00,67492538510885	,用户提现,116.20,用户提现-退费单RF2026060709474826132,2026-06-07 09:48:16,用户提现,
olAFl68o41vonZk0cgNmyyPNIU4Q,116.20,67492538510885	,订单退费转入,116.20,系统处理工单时转移用户余额，订单号=WS2025122519210275094,2026-06-07 09:47:48,SYS,
olAFl69lTg1Ev79TpS-zhkCPm2Ss,133.60,68772528054023	,订单退费转入,133.60,系统处理工单时转移用户余额，订单号=WS2026021423242919681,2026-06-07 09:43:48,SYS,
olAFl618UJ_dbtmw5DypqbUs-5w4,50.00,69212536010515	,订单退费转入,50.00,系统处理工单时转移用户余额，订单号=WN2026052413510127199,2026-06-07 09:40:18,SYS,
olAFl69McrZGUamdd0fOBBRxVN58,0.00,69212612173401	,用户提现,29.00,用户提现-退费单RF2026050515050621,2026-06-07 09:36:20,用户提现,
olAFl68Lse3E_GAwTtmPUOG2sxH0,121.20,69212612181875	,订单退费转入,121.20,系统处理工单时转移用户余额，订单号=WS2026051616502928289,2026-06-07 09:34:56,SYS,
ojb7F2NYZbSS7D_ErEpQnqbfKQNg,0.00,68772602245267	,用户提现,74.00,用户提现-退费单RF2026060709242915654,2026-06-07 09:26:23,用户提现,
ojb7F2NYZbSS7D_ErEpQnqbfKQNg,74.00,68772602245267	,订单退费转入,74.00,系统处理工单时转移用户余额，订单号=WS2026052810242507392,2026-06-07 09:24:29,SYS,
olAFl6zcNi7v6xARQpYZ0kdUXEPQ,0.00,67002453143403	,用户提现,1.80,用户提现-退费单RF2026060708461652138,2026-06-07 08:48:20,用户提现,
olAFl6zcNi7v6xARQpYZ0kdUXEPQ,1.80,67002453143403	,订单退费转入,1.80,工单系统流量套餐退款 组合支付：微信退费 1.80,2026-06-07 08:46:17,SYS,
olAFl6xZU287BiKQfLlZr49oZaRU,0.00,67482610422532	,用户提现,92.20,用户提现-退费单RF2026060613450761513,2026-06-07 01:55:16,用户提现,
ojb7F2AosiIB9Q42LoqfesSfhLp0,227.00,69212606159344	,订单退费转入,227.00,系统处理工单时转移用户余额，订单号=WS2026060220431917681,2026-06-06 23:05:39,SYS,
olAFl63TWtbFkdC4d593YJ65oDG8,0.00,70032617032149	,用户提现,172.20,用户提现-退费单RF2026060622204254552,2026-06-06 22:21:50,用户提现,
olAFl63TWtbFkdC4d593YJ65oDG8,172.20,70032617032149	,订单退费转入,172.20,系统处理工单时转移用户余额，订单号=WS2026052821165016616,2026-06-06 22:20:43,SYS,
olAFl6xZaGneIGaI3au2LObBqxUc,0.00,70032617029288	,用户提现,19.00,用户提现-退费单RF2026060621524713066,2026-06-06 22:03:24,用户提现,
olAFl63Q7LUGpvM2-YsAfg6pxEZo,0.00,68772539110583	,用户提现,46.00,用户提现-退费单RF2026052503151628011,2026-06-06 22:02:17,用户提现,
ojb7F2HngfBHtu6XvjOrFtpZ0748,0.00,67492609641499	,用户提现,100.00,用户提现-退费单RF2026060621562511263,2026-06-06 21:59:27,用户提现,
ojb7F2HngfBHtu6XvjOrFtpZ0748,100.00,67492609641499	,订单退费转入,100.00,系统处理工单时转移用户余额，订单号=WN2026060618461999827,2026-06-06 21:56:25,SYS,
olAFl6xZaGneIGaI3au2LObBqxUc,19.00,70032617029288	,订单退费转入,19.00,工单系统流量套餐退款,2026-06-06 21:52:47,SYS,
olAFl64w933whrVWR-uxtabu3uHU,0.00,67492442213264	,用户提现,28.30,用户提现-退费单RF2026060309540419430,2026-06-06 21:38:46,用户提现,
olAFl6z-v_I_mrcxEeg-nD8icUlA,54.00,67002509239679	,订单退费转入,54.00,系统处理工单时转移用户余额，订单号=WS2025111108593123089,2026-06-06 21:28:34,SYS,
olAFl6-1yfQb_ADzRoiMDWOK9m8U,0.00,69212612172355	,用户提现,82.40,用户提现-退费单RF2026060612391332680,2026-06-06 21:25:43,用户提现,
olAFl66FQIjCCNU2kGGhv-wEIc-g,94.00,67492442201661	,订单退费转入,94.00,工单系统流量套餐退款 本单会员价格20.00元，不能退款,2026-06-06 21:13:50,SYS,
olAFl64KW8Vf8PriMr1Bn7p_vBcg,0.00,69212612181622	,用户提现,46.00,用户提现-退费单RF2026060619504452017,2026-06-06 21:12:03,用户提现,
olAFl6-5djg0jED4TrQVPWBiFwSE,106.00,867061070742170	,订单退费转入,106.00,工单系统流量套餐退款 本单会员价格20.00元，不能退款,2026-06-06 21:11:18,SYS,
olAFl61TMvy4YArUy2dUkzMYxn4Q,94.00,70032611011850	,订单退费转入,94.00,工单系统流量套餐退款,2026-06-06 21:10:17,SYS,
olAFl6yb5XwZMtZ-_IBVd_9AJWWE,69.00,68772602249491	,订单退费转入,69.00,工单系统流量套餐退款,2026-06-06 21:03:49,SYS,
olAFl6xPujcjrK5OoTMoh1iR4pjk,0.00,67002535384003	,用户提现,120.40,用户提现-退费单RF2026060620305268146,2026-06-06 20:32:13,用户提现,
olAFl6xPujcjrK5OoTMoh1iR4pjk,120.40,67002535384003	,订单退费转入,120.40,系统处理工单时转移用户余额，订单号=WS2026041909000237348,2026-06-06 20:30:53,SYS,
ojb7F2MZIFq7nrqwQ4Kw0FEqPpxI,0.00,67482610418909	,用户提现,109.00,用户提现-退费单RF2026060619580978977,2026-06-06 19:58:51,用户提现,
olAFl61U67zXHslQ0W5Tr4YTBcUw,0.00,69212612177874	,用户提现,469.00,用户提现-退费单RF2026060103153138281,2026-06-06 19:58:50,用户提现,
ojb7F2MZIFq7nrqwQ4Kw0FEqPpxI,109.00,67482610418909	,订单退费转入,109.00,工单系统流量套餐退款,2026-06-06 19:58:10,SYS,
olAFl6z5PAohXUjQspsCZ_sawqmw,83.50,67492445313427	,订单退费转入,83.50,系统处理工单时转移用户余额，订单号=WS2026032407202674551,2026-06-06 19:52:57,SYS,
olAFl64KW8Vf8PriMr1Bn7p_vBcg,46.00,69212612181622	,订单退费转入,46.00,工单系统流量套餐退款 本单会员价格20.00元，不能退款,2026-06-06 19:50:45,SYS,
olAFl60NA9kVe-vQ9__9rSqPnQOs,109.00,70032617027346	,订单退费转入,109.00,工单系统流量套餐退款,2026-06-06 19:49:11,SYS,
olAFl6wkRkFEgVFWtzc5mL5XANFk,0.00,68772543143509	,用户提现,82.00,用户提现-退费单RF2026060619204947486,2026-06-06 19:36:39,用户提现,
olAFl6wkRkFEgVFWtzc5mL5XANFk,82.00,68772543143509	,订单退费转入,82.00,系统处理工单时转移用户余额，订单号=WS2026010219544439525,2026-06-06 19:20:49,SYS,
olAFl623uInwindugZs4efFcdRTc,63.80,67002509250905	,订单退费转入,63.80,系统处理工单时转移用户余额，订单号=WS2025082211495282054,2026-06-06 19:19:17,SYS,
olAFl65GzM-fkWMltULP8xSGlF5U,0.00,867061075513790	,用户提现,77.60,用户提现-退费单RF2026060618524476627,2026-06-06 19:18:45,用户提现,
olAFl624cB0zxb3xPT2jdGsiKhSg,0.00,67482610418644	,用户提现,108.40,用户提现-退费单RF2026060619074576142,2026-06-06 19:10:08,用户提现,
olAFl6ygmOnNh1YJ2gERHlExk_Uk,0.00,68772602223831	,用户提现,50.30,用户提现-退费单RF2026060619080854299,2026-06-06 19:09:07,用户提现,
olAFl6ygmOnNh1YJ2gERHlExk_Uk,50.30,68772602223831	,订单退费转入,50.30,系统处理工单时转移用户余额，订单号=WS2026040414043895544,2026-06-06 19:08:09,SYS,
olAFl624cB0zxb3xPT2jdGsiKhSg,108.40,67482610418644	,订单退费转入,108.40,系统处理工单时转移用户余额，订单号=WS2026041813585519816,2026-06-06 19:07:46,SYS,
o2uAP69Mro9dSpYDR5KtalmYwlEQ,0.00,328809520	,用户提现,219.00,用户提现-退费单RF2026060521332495318,2026-06-06 19:04:35,用户提现,
o2uAP69Mro9dSpYDR5KtalmYwlEQ,219.00,328809520	,订单退费转入,219.00,工单系统审核退费单-套餐已作废/钱包已清零,2026-06-06 19:03:26,SYS,
olAFl65GzM-fkWMltULP8xSGlF5U,77.60,867061075513790	,订单退费转入,77.60,系统处理工单时转移用户余额，订单号=WS2026041418481271949,2026-06-06 18:52:45,SYS,
olAFl66MTtq9jDv9HCMG-KXeHniw,0.00,67002535361158	,用户提现,169.00,用户提现-退费单RF2026060618224487525,2026-06-06 18:27:42,用户提现,
olAFl68VdHGfB3f2Bzsm55uix3lQ,0.00,67512523188279	,用户提现,106.30,用户提现-退费单RF2026060618253385075,2026-06-06 18:27:25,用户提现,
olAFl68VdHGfB3f2Bzsm55uix3lQ,106.30,67512523188279	,订单退费转入,106.30,系统处理工单时转移用户余额，订单号=WS2026041423405267664,2026-06-06 18:25:34,SYS,
olAFl66MTtq9jDv9HCMG-KXeHniw,169.00,67002535361158	,订单退费转入,169.00,工单系统流量套餐退款,2026-06-06 18:22:45,SYS,
olAFl61lV5ZjTJx2_h0FYY-qCEVY,0.00,69212537031209	,用户提现,54.00,用户提现-退费单RF2026060618203659347,2026-06-06 18:21:04,用户提现,
olAFl61lV5ZjTJx2_h0FYY-qCEVY,54.00,69212537031209	,订单退费转入,54.00,系统处理工单时转移用户余额，订单号=WS2026011718240236280,2026-06-06 18:20:37,SYS,
olAFl62utMiyl-GagW03swBzeysU,0.00,60982418001608	,用户提现,109.00,用户提现-退费单RF2026060320114480054,2026-06-06 18:10:05,用户提现,
olAFl6wE38YiIRqpK8HTtGrzG3sw,0.00,69212602146044	,用户提现,46.50,用户提现-退费单RF2026060617512656711,2026-06-06 17:58:13,用户提现,
olAFl6wE38YiIRqpK8HTtGrzG3sw,46.50,69212602146044	,订单退费转入,46.50,系统处理工单时转移用户余额，订单号=WS2026032100282081821,2026-06-06 17:51:27,SYS,
olAFl64rdDcb6nYWcq5fSTNrrbGo,0.00,69212606154653	,用户提现,179.00,用户提现-退费单RF2026060617470307593,2026-06-06 17:48:00,用户提现,
olAFl64rdDcb6nYWcq5fSTNrrbGo,179.00,69212606154653	,订单退费转入,179.00,工单系统流量套餐退款,2026-06-06 17:47:03,SYS,
olAFl6y1CGxtocfreznwCCDJdwnU,0.00,864665064480754	,用户提现,154.20,用户提现-退费单RF2026060617381618279,2026-06-06 17:38:50,用户提现,
olAFl6y1CGxtocfreznwCCDJdwnU,154.20,864665064480754	,订单退费转入,154.20,系统处理工单时转移用户余额，订单号=WS2026052809225869079,2026-06-06 17:38:16,SYS,
ojb7F2CG7JqBTJI-s2-SU6mf9tek,19.00,68032536031642	,订单退费转入,19.00,工单系统流量套餐退款,2026-06-06 17:32:44,SYS,
olAFl68wb11sbKoz6davRvClmLL4,0.00,69212612177234	,用户提现,120.00,用户提现-退费单RF2026060616405095999,2026-06-06 16:41:40,用户提现,
olAFl68wb11sbKoz6davRvClmLL4,120.00,69212612177234	,订单退费转入,120.00,工单系统流量套餐退款,2026-06-06 16:40:51,SYS,
olAFl641clpSt9uypaCjTooBLDck,0.00,63272426062799	,用户提现,35.70,用户提现-退费单RF2026051221420253,2026-06-06 16:29:59,用户提现,
olAFl63C9n_9tJtrlh4K5HUKYHqY,0.00,67512445099865	,用户提现,47.20,用户提现-退费单RF2026060611203566295,2026-06-06 16:22:00,用户提现,
olAFl66zz3JsuwbclMcmvbIL2TEc,0.00,67002453175524	,用户提现,160.00,用户提现-退费单RF2026060103152705934,2026-06-06 16:19:37,用户提现,
olAFl606y-DQF3tVkH_z4cxPVFo0,0.00,69142620030087	,用户提现,19.00,用户提现-退费单RF2026060314262151033,2026-06-06 16:07:30,用户提现,
olAFl6zqC93KyUPxaOmTabi95NAI,0.00,867061072525342	,用户提现,30.30,用户提现-退费单RF2026060615521138344,2026-06-06 15:53:42,用户提现,
olAFl6zqC93KyUPxaOmTabi95NAI,30.30,867061072525342	,订单退费转入,30.30,系统处理工单时转移用户余额，订单号=WN2026032311052410932,2026-06-06 15:52:11,SYS,
olAFl6-cqHjGaQdT9bXjLIk-4drw,0.00,68772610298148	,用户提现,479.00,用户提现-退费单RF2026051221521185,2026-06-06 15:50:51,用户提现,
olAFl6wRQlOFBHMjP8GeqnT1WQDY,0.00,67492609639353	,用户提现,66.00,用户提现-退费单RF2026060615382574291,2026-06-06 15:39:45,用户提现,
olAFl6wRQlOFBHMjP8GeqnT1WQDY,66.00,67492609639353	,订单退费转入,66.00,系统处理工单时转移用户余额，订单号=WS2026050322454631580,2026-06-06 15:38:26,SYS,
olAFl610ZcYGScDq3fCku7eE_3kA,0.00,68772602223408	,用户提现,61.00,用户提现-退费单RF2026060615193124428,2026-06-06 15:20:49,用户提现,
olAFl610ZcYGScDq3fCku7eE_3kA,61.00,68772602223408	,订单退费转入,61.00,系统处理工单时转移用户余额，订单号=WN2026012010091731415,2026-06-06 15:19:31,SYS,
ojb7F2EeEn6aRbmjIFw3oYbd93YQ,6.00,70032617035090	,订单退费转入,6.00,系统处理工单时转移用户余额，订单号=WN2026060515180376553,2026-06-06 15:09:45,SYS,
olAFl6wIG2790k9-Dfstu4uw79GQ,0.00,68772602250262	,用户提现,200.40,用户提现-退费单RF2026052703152360098,2026-06-06 14:28:46,用户提现,
olAFl66296TesnhHc0Onok1XmKlc,0.00,68772602259270	,用户提现,74.40,用户提现-退费单RF2026052903160690915,2026-06-06 14:17:22,用户提现,
ojb7F2LQ8L6sCvEMaFSif90WtRUo,0.00,70032617027500	,用户提现,172.20,用户提现-退费单RF2026060614074171185,2026-06-06 14:10:10,用户提现,
ojb7F2LQ8L6sCvEMaFSif90WtRUo,172.20,70032617027500	,订单退费转入,172.20,系统处理工单时转移用户余额，订单号=WS2026060319541242816,2026-06-06 14:07:42,SYS,
olAFl66E-nnuUr1WJV79qiUDgXbE,154.00,68772612321672	,订单退费转入,154.00,系统处理工单时转移用户余额，订单号=WS2026041811323060797,2026-06-06 13:54:41,SYS,
olAFl6xZU287BiKQfLlZr49oZaRU,92.20,67482610422532	,订单退费转入,92.20,系统处理工单时转移用户余额，订单号=WN2026060319404533178,2026-06-06 13:45:08,SYS,
olAFl612KYJcwypWSRj4H7r-MyFc,0.00,67492602580610	,用户提现,172.20,用户提现-退费单RF2026060613150799599,2026-06-06 13:16:18,用户提现,
olAFl612KYJcwypWSRj4H7r-MyFc,172.20,67492602580610	,订单退费转入,172.20,系统处理工单时转移用户余额，订单号=WS2026060312275131757,2026-06-06 13:15:08,SYS,
olAFl66PzHzyeNlSDLEcRMwpdhEM,0.00,864665070228767	,用户提现,46.00,用户提现-退费单RF2026060521225709244,2026-06-06 12:59:43,用户提现,
olAFl65rQFUWox-VKzqqR2-XvZUg,86.00,69142620026507	,订单退费转入,86.00,工单系统流量套餐退款 本单会员价格20.00元，不能退款,2026-06-06 12:53:25,SYS,
olAFl69Ew_ecsjDVTEiWE_Id9Z4g,0.00,86132414261923	,用户提现,139.30,用户提现-退费单RF2026050603153366,2026-06-06 12:49:00,用户提现,
olAFl6-1yfQb_ADzRoiMDWOK9m8U,82.40,69212612172355	,订单退费转入,82.40,系统处理工单时转移用户余额，订单号=WS2026042311334540344,2026-06-06 12:39:13,SYS,
olAFl60jXlJodChwkPmbCJJS5TGs,0.00,67482513398628	,用户提现,106.00,用户提现-退费单RF2026060612304218959,2026-06-06 12:33:16,用户提现,
olAFl60jXlJodChwkPmbCJJS5TGs,106.00,67482513398628	,订单退费转入,106.00,工单系统流量套餐退款,2026-06-06 12:30:42,SYS,
olAFl65Rh77xNrgrXi1PbS0gGv1o,0.00,68932612067539	,用户提现,599.00,用户提现-退费单RE2026060608430201952,2026-06-06 12:14:31,用户提现,
olAFl65Rh77xNrgrXi1PbS0gGv1o,599.00,68932612067539	,订单退费转入,599.00,工单系统审核退费单-套餐已作废/钱包已清零,2026-06-06 12:13:35,SYS,
olAFl61Ea7DRiRinJHiCnj-22A0I,50.00,68772612317344	,订单退费转入,50.00,工单系统流量套餐退款 本单会员价格20.00元，不能退款,2026-06-06 12:06:32,SYS,
olAFl68dMijXPQqyv31oGD0XjdeI,0.00,864665067394580	,用户提现,94.00,用户提现-退费单RF2026042923023310,2026-06-06 11:43:19,用户提现,
olAFl60I0swcS_oXqQmcsV2lCiU8,0.00,67482610417949	,用户提现,78.00,用户提现-退费单RF2026060611421940694,2026-06-06 11:43:07,用户提现,
olAFl60I0swcS_oXqQmcsV2lCiU8,78.00,67482610417949	,订单退费转入,78.00,工单系统流量套餐退款,2026-06-06 11:42:19,SYS,
olAFl63C9n_9tJtrlh4K5HUKYHqY,47.20,67512445099865	,订单退费转入,47.20,工单系统流量套餐退款 组合支付：微信退费 47.20,2026-06-06 11:20:36,SYS,
ojb7F2OyzntidwTynKpuVjHbg3ms,0.00,69212612173069	,用户提现,19.00,用户提现-退费单RF2026060518095926230 微信退款失败：订单已全额退款,2026-06-06 11:18:54,用户提现,
olAFl6-hJgyGOX5JYGsW4TeMDsGE,0.00,68032504007803	,用户提现,379.00,用户提现-退费单RF2026060610384905923,2026-06-06 11:13:25,用户提现,
olAFl68Ih-1XCHOsCAIDJkQM6NVc,0.00,70032611010175	,用户提现,122.20,用户提现-退费单RF2026060611061951241,2026-06-06 11:07:09,用户提现,
olAFl68Ih-1XCHOsCAIDJkQM6NVc,122.20,70032611010175	,订单退费转入,122.20,系统处理工单时转移用户余额，订单号=WS2026051909175605168,2026-06-06 11:06:20,SYS,
olAFl65s98dZN7hN1CU6ShxpUp2k,0.00,67002509214079	,用户提现,127.70,用户提现-退费单RF2026060610483031011,2026-06-06 10:50:13,用户提现,
o2uAP67z5mDELQQtbAXXH-FKxTtM,0.00,86335233	,用户提现,196.10,用户提现-退费单RF2026050811184229,2026-06-06 10:48:59,用户提现,
olAFl65s98dZN7hN1CU6ShxpUp2k,127.70,67002509214079	,订单退费转入,127.70,系统处理工单时转移用户余额，订单号=WS2026020319230258879,2026-06-06 10:48:30,SYS,
olAFl6-hJgyGOX5JYGsW4TeMDsGE,379.00,68032504007803	,订单退费转入,379.00,工单系统流量套餐退款 本单会员价格20.00元，不能退款,2026-06-06 10:38:49,SYS,
ojb7F2Llkeich-P_NBDU8sO1V--A,0.00,67482610421602	,用户提现,180.00,用户提现-退费单RF2026060610334262070,2026-06-06 10:34:12,用户提现,
ojb7F2Llkeich-P_NBDU8sO1V--A,180.00,67482610421602	,订单退费转入,180.00,系统处理工单时转移用户余额，订单号=WS2026060117313937721,2026-06-06 10:33:43,SYS,
olAFl6677DYKt4YY3GpNtB1haEiE,0.00,69212612180325	,用户提现,54.00,用户提现-退费单RF2026052903151127342,2026-06-06 10:22:54,用户提现,
olAFl67gh1JxiiSR0hzLqk8-BMxE,0.00,69212612184858	,用户提现,141.00,用户提现-退费单RF2026060610034786885,2026-06-06 10:08:48,用户提现,
olAFl67gh1JxiiSR0hzLqk8-BMxE,141.00,69212612184858	,订单退费转入,141.00,系统处理工单时转移用户余额，订单号=WS2026050908373501324,2026-06-06 10:03:48,SYS,
olAFl6wtMNYpcG4b1inuwDKaCaJg,0.00,864665064589984	,用户提现,57.00,用户提现-退费单RF2026060423591451264,2026-06-06 09:42:09,用户提现,
ojb7F2II87EMv28Hv1nEgerpsXwQ,0.00,69212612181361	,用户提现,180.00,用户提现-退费单RF2026060609195830257,2026-06-06 09:20:49,用户提现,
ojb7F2II87EMv28Hv1nEgerpsXwQ,180.00,69212612181361	,订单退费转入,180.00,系统处理工单时转移用户余额，订单号=WS2026060509483842935,2026-06-06 09:19:58,SYS,
ojb7F2IWXtYtTdU13OOYk9TI_0NI,0.00,69212606158318	,用户提现,94.00,用户提现-退费单RF2026060609170042583,2026-06-06 09:17:49,用户提现,
ojb7F2IWXtYtTdU13OOYk9TI_0NI,94.00,69212606158318	,订单退费转入,94.00,工单系统流量套餐退款,2026-06-06 09:17:00,SYS,
olAFl6y3xlW3SyUhGVKhmFaRQsj8,0.00,68772528046837	,用户提现,46.70,用户提现-退费单RF2026060609112884158,2026-06-06 09:14:21,用户提现,
olAFl6y3xlW3SyUhGVKhmFaRQsj8,46.70,68772528046837	,订单退费转入,46.70,系统处理工单时转移用户余额，订单号=WS2025080920232114189,2026-06-06 09:11:29,SYS,
olAFl6yF6FgnrLWh2akMcK3RkqeY,0.00,67512443056681	,用户提现,46.80,用户提现-退费单RF2026052603151557423,2026-06-06 09:08:24,用户提现,
olAFl60OGDOLyDq-bF-Cek-rBU5g,442.20,67002447022984	,订单退费转入,442.20,工单系统流量套餐退款 本单会员价格20.00元，不能退款,2026-06-06 08:54:28,SYS,
o2uAP6_xQPUkS1qa6aEDZ6IZqlv0,0.00,328812662	,用户提现,188.00,用户提现-退费单RF2026060517082614744,2026-06-06 08:35:44,用户提现,
o2uAP6_xQPUkS1qa6aEDZ6IZqlv0,188.00,328812662	,订单退费转入,188.00,工单系统审核退费单-套餐已作废/钱包已清零,2026-06-06 08:35:10,SYS,
olAFl62EcKmM3N2tRc2OjOHF5MXA,0.00,864665070752006	,用户提现,137.00,用户提现-退费单RF2026060605441407687,2026-06-06 05:44:58,用户提现,
olAFl62EcKmM3N2tRc2OjOHF5MXA,137.00,864665070752006	,订单退费转入,137.00,工单系统流量套餐退款 本单会员价格20.00元，不能退款,2026-06-06 05:44:14,SYS,
olAFl6xBnbABlFa4bxd4PFQBDlYw,36.00,69212606160680	,订单退费转入,36.00,工单系统流量套餐退款 本单会员价格20.00元，不能退款,2026-06-06 00:09:18,SYS,
olAFl60jNPJCocYsexvyo7AQIDIM,0.00,67482504303067	,用户提现,73.20,用户提现-退费单RF2026060523434428448,2026-06-05 23:46:51,用户提现,
olAFl60jNPJCocYsexvyo7AQIDIM,73.20,67482504303067	,订单退费转入,73.20,系统处理工单时转移用户余额，订单号=WS2026011313364272698,2026-06-05 23:43:44,SYS,
olAFl63qLg8gB3jre_78sBuSyPaw,0.00,68772539120032	,用户提现,140.80,用户提现-退费单RF2026052603151119570,2026-06-05 23:33:36,用户提现,
olAFl649dUG2sfEZxqYp1sdAYeNA,180.00,68772513000820	,订单退费转入,180.00,系统处理工单时转移用户余额，订单号=WS2026060118295730126,2026-06-05 22:37:24,SYS,
olAFl6-DZjJRn9JX7a8v3LsS6cOM,0.00,69212612168859	,用户提现,76.10,用户提现-退费单RF2026060520571109959,2026-06-05 22:18:04,用户提现,
olAFl6yOylvtnu_-qb5Fm-KNNenI,0.00,67512525202747	,用户提现,469.00,用户提现-退费单RF2026051119372718,2026-06-05 21:32:52,用户提现,
olAFl66AVtSG-rLQRuSrHicYEgw8,0.00,63272421036834	,用户提现,52.60,用户提现-退费单RF2026052603151164291,2026-06-05 21:24:33,用户提现,
olAFl66PzHzyeNlSDLEcRMwpdhEM,46.00,864665070228767	,订单退费转入,46.00,工单系统流量套餐退款,2026-06-05 21:22:57,SYS,
olAFl63NTaRAuryAmyCBH-prNdm4,0.00,864665068159883	,用户提现,320.00,用户提现-退费单RF2026060521221371671,2026-06-05 21:22:49,用户提现,
olAFl63NTaRAuryAmyCBH-prNdm4,320.00,864665068159883	,订单退费转入,320.00,工单系统流量套餐退款,2026-06-05 21:22:14,SYS,
olAFl60MY8fvhP0kStv12JlJLRMI,0.00,60912436205638	,用户提现,133.00,用户提现-退费单RF2026060515294351327,2026-06-05 21:18:29,用户提现,
olAFl6367H3c_cjICE_JmBa9kcPg,0.00,68052508001490	,用户提现,79.00,用户提现-退费单RF2026060512364510367,2026-06-05 21:11:13,用户提现,
olAFl6zJ8wh5kcvwiIWD3kAsj59E,0.00,68032513025506	,用户提现,19.00,用户提现-退费单RF2026060521043448786,2026-06-05 21:07:09,用户提现,
olAFl6zJ8wh5kcvwiIWD3kAsj59E,19.00,68032513025506	,订单退费转入,19.00,工单系统流量套餐退款,2026-06-05 21:04:34,SYS,
olAFl6-DZjJRn9JX7a8v3LsS6cOM,76.10,69212612168859	,订单退费转入,76.10,系统处理工单时转移用户余额，订单号=WS2026040813324277848,2026-06-05 20:57:11,SYS,
olAFl66GxypRjLflnUNL1GFCFlmo,0.00,864665065465895	,用户提现,55.40,用户提现-退费单RF2026060303152969013,2026-06-05 20:32:12,用户提现,
olAFl67_Luc79IIuxPcrYaPDZ8jI,0.00,68052513034273	,用户提现,71.60,用户提现-退费单RF2026052203155378225,2026-06-05 20:30:53,用户提现,
olAFl63iM7PwKBCMs2fYbhy1K9jA,0.00,60912426130770	,用户提现,101.90,用户提现-退费单RF2026060520274802125,2026-06-05 20:28:10,用户提现,
olAFl63iM7PwKBCMs2fYbhy1K9jA,101.90,60912426130770	,订单退费转入,101.90,系统处理工单时转移用户余额，订单号=WS2026031411595468983,2026-06-05 20:27:48,SYS,
olAFl63xb_HKbiDak96CgeW-dZs8,111.40,67002443008038	,订单退费转入,111.40,系统处理工单时转移用户余额，订单号=WS2026041613121526539,2026-06-05 19:41:56,SYS,
olAFl68pX4Ond5KOqAH2IcT_E27g,0.00,68772602224920	,用户提现,66.00,用户提现-退费单RF2026060519243207149,2026-06-05 19:24:51,用户提现,
olAFl68pX4Ond5KOqAH2IcT_E27g,66.00,68772602224920	,订单退费转入,66.00,系统处理工单时转移用户余额，订单号=WS2026012520024833255,2026-06-05 19:24:32,SYS,
olAFl6-W3qL2hKMqXmv3TujOjH-8,0.00,68772522034759	,用户提现,100.40,用户提现-退费单RF2026060419280143038,2026-06-05 19:22:13,用户提现,
ojb7F2AoAFFSGhPZc9GefxBxr18E,0.00,70032611006524	,用户提现,160.00,用户提现-退费单RF2026060518592145218,2026-06-05 19:01:29,用户提现,
ojb7F2AoAFFSGhPZc9GefxBxr18E,160.00,70032611006524	,订单退费转入,160.00,系统处理工单时转移用户余额，订单号=WS2026060518182444936,2026-06-05 18:59:21,SYS,
olAFl6yyWJDs-ixq_Mj3AFyY3skE,0.00,68032536036411	,用户提现,69.80,用户提现-退费单RF2026060518353203411,2026-06-05 18:36:39,用户提现,
olAFl6yyWJDs-ixq_Mj3AFyY3skE,69.80,68032536036411	,订单退费转入,69.80,系统处理工单时转移用户余额，订单号=WN2026030213172883479,2026-06-05 18:35:32,SYS,
olAFl61408svCuPZhYJchjWzjc9A,0.00,60912421084477	,用户提现,31.00,用户提现-退费单RF2026051803154163,2026-06-05 18:26:22,用户提现,
ojb7F2OyzntidwTynKpuVjHbg3ms,19.00,69212612173069	,订单退费转入,19.00,工单系统审核退费单-套餐已作废/钱包已清零,2026-06-05 18:18:45,SYS,
ojb7F2GOoLkIppae430d2RVZkZdw,0.00,68772550198126	,用户提现,16.90,用户提现-退费单RF2026060517584353114,2026-06-05 18:12:14,用户提现,
ojb7F2GOoLkIppae430d2RVZkZdw,16.90,68772550198126	,订单退费转入,16.90,工单系统审核退费单-套餐已作废/钱包已清零,2026-06-05 18:06:05,SYS,
ojb7F2HPuuLVTXuMzqk4RJvMTU0c,0.00,68772621358693	,用户提现,179.00,用户提现-退费单RF2026060517393104443,2026-06-05 18:03:12,用户提现,
olAFl6_po8qfelYeCCCaneSSAIlw,0.00,67492603602625	,用户提现,29.00,用户提现-退费单RF2026060517560299342,2026-06-05 17:59:23,用户提现,
ojb7F2HPuuLVTXuMzqk4RJvMTU0c,179.00,68772621358693	,订单退费转入,179.00,工单系统审核退费单-套餐已作废/钱包已清零,2026-06-05 17:59:17,SYS,
olAFl6_po8qfelYeCCCaneSSAIlw,29.00,67492603602625	,订单退费转入,29.00,工单系统流量套餐退款,2026-06-05 17:56:03,SYS,
ojb7F2PMs_hficaPQvuZPqy18mH4,0.00,70032617033099	,用户提现,180.00,用户提现-退费单RF2026060517525048030,2026-06-05 17:54:15,用户提现,
ojb7F2PMs_hficaPQvuZPqy18mH4,180.00,70032617033099	,订单退费转入,180.00,系统处理工单时转移用户余额，订单号=WS2026060317465821219,2026-06-05 17:52:50,SYS,
olAFl65atcaiT_bAt6trIDkVkt-g,0.00,60912421091054	,用户提现,118.00,用户提现-退费单RF2026052803152493859 微信退款失败：当前商户号暂不能进行“资金付款类”相关业务操作，可前往“微信支付商家助手”小程序 >“业务受限处理”了解原因,2026-06-05 17:52:40,用户提现,
olAFl6xUkhYATIlxioNS7IAbKiTQ,0.00,68772550177272	,用户提现,47.20,用户提现-退费单RF2026060517473637261,2026-06-05 17:48:35,用户提现,
olAFl6xUkhYATIlxioNS7IAbKiTQ,47.20,68772550177272	,订单退费转入,47.20,系统处理工单时转移用户余额，订单号=WN2026010112031022416,2026-06-05 17:47:36,SYS,
olAFl6zKalpUj5S7fk0YsgBtGlvc,0.00,	,系统扣费,51.60,系统清零,2026-06-05 17:35:50,SYS,
olAFl64mvXzsH3dFbEd6w3-yOFhI,0.00,	,系统扣费,361.00,系统清零,2026-06-05 17:35:03,SYS,
odELQ6pNUjPA7iJ2gE2rOfaIg4EY ,0.00,	,系统扣费,161.00,系统清零,2026-06-05 17:34:33,SYS,
ojb7F2L0vQpRwP6p299lfPcnEr60,0.00,69212538042919	,用户提现,109.00,用户提现-退费单RF2026060122461180956,2026-06-05 17:27:40,用户提现,
olAFl67Jr-B8nRCjYnDk00LtXAk8,0.00,70032611010270	,用户提现,43.00,用户提现-退费单RF2026060516454769630,2026-06-05 17:23:58,用户提现,
olAFl67Jr-B8nRCjYnDk00LtXAk8,43.00,70032611010270	,订单退费转入,43.00,工单系统审核退费单-套餐已作废/钱包已清零,2026-06-05 17:23:17,SYS,
olAFl6y2qDKZoCntcN8U12Fnncmo,0.00,68772604274710	,用户提现,310.10,用户提现-退费单RF2026060517211103118,2026-06-05 17:22:49,用户提现,
olAFl6y2qDKZoCntcN8U12Fnncmo,310.10,68772604274710	,订单退费转入,310.10,系统处理工单时转移用户余额，订单号=WS2026040911220688959,2026-06-05 17:21:11,SYS,
o4p3p6wcMnk203I7Jsx8SO5Bloq8,0.00,866801080084845	,用户提现,83.00,用户提现-退费单RF2026050703150481,2026-06-05 17:13:04,用户提现,
olAFl6zuFL-Qj9Tc5qUtPvMaeGMM,0.00,67492609653360	,用户提现,179.00,用户提现-退费单RF2026052203155176953,2026-06-05 17:06:08,用户提现,
ojb7F2OSkv2G87afnqw9XfWTGE04,0.00,67492538502589	,用户提现,54.00,用户提现-退费单RF2026060516565120657,2026-06-05 16:57:31,用户提现,
ojb7F2OSkv2G87afnqw9XfWTGE04,54.00,67492538502589	,订单退费转入,54.00,系统处理工单时转移用户余额，订单号=WS2026060414311615283,2026-06-05 16:56:51,SYS,
olAFl6_gdCQ2c7xEnCCok2l0MrLM,0.00,67002535390602	,用户提现,49.00,用户提现-退费单RF2026060515483187152,2026-06-05 16:39:25,用户提现,
olAFl64balEvliwF0BIiSyLaavVs,0.00,67482454177361	,用户提现,74.20,用户提现-退费单RF2026060516213228945,2026-06-05 16:23:07,用户提现,
olAFl64balEvliwF0BIiSyLaavVs,74.20,67482454177361	,订单退费转入,74.20,系统处理工单时转移用户余额，订单号=WN2026012916115594549,2026-06-05 16:21:32,SYS,
olAFl6y5b2bN45y6jufwdTOepc8k,0.00,67002509237587	,用户提现,180.00,用户提现-退费单RF2026060516104917612,2026-06-05 16:20:36,用户提现,
olAFl64ZcErIGtlpZm5jVlYw4rjU,0.00,69212538051420	,用户提现,58.70,用户提现-退费单RF2026060506583615377,2026-06-05 16:19:39,用户提现,
olAFl6y5b2bN45y6jufwdTOepc8k,180.00,67002509237587	,订单退费转入,180.00,系统处理工单时转移用户余额，订单号=WS2026060510380229861,2026-06-05 16:10:49,SYS,
olAFl6_gdCQ2c7xEnCCok2l0MrLM,49.00,67002535390602	,订单退费转入,49.00,系统处理工单时转移用户余额，订单号=WS2026052413265203174,2026-06-05 15:48:32,SYS,
olAFl6-7bhGLTHmy03vLtnoJ0IOA,0.00,67002509240672	,用户提现,420.00,用户提现-退费单RF2026052603152390173,2026-06-05 15:32:00,用户提现,
olAFl60MY8fvhP0kStv12JlJLRMI,133.00,60912436205638	,订单退费转入,133.00,工单系统流量套餐退款 本单会员价格20.00元，不能退款,2026-06-05 15:29:44,SYS,
olAFl60JCtzWUe7LC5CxdbN7oL8k,0.00,86132345119496	,用户提现,140.10,用户提现-退费单RF2026052503152699971,2026-06-05 15:24:44,用户提现,
ojb7F2EZRCWVwk-MVkEIMQbBNthU,0.00,68932604051605	,用户提现,229.00,用户提现-退费单RF2026053113394890297,2026-06-05 15:17:48,用户提现,
ojb7F2EZRCWVwk-MVkEIMQbBNthU,229.00,68932604051605	,订单退费转入,229.00,工单系统审核退费单-套餐已作废/钱包已清零,2026-06-05 15:16:16,SYS,
olAFl636Mhe5AnQsVFdztiU6dIh4,0.00,67862539048068	,用户提现,479.00,用户提现-退费单RF2026060319025193734,2026-06-05 14:38:25,用户提现,
ojb7F2DTGdakZo0pZIrN5giIx9-M,0.00,68772602228768	,用户提现,159.00,用户提现-退费单RF2026060514360814916,2026-06-05 14:36:52,用户提现,
ojb7F2DTGdakZo0pZIrN5giIx9-M,159.00,68772602228768	,订单退费转入,159.00,工单系统流量套餐退款,2026-06-05 14:36:08,SYS,
olAFl6zkKYL6E2u3rOMn1q-0wf9A,0.00,70032611012832	,用户提现,109.00,用户提现-退费单RF2026060514233814977,2026-06-05 14:24:03,用户提现,
olAFl6zkKYL6E2u3rOMn1q-0wf9A,109.00,70032611012832	,订单退费转入,109.00,工单系统流量套餐退款 本单会员价格20.00元，不能退款,2026-06-05 14:23:38,SYS,
olAFl69A9_h2LTzzJVkeu5_cHXVQ,0.00,58812418051041	,用户提现,76.00,用户提现-退费单RF2026051203152533,2026-06-05 13:50:00,用户提现,
ojb7F2PvzEhQ2KIf7JyDW0YiySp4,439.00,68772610297730	,订单退费转入,439.00,工单系统流量套餐退款 本单会员价格20.00元，不能退款,2026-06-05 13:37:16,SYS,
olAFl68QbTUKwvEWJEuICgikFytU,0.00,68772528049379	,用户提现,420.00,用户提现-退费单RF2026051303152296,2026-06-05 13:04:42,用户提现,
ojb7F2FSVU4KkLPs01fki79GjLC4,0.00,67492538516671	,用户提现,180.00,用户提现-退费单RF2026060512473212084,2026-06-05 12:48:08,用户提现,
ojb7F2FSVU4KkLPs01fki79GjLC4,180.00,67492538516671	,订单退费转入,180.00,系统处理工单时转移用户余额，订单号=WS2026060511372107540,2026-06-05 12:47:32,SYS,
olAFl62uYUUtq5gEX2tG3apSAnTk,0.00,68772612320050	,用户提现,379.00,用户提现-退费单RF2026052703150896189,2026-06-05 12:41:33,用户提现,
ojb7F2EPHOPXfP1cQsGNefZA07OE,0.00,69212544104912	,用户提现,199.00,用户提现-退费单RF2026060512363009117,2026-06-05 12:38:10,用户提现,
olAFl6367H3c_cjICE_JmBa9kcPg,79.00,68052508001490	,订单退费转入,79.00,工单系统流量套餐退款,2026-06-05 12:36:45,SYS,
ojb7F2EPHOPXfP1cQsGNefZA07OE,199.00,69212544104912	,订单退费转入,199.00,工单系统流量套餐退款 本单会员价格20.00元，不能退款,2026-06-05 12:36:30,SYS,
odELQ6meOjkoBvc4z2jAEpoKEMjk,0.00,67682509013023	,用户提现,51.00,用户提现-退费单RF2026051803152854,2026-06-05 12:36:23,用户提现,
olAFl64hnYHg_kQBnTqfnv84stvo,0.00,60912414043533	,用户提现,82.50,用户提现-退费单RF2026060512212924524,2026-06-05 12:21:52,用户提现,
olAFl64hnYHg_kQBnTqfnv84stvo,82.50,60912414043533	,订单退费转入,82.50,系统处理工单时转移用户余额，订单号=WS2026021020315240440,2026-06-05 12:21:29,SYS,
olAFl68mZNJTjVIfrs0_ywFZvCkk,0.00,60912422111226	,用户提现,36.10,用户提现-退费单RF2026052509533980015,2026-06-05 12:17:13,用户提现,
olAFl60zDqq1lYFo45V_FoMXeBj8,0.00,68032504006476	,用户提现,479.00,用户提现-退费单RF2026060511333819315,2026-06-05 11:33:54,用户提现,
olAFl60zDqq1lYFo45V_FoMXeBj8,479.00,68032504006476	,订单退费转入,479.00,工单系统流量套餐退款,2026-06-05 11:33:38,SYS,
olAFl6wRFGC-4MAfAsILuXWm-HdI,0.00,867061070818574	,用户提现,150.30,用户提现-退费单RF2026060203151038596,2026-06-05 11:04:47,用户提现,
ojb7F2C-Ioxcc9Ji-1u6s4X7l1yQ,0.00,67492602581669	,用户提现,180.00,用户提现-退费单RF2026060510294220311,2026-06-05 10:30:43,用户提现,
ojb7F2C-Ioxcc9Ji-1u6s4X7l1yQ,180.00,67492602581669	,订单退费转入,180.00,系统处理工单时转移用户余额，订单号=WS2026060216365117022,2026-06-05 10:29:42,SYS,
olAFl63nC0QkLBGruXYZ8-d6GofY,0.00,68772522027676	,用户提现,90.50,用户提现-退费单RF2026060509575845755 微信退款失败：当前商户号暂不能进行“资金付款类”相关业务操作，可前往“微信支付商家助手”小程序 >“业务受限处理”了解原因,2026-06-05 10:05:53,用户提现,
olAFl63nC0QkLBGruXYZ8-d6GofY,90.50,68772522027676	,订单退费转入,90.50,系统处理工单时转移用户余额，订单号=WS2026021100091389530,2026-06-05 09:57:58,SYS,
olAFl664bsZSW5PYUDN_UOHCFcI4,0.00,67492538503018	,用户提现,49.00,用户提现-退费单RF2026060412590477193,2026-06-05 09:57:07,用户提现,
olAFl63_V6rZClSIMVIDFmMsjkMA,0.00,67002453181107	,用户提现,149.60,用户提现-退费单RF2026052703151681250,2026-06-05 09:56:20,用户提现,
olAFl63EyBYPFAbBtJOoKSMxTn2M,0.00,68772522030764	,用户提现,65.20,用户提现-退费单RF2026060223563935278,2026-06-05 09:53:58,用户提现,
olAFl69ha2SI0xD0N6TDGYPbx6XI,0.00,864665067776489	,用户提现,292.00,用户提现-退费单RF2026060421365898281,2026-06-05 09:32:57,用户提现,
olAFl6-325YLe5y1QQrQwGeYruqA,0.00,69212545116341	,用户提现,142.00,用户提现-退费单RF2026060509035994853,2026-06-05 09:07:46,用户提现,
olAFl6_Qexsx_-noKYwzJn0G9HmE,0.00,67482512345071	,用户提现,420.00,用户提现-退费单RF2026060509050281447,2026-06-05 09:06:18,用户提现,
olAFl6_Qexsx_-noKYwzJn0G9HmE,420.00,67482512345071	,订单退费转入,420.00,工单系统流量套餐退款,2026-06-05 09:05:03,SYS,
olAFl6-325YLe5y1QQrQwGeYruqA,142.00,69212545116341	,订单退费转入,142.00,系统处理工单时转移用户余额，订单号=WS2026051909015911242,2026-06-05 09:04:00,SYS,
olAFl60uZeF_NB3y13PRAeeY7TDA,0.00,68772604279336	,用户提现,34.40,用户提现-退费单RF2026060203151948756,2026-06-05 08:54:33,用户提现,
ojb7F2EScW_w3k19pqWbKz0iF8Us,359.00,68772612356177	,订单退费转入,359.00,工单系统流量套餐退款,2026-06-05 08:26:11,SYS,
olAFl68obhEupwmWcdJQkWSJRYZg,0.00,67002509249320	,用户提现,69.00,用户提现-退费单RF2026060417375929868,2026-06-05 08:06:35,用户提现,
olAFl60se2KYL6qSYIrSwC6VTAhQ,0.00,68772538099471	,用户提现,136.50,用户提现-退费单RF2026060506530004768,2026-06-05 07:04:42,用户提现,
olAFl64ZcErIGtlpZm5jVlYw4rjU,58.70,69212538051420	,订单退费转入,58.70,系统处理工单时转移用户余额，订单号=WS2025100910343600217,2026-06-05 06:58:36,SYS,
olAFl60se2KYL6qSYIrSwC6VTAhQ,136.50,68772538099471	,订单退费转入,136.50,系统处理工单时转移用户余额，订单号=WS2026041609015374954,2026-06-05 06:53:00,SYS,
ojb7F2L0vQpRwP6p299lfPcnEr60,109.00,69212538042919	,订单退费转入,109.00,工单系统审核退费单-套餐已作废/钱包已清零,2026-06-05 06:48:45,SYS,
olAFl68iEIItpuO0U3wOE2rvfxYY,0.00,35682239057984	,用户提现,100.50,用户提现-退费单RF2026060412033241721,2026-06-05 06:42:43,用户提现,
olAFl6yhUCt0KAb0Rt7400HjEX5U,0.00,864665071435452	,用户提现,157.10,用户提现-退费单RF2026060303152925055,2026-06-05 06:04:42,用户提现,
olAFl65W_yVqU1dOqG6_MgpNTANY,0.00,67492453370320	,用户提现,58.60,用户提现-退费单RF2026052803150575799,2026-06-05 00:16:53,用户提现,
olAFl6wtMNYpcG4b1inuwDKaCaJg,57.00,864665064589984	,订单退费转入,57.00,工单系统流量套餐退款,2026-06-04 23:59:15,SYS,
ojb7F2PH-JAmnBEiH5y3r7e8bezM,0.00,67492603604004	,用户提现,179.00,用户提现-退费单RF2026060423351683635,2026-06-04 23:36:06,用户提现,
ojb7F2PH-JAmnBEiH5y3r7e8bezM,179.00,67492603604004	,订单退费转入,179.00,工单系统流量套餐退款,2026-06-04 23:35:17,SYS,
olAFl6-zwAvWVEbmGhUwPe_0Wfo8,0.00,67492445314649	,用户提现,176.50,用户提现-退费单RF2026060423275681299,2026-06-04 23:28:41,用户提现,
olAFl6-zwAvWVEbmGhUwPe_0Wfo8,176.50,67492445314649	,订单退费转入,176.50,系统处理工单时转移用户余额，订单号=WS2026053022021001990,2026-06-04 23:27:57,SYS,
olAFl61C-dXV4YnFd_0a8FXVaT_8,0.00,69142529010206	,用户提现,106.00,用户提现-退费单RF2026050818053349,2026-06-04 23:21:53,用户提现,
olAFl68doarbb5AISu1DU8eV4c2A,0.00,	,系统扣费,54.00,用户无可退退费单，钱包清零,2026-06-04 22:59:06,SYS,
ojb7F2H5vMoFacZ-ZUBLMzhfIFxk,0.00,68772602259694	,用户提现,39.00,用户提现-退费单RF2026060422342989216,2026-06-04 22:53:01,用户提现,
ojb7F2H5vMoFacZ-ZUBLMzhfIFxk,39.00,68772602259694	,订单退费转入,39.00,工单系统审核退费单-套餐已作废/钱包已清零,2026-06-04 22:51:54,SYS,
olAFl6x7E-VsLWz7ZKqSL92gxk14,0.00,69212606157332	,用户提现,86.00,用户提现-退费单RF2026060422374964365,2026-06-04 22:38:13,用户提现,
olAFl6x7E-VsLWz7ZKqSL92gxk14,86.00,69212606157332	,订单退费转入,86.00,系统处理工单时转移用户余额，订单号=WS2026060320195909772,2026-06-04 22:37:50,SYS,
olAFl6_miYYHMOLBd3-moWa_gzQs,0.00,69212612186258	,用户提现,103.30,用户提现-退费单RF2026060422340232776,2026-06-04 22:35:09,用户提现,
olAFl6_miYYHMOLBd3-moWa_gzQs,103.30,69212612186258	,订单退费转入,103.30,系统处理工单时转移用户余额，订单号=WS2026042108211557397,2026-06-04 22:34:02,SYS,
olAFl6x7_mKVXkz06OdoGN8484gk,0.00,69212544099734	,用户提现,152.20,用户提现-退费单RF2026060422243954955,2026-06-04 22:26:08,用户提现,
olAFl6x7_mKVXkz06OdoGN8484gk,152.20,69212544099734	,订单退费转入,152.20,系统处理工单时转移用户余额，订单号=WS2026051220000842054,2026-06-04 22:24:40,SYS,
olAFl6ySuXsc1u7KamegtMFX3uEs,0.00,68932550044568	,用户提现,19.90,用户提现-退费单RF2026060409355618817,2026-06-04 22:21:31,用户提现,
odELQ6uIzlUhGk6W3TRnqeDokgj8,0.00,68712535009350	,用户提现,31.90,用户提现-退费单RF2026052503150630971,2026-06-04 22:12:28,用户提现,
olAFl66xARtQV7b7ilUy4xNrNEWY,0.00,67512534238041	,用户提现,372.50,用户提现-退费单RF2026060422072515385,2026-06-04 22:09:19,用户提现,
olAFl69PSjmr_N1MCuLrMSXEBCVo,0.00,67482454164915	,用户提现,74.80,用户提现-退费单RF2026060103150484430,2026-06-04 22:09:13,用户提现,
olAFl66xARtQV7b7ilUy4xNrNEWY,372.50,67512534238041	,订单退费转入,372.50,工单系统流量套餐退款 组合支付：微信退费 372.50,2026-06-04 22:07:25,SYS,
olAFl6-3R9YnS-StPCsmC5TifM1k,0.00,68772612333581	,用户提现,19.00,用户提现-退费单RF2026060421592481998,2026-06-04 22:00:04,用户提现,
olAFl6-3R9YnS-StPCsmC5TifM1k,19.00,68772612333581	,订单退费转入,19.00,工单系统流量套餐退款,2026-06-04 21:59:25,SYS,
ojb7F2F9pfc0U3lBIGoVVktMQgjk,0.00,69142620032917	,用户提现,479.00,用户提现-退费单RF2026060311534097233,2026-06-04 21:48:03,用户提现,
olAFl69ha2SI0xD0N6TDGYPbx6XI,292.00,864665067776489	,订单退费转入,292.00,工单系统流量套餐退款 本单会员价格20.00元，不能退款,2026-06-04 21:36:59,SYS,
olAFl61BD_F4BpxLmuRTJCf1JwpU,89.00,67492445347629	,订单退费转入,89.00,工单系统流量套餐退款,2026-06-04 21:33:08,SYS,
olAFl69331Rsc-gWFBeWOJUXxq10,0.00,70032606002353	,用户提现,279.00,用户提现-退费单RF2026060420581782632,2026-06-04 20:59:03,用户提现,
olAFl69331Rsc-gWFBeWOJUXxq10,279.00,70032606002353	,订单退费转入,279.00,系统处理工单时转移用户余额，订单号=WS2026051620054455044,2026-06-04 20:58:18,SYS,
olAFl6xypH8xpBCLKbT4MlrqwCHw,0.00,67482504277019	,用户提现,33.60,用户提现-退费单RF2026052603151359659,2026-06-04 20:50:47,用户提现,
olAFl625AHpqr9muvwjGtpGExnaw,0.00,68772543146779	,用户提现,148.60,用户提现-退费单RF2026052103152345199,2026-06-04 20:39:46,用户提现,
olAFl64RjAxmaUzeCF2tP35z0kPw,0.00,68772612322314	,用户提现,222.20,用户提现-退费单RF2026052603150979528,2026-06-04 20:36:12,用户提现,
olAFl66VP09XBfY21vqtGUpV_qNM,0.00,68772539117320	,用户提现,74.40,用户提现-退费单RF2026052103153072214,2026-06-04 20:34:58,用户提现,
olAFl66qY-pG7k8lmXnmXMqrl3O8,0.00,69142620028948	,用户提现,109.00,用户提现-退费单RF2026060420175143174,2026-06-04 20:24:59,用户提现,
olAFl66qY-pG7k8lmXnmXMqrl3O8,109.00,69142620028948	,订单退费转入,109.00,工单系统流量套餐退款,2026-06-04 20:17:51,SYS,
ojb7F2ESrXFpWfxJF876JwR6qoRs,0.00,69212602143781	,用户提现,142.20,用户提现-退费单RF2026060420091566326,2026-06-04 20:15:35,用户提现,
ojb7F2ESrXFpWfxJF876JwR6qoRs,142.20,69212602143781	,订单退费转入,142.20,系统处理工单时转移用户余额，订单号=WS2026052221534483093,2026-06-04 20:09:16,SYS,
olAFl63h0wOyvpyn9olK2yBs3CLE,0.00,67512535288905	,用户提现,52.90,用户提现-退费单RF2026060420073377779,2026-06-04 20:08:43,用户提现,
olAFl63h0wOyvpyn9olK2yBs3CLE,52.90,67512535288905	,订单退费转入,52.90,系统处理工单时转移用户余额，订单号=WS2025120408192757339,2026-06-04 20:07:34,SYS,
olAFl67cIYBmUAP_RVSfWH2J-ORg,0.00,69142529011909	,用户提现,112.00,用户提现-退费单RF2026060316245344583,2026-06-04 19:42:40,用户提现,
olAFl6-W3qL2hKMqXmv3TujOjH-8,100.40,68772522034759	,订单退费转入,100.40,系统处理工单时转移用户余额，订单号=WS2026022421594250899,2026-06-04 19:28:01,SYS,
olAFl67Dssr2AWW7s3bN4T2s2eEU,0.00,67482504313630	,用户提现,123.90,用户提现-退费单RF2026060419091681569,2026-06-04 19:09:50,用户提现,
olAFl67Dssr2AWW7s3bN4T2s2eEU,123.90,67482504313630	,订单退费转入,123.90,系统处理工单时转移用户余额，订单号=WS2026050622402628637,2026-06-04 19:09:17,SYS,
olAFl69fbGyGY6J5EobGFJ-uYC8M,0.00,67492442213487	,用户提现,81.20,用户提现-退费单RF2026052703150594816,2026-06-04 19:01:55,用户提现,
olAFl62rknqhxGNpd9jJVIm1Qoxc,0.00,67002509241428	,用户提现,127.10,用户提现-退费单RF2026060418553605386,2026-06-04 18:59:39,用户提现,
olAFl62rknqhxGNpd9jJVIm1Qoxc,127.10,67002509241428	,订单退费转入,127.10,系统处理工单时转移用户余额，订单号=WS2025111519074909572,2026-06-04 18:55:36,SYS,
olAFl6wmdadVOjRFWBibTKHJdDcA,0.00,864665068146682	,用户提现,100.60,用户提现-退费单RF2026041716191411,2026-06-04 18:42:06,用户提现,
ojb7F2KV4lT-33YAl3YVQcEQCfyM,0.00,69212538045529	,用户提现,359.00,用户提现-退费单RF2026060418385185582,2026-06-04 18:39:33,用户提现,
ojb7F2KV4lT-33YAl3YVQcEQCfyM,359.00,69212538045529	,订单退费转入,359.00,工单系统流量套餐退款,2026-06-04 18:38:52,SYS,
olAFl6zJfk_rEFdCReLMnYpKigl8,0.00,68772612320758	,用户提现,300.00,用户提现-退费单RF2026060223444870771,2026-06-04 18:26:41,用户提现,
olAFl6xnQkhgUJyPSsxofZx0d0Mo,0.00,68772602247918	,用户提现,62.20,用户提现-退费单RF2026060400011008294,2026-06-04 18:08:09,用户提现,
olAFl6_yw3-TE3MKlDDbgiuszzBg,0.00,67002447032768	,用户提现,72.20,用户提现-退费单RF2026060418011652193,2026-06-04 18:03:56,用户提现,
olAFl6_yw3-TE3MKlDDbgiuszzBg,72.20,67002447032768	,订单退费转入,72.20,系统处理工单时转移用户余额，订单号=WN2026052717071478594,2026-06-04 18:01:17,SYS,
olAFl69hgPQ-gxOXI_4JV6MR2Q9E,0.00,67862535044258	,用户提现,128.80,用户提现-退费单RF2026052203151452260,2026-06-04 17:56:20,用户提现,
olAFl60d4SyOsvz70BbRupKoZXCk,0.00,68772543144064	,用户提现,66.00,用户提现-退费单RF2026060417532616999,2026-06-04 17:54:39,用户提现,
olAFl60d4SyOsvz70BbRupKoZXCk,66.00,68772543144064	,订单退费转入,66.00,系统处理工单时转移用户余额，订单号=WS2026011017313886994,2026-06-04 17:53:26,SYS,
olAFl6wSKhwdCSFmhx2f0tipBjnQ,0.00,68772610296622	,用户提现,100.00,用户提现-退费单RF2026060417474592857,2026-06-04 17:48:38,用户提现,
olAFl6wSKhwdCSFmhx2f0tipBjnQ,100.00,68772610296622	,订单退费转入,100.00,系统处理工单时转移用户余额，订单号=WN2026060216583120137,2026-06-04 17:47:46,SYS,
olAFl6zzfmbFJbnkTTwTWN2BAbEE,0.00,58482339006782	,用户提现,159.00,用户提现-退费单RF2026060203150593390,2026-06-04 17:40:03,用户提现,
olAFl68obhEupwmWcdJQkWSJRYZg,69.00,67002509249320	,订单退费转入,69.00,工单系统流量套餐退款,2026-06-04 17:37:59,SYS,
olAFl65-tUaqjzGM8d1Dp8n-HTU4,0.00,58482351163075	,用户提现,228.40,用户提现-退费单RF2026051403153986,2026-06-04 17:12:05,用户提现,
olAFl6wmvHh5yo84hxURFlfU1LQU,0.00,67482449093178	,用户提现,39.70,用户提现-退费单RF2026052903152864912,2026-06-04 16:58:29,用户提现,
olAFl67kD0jw1-689jRA84wfwOGs,0.00,69212537028564	,用户提现,137.10,用户提现-退费单RF2026060113093315147,2026-06-04 16:53:36,用户提现,
olAFl65622WB0bXCYyGP7gpQ2s18,0.00,69212606157640	,用户提现,179.00,用户提现-退费单RF2026060203152362339,2026-06-04 16:45:58,用户提现,
olAFl64Uw1RVqrGmF20YmC7D3Li4,0.00,67482503243559	,用户提现,143.10,用户提现-退费单RF2026060416433034596,2026-06-04 16:44:04,用户提现,
olAFl64Uw1RVqrGmF20YmC7D3Li4,143.10,67482503243559	,订单退费转入,143.10,系统处理工单时转移用户余额，订单号=WS2026042807140052137,2026-06-04 16:43:30,SYS,
ojb7F2BBLcagtq7lqcwHm7q1uMhs,0.00,69142620027988	,用户提现,182.00,用户提现-退费单RF2026060416315694052,2026-06-04 16:42:29,用户提现,
ojb7F2HJIPmHGXd3H7OReZet2TG8,0.00,67492609640103	,用户提现,100.00,用户提现-退费单RF2026060416323237527,2026-06-04 16:34:08,用户提现,
ojb7F2HJIPmHGXd3H7OReZet2TG8,100.00,67492609640103	,订单退费转入,100.00,系统处理工单时转移用户余额，订单号=WN2026060415315413414,2026-06-04 16:32:32,SYS,
ojb7F2BBLcagtq7lqcwHm7q1uMhs,182.00,69142620027988	,订单退费转入,182.00,工单系统流量套餐退款,2026-06-04 16:31:57,SYS,
olAFl64fFKIoQmJb8BYzH8KRMtXU,0.00,68772528047399	,用户提现,52.00,用户提现-退费单RF2026060317383163512,2026-06-04 16:24:47,用户提现,
olAFl648QaZFV1fYAOtRENJdy3hg,0.00,67492552547461	,用户提现,67.50,用户提现-退费单RF2026060416133253511,2026-06-04 16:14:50,用户提现,
olAFl648QaZFV1fYAOtRENJdy3hg,67.50,67492552547461	,订单退费转入,67.50,系统处理工单时转移用户余额，订单号=WS2026011509060602041,2026-06-04 16:13:33,SYS,
ojb7F2Edf6vveWfA9pjdFr3GM4dE,0.00,67482610418635	,用户提现,179.00,用户提现-退费单RF2026060415590472988,2026-06-04 15:59:49,用户提现,
ojb7F2Edf6vveWfA9pjdFr3GM4dE,179.00,67482610418635	,订单退费转入,179.00,工单系统流量套餐退款,2026-06-04 15:59:05,SYS,
olAFl6wFbcM9qpLNAUfh9qx-Ss-U,0.00,69212544102965	,用户提现,121.20,用户提现-退费单RF2026060321560013950,2026-06-04 15:52:12,用户提现,
olAFl6zr53kBebx98jf2OdLWjuII,0.00,67492609645621	,用户提现,122.20,用户提现-退费单RF2026053115173345150,2026-06-04 15:31:51,用户提现,
olAFl64hF7NwzSgD7IJPlyeF12fA,0.00,68772612320817	,用户提现,79.60,用户提现-退费单RF2026060410352400544,2026-06-04 15:21:22,用户提现,
olAFl6zyBuS44QDjeLWBzv2uRQ84,0.00,68772522030232	,用户提现,139.40,用户提现-退费单RF2026060415065445275,2026-06-04 15:10:03,用户提现,
olAFl6zyBuS44QDjeLWBzv2uRQ84,139.40,68772522030232	,订单退费转入,139.40,系统处理工单时转移用户余额，订单号=WS2026053018341179475,2026-06-04 15:06:54,SYS,
olAFl65n4ggJLtUfIGxzt_fEPzw8,142.10,67492509447709	,订单退费转入,142.10,系统处理工单时转移用户余额，订单号=WS2026040416495112348,2026-06-04 15:02:27,SYS,
olAFl698BRox-I0TPBxBbVELkteM,0.00,68772539117813	,用户提现,66.00,用户提现-退费单RF2026060414564914766,2026-06-04 14:58:00,用户提现,
olAFl6-IrFqUPIuQjG1RLbEp7OuQ,0.00,69212536010445	,用户提现,156.10,用户提现-退费单RF2026060414571864462,2026-06-04 14:57:31,用户提现,
olAFl6-IrFqUPIuQjG1RLbEp7OuQ,156.10,69212536010445	,订单退费转入,156.10,系统处理工单时转移用户余额，订单号=WS2026042000334507786 本单会员价格20.00元，不能退款,2026-06-04 14:57:19,SYS,
olAFl698BRox-I0TPBxBbVELkteM,66.00,68772539117813	,订单退费转入,66.00,系统处理工单时转移用户余额，订单号=WS2025122217190585118,2026-06-04 14:56:49,SYS,
olAFl6-zVKn2oc5K-aCA2tPJ59wo,0.00,67492552547441	,用户提现,180.00,用户提现-退费单RF2026060317091170798,2026-06-04 14:48:16,用户提现,
olAFl6xiTpkUPWl4vsikgp4EoQss,290.20,67492610677189	,订单退费转入,290.20,工单系统流量套餐退款,2026-06-04 14:46:35,SYS,
olAFl674_ZBHOq7ztzniGNwIejq4,0.00,63272426062979	,用户提现,250.00,用户提现-退费单RF2026043014274546 微信退款失败：申请退款金额超过订单可退金额,2026-06-04 14:44:15,用户提现,
olAFl69gyN9tCXDZ8U1fb86i5Aoc,0.00,67482513396325	,用户提现,157.90,用户提现-退费单RF2026052503152490091,2026-06-04 14:36:08,用户提现,
olAFl636iuGtbH7dprny5qdpZmDo,0.00,67492602584393	,用户提现,6.00,用户提现-退费单RF2026060414284607533,2026-06-04 14:29:10,用户提现,
olAFl636iuGtbH7dprny5qdpZmDo,6.00,67492602584393	,订单退费转入,6.00,工单系统流量套餐退款,2026-06-04 14:28:46,SYS,
olAFl68I3hHZTYX3wHEgUuKmc2eU,69.00,68772539111373	,订单退费转入,69.00,系统处理工单时转移用户余额，订单号=WS2025112121380679165,2026-06-04 14:22:11,SYS,
olAFl68uWMqg_FQ-Be_PQIurJP9M,0.00,68772538099180	,用户提现,341.00,用户提现-退费单RF2026052903160389916,2026-06-04 14:01:01,用户提现,
olAFl67YHBKnmEOMoTbKp8O1De9E,0.00,69212602144048	,用户提现,94.00,用户提现-退费单RF2026060203150854479,2026-06-04 13:57:25,用户提现,
olAFl694QFzxrAa5vPLWQegGdsTY,0.00,70032611007193	,用户提现,179.00,用户提现-退费单RF2026060413070722797,2026-06-04 13:46:10,用户提现,
olAFl62yXNDSmaSQU3s4egzOYkZ8,0.00,68772522032370	,用户提现,199.00,用户提现-退费单RF2026053114295566499,2026-06-04 13:35:02,用户提现,
ojb7F2FwTgsA9UeRaYrOH4qJOcb4,19.00,68772610296808	,订单退费转入,19.00,工单系统流量套餐退款,2026-06-04 13:25:52,SYS,
olAFl694QFzxrAa5vPLWQegGdsTY,179.00,70032611007193	,订单退费转入,179.00,工单系统流量套餐退款,2026-06-04 13:07:07,SYS,
ojb7F2MMP9qbBkUzP7zDgkKjthPI,199.00,69212602134400	,订单退费转入,199.00,工单系统流量套餐退款 本单会员价格20.00元，不能退款,2026-06-04 13:00:24,SYS,
olAFl664bsZSW5PYUDN_UOHCFcI4,49.00,67492538503018	,订单退费转入,49.00,工单系统流量套餐退款,2026-06-04 12:59:05,SYS,
olAFl60jIgKO5cSdl6i3mXii-pnQ,0.00,60912431165312	,用户提现,139.30,用户提现-退费单RF2026060412411122819,2026-06-04 12:41:33,用户提现,
olAFl60jIgKO5cSdl6i3mXii-pnQ,139.30,60912431165312	,订单退费转入,139.30,系统处理工单时转移用户余额，订单号=WS2026030407564096610,2026-06-04 12:41:11,SYS,
olAFl61kFHsHaaKH0CS1dj5KameI,161.00,69212537031616	,订单退费转入,161.00,工单系统流量套餐退款 本单会员价格20.00元，不能退款,2026-06-04 12:40:00,SYS,
ojb7F2OHk23AxvebuLJV529mw9sM,0.00,68932606060820	,用户提现,599.00,用户提现-退费单RF2026060412370000011,2026-06-04 12:38:24,用户提现,
ojb7F2OHk23AxvebuLJV529mw9sM,599.00,68932606060820	,订单退费转入,599.00,工单系统流量套餐退款,2026-06-04 12:37:00,SYS,
olAFl60NlVvkwqYIvSsBjlbHAJhM,0.00,67492609651103	,用户提现,19.00,用户提现-退费单RF2026060412294749392,2026-06-04 12:30:32,用户提现,
olAFl6zvf6TcB91o0YH4yXgY1JYE,0.00,67862539048751	,用户提现,131.00,用户提现-退费单RF2026060412301824177,2026-06-04 12:30:31,用户提现,
olAFl6zvf6TcB91o0YH4yXgY1JYE,131.00,67862539048751	,订单退费转入,131.00,系统处理工单时转移用户余额，订单号=WS2026052612311101817,2026-06-04 12:30:18,SYS,
olAFl60NlVvkwqYIvSsBjlbHAJhM,19.00,67492609651103	,订单退费转入,19.00,工单系统流量套餐退款,2026-06-04 12:29:47,SYS,
olAFl67B3f4_ddJIB1Z6aehFwUZk,0.00,69142620033847	,用户提现,121.20,用户提现-退费单RF2026060412243423457,2026-06-04 12:25:27,用户提现,
olAFl67B3f4_ddJIB1Z6aehFwUZk,121.20,69142620033847	,订单退费转入,121.20,系统处理工单时转移用户余额，订单号=WS2026052020121012118,2026-06-04 12:24:34,SYS,
olAFl68iEIItpuO0U3wOE2rvfxYY,100.50,35682239057984	,订单退费转入,100.50,系统处理工单时转移用户余额，订单号=WS2026021523273605195,2026-06-04 12:03:32,SYS,
olAFl60o6AKVzNEdsuDQEvUuJGpo,0.00,70032617028849	,用户提现,199.00,用户提现-退费单RF2026060411522171666,2026-06-04 11:53:22,用户提现,
olAFl60o6AKVzNEdsuDQEvUuJGpo,199.00,70032617028849	,订单退费转入,199.00,工单系统流量套餐退款 本单会员价格20.00元，不能退款,2026-06-04 11:52:22,SYS,
olAFl64GqH-f3WxlscizGnAHWCdU,0.00,67512448138033	,用户提现,96.60,用户提现-退费单RF2026053113322156573,2026-06-04 11:23:46,用户提现,
olAFl66B94wGqaFoVF4dMBUMekrA,0.00,67512445106501	,用户提现,89.80,用户提现-退费单RF2026060411141085135,2026-06-04 11:14:36,用户提现,
olAFl66B94wGqaFoVF4dMBUMekrA,89.80,67512445106501	,订单退费转入,89.80,工单系统流量套餐退款 组合支付：微信退费 89.80,2026-06-04 11:14:11,SYS,
olAFl63PBiwtabwwPUSAwjjOOOIE,0.00,69212538042804	,用户提现,102.00,用户提现-退费单RF2026060411124825680,2026-06-04 11:13:30,用户提现,
olAFl63PBiwtabwwPUSAwjjOOOIE,102.00,69212538042804	,订单退费转入,102.00,系统处理工单时转移用户余额，订单号=WS2026031212091067445,2026-06-04 11:12:48,SYS,
olAFl65M3VLwh_6MvCT2Lx81UmlA,0.00,67482610418230	,用户提现,19.00,用户提现-退费单RF2026060410513935962,2026-06-04 10:52:05,用户提现,
olAFl65M3VLwh_6MvCT2Lx81UmlA,19.00,67482610418230	,订单退费转入,19.00,工单系统流量套餐退款,2026-06-04 10:51:39,SYS,
olAFl6zKNbBDL3Ffq11s_IlKA_EU,0.00,864665071296524	,用户提现,97.80,用户提现-退费单RF2026060410341717087,2026-06-04 10:36:01,用户提现,
olAFl64hF7NwzSgD7IJPlyeF12fA,79.60,68772612320817	,订单退费转入,79.60,系统处理工单时转移用户余额，订单号=WS2026041507364103966,2026-06-04 10:35:24,SYS,
olAFl6zKNbBDL3Ffq11s_IlKA_EU,97.80,864665071296524	,订单退费转入,97.80,系统处理工单时转移用户余额，订单号=WS2026031007264366195,2026-06-04 10:34:17,SYS,
olAFl6wJvAlgl0fsPYQlaEHQm73w,0.00,67482504312413	,用户提现,108.90,用户提现-退费单RF2026060410312196296,2026-06-04 10:33:48,用户提现,
olAFl6yScd8tU7U2GNydk5DoOS5g,0.00,67492610675840	,用户提现,172.20,用户提现-退费单RF2026060410195595019,2026-06-04 10:31:40,用户提现,
olAFl6wJvAlgl0fsPYQlaEHQm73w,108.90,67482504312413	,订单退费转入,108.90,系统处理工单时转移用户余额，订单号=WS2025111012221643777,2026-06-04 10:31:22,SYS,
olAFl6yScd8tU7U2GNydk5DoOS5g,172.20,67492610675840	,订单退费转入,172.20,系统处理工单时转移用户余额，订单号=WS2026052607281379898,2026-06-04 10:19:56,SYS,
olAFl6-QxUNL_zqcOuzKJoFgqZxw,0.00,67492509466098	,用户提现,112.60,用户提现-退费单RF2026050803154981,2026-06-04 10:02:15,用户提现,
olAFl6wlF4-z8lsqAXmGciW7u5Cg,0.00,	,系统扣费,102.00,用户无可退退费单，钱包清零,2026-06-04 10:00:51,SYS,
olAFl6ySuXsc1u7KamegtMFX3uEs,19.90,68932550044568	,订单退费转入,19.90,工单系统流量套餐退款,2026-06-04 09:35:56,SYS,
olAFl69q7zgxfS785JQzemlWinCU,0.00,68772602228736	,用户提现,66.00,用户提现-退费单RF2026060303150567953,2026-06-04 09:18:38,用户提现,
olAFl64L7gw0BK80iHPIZVCxM3mc,0.00,67482610412182	,用户提现,88.00,用户提现-退费单RF2026060409121288571,2026-06-04 09:13:51,用户提现,
olAFl64L7gw0BK80iHPIZVCxM3mc,88.00,67482610412182	,订单退费转入,88.00,工单系统流量套餐退款,2026-06-04 09:12:13,SYS,
olAFl6_z30dXj8hV3UWXkzJ5R6Dk,0.00,68772612318865	,用户提现,84.00,用户提现-退费单RF2026060321311545330,2026-06-04 08:58:53,用户提现,
ojb7F2LIwszfBu8NwxjuZ3qSzOYc,0.00,70032617028342	,用户提现,172.20,用户提现-退费单RF2026060408452517346,2026-06-04 08:52:28,用户提现,
olAFl6_kBWJ50l01GVPljUR3-RAY,0.00,69212537037913	,用户提现,66.40,用户提现-退费单RF2026060319141633076,2026-06-04 08:52:05,用户提现,
ojb7F2LIwszfBu8NwxjuZ3qSzOYc,172.20,70032617028342	,订单退费转入,172.20,系统处理工单时转移用户余额，订单号=WS2026053009113502627,2026-06-04 08:45:25,SYS,
olAFl6wCocXjEGtsvzgEbRwaRWyg,0.00,67482453145480	,用户提现,56.80,用户提现-退费单RF2026050803151991,2026-06-04 08:26:04,用户提现,
olAFl6w-LsrDYrw7JsjPKfhzBxFU,0.00,68772602248408	,用户提现,144.60,用户提现-退费单RF2026060103151723297,2026-06-04 07:20:44,用户提现,
ojb7F2AvJoV2h0cXiphtv1NDjnjE,0.00,70032617026823	,用户提现,185.00,用户提现-退费单RF2026060220375460163,2026-06-04 07:03:09,用户提现,
olAFl6-gXd0tMiCEbQrd2e5Od03Y,0.00,67002452101459	,用户提现,179.00,用户提现-退费单RF2026060406511122032,2026-06-04 06:52:06,用户提现,
olAFl6-gXd0tMiCEbQrd2e5Od03Y,179.00,67002452101459	,订单退费转入,179.00,工单系统流量套餐退款,2026-06-04 06:51:11,SYS,
olAFl6539Q4LjlvLL34dT4Hb1Lt0,0.00,58812418052283	,用户提现,66.70,用户提现-退费单RF2026053022103461215,2026-06-04 06:24:54,用户提现,
olAFl62QJsfnNwdbRtflBDD73qPY,0.00,67482512364976	,用户提现,138.00,用户提现-退费单RF2026060204150317680,2026-06-04 05:10:35,用户提现,
olAFl68qfPwBwBDTaaJ_uHFn2sXc,0.00,68772550174148	,用户提现,29.00,用户提现-退费单RF2026060322195545520,2026-06-04 05:00:00,用户提现,
olAFl6wxDd4yyuVBYbJ_ucO0oqSc,0.00,67492538517873	,用户提现,54.00,用户提现-退费单RF2026060323084785643,2026-06-04 01:14:28,用户提现,
olAFl6xQSyL4wpbNLG9x_tDL46z4,0.00,60912414043062	,用户提现,122.50,用户提现-退费单RF2026060322342314795,2026-06-04 00:22:49,用户提现,
olAFl6xnQkhgUJyPSsxofZx0d0Mo,62.20,68772602247918	,订单退费转入,62.20,系统处理工单时转移用户余额，订单号=WN2026042218152772664,2026-06-04 00:01:10,SYS,
olAFl6-TRi0M_kTddVYqI8cXogKc,292.00,68772550196120	,订单退费转入,292.00,工单系统流量套餐退款 本单会员价格20.00元，不能退款,2026-06-03 23:57:30,SYS,
olAFl6xEPPirrfmSSkoGFRdD54Rs,64.40,67482610424672	,订单退费转入,64.40,系统处理工单时转移用户余额，订单号=WS2026051123103302135,2026-06-03 23:38:17,SYS,
olAFl60-3_gcx7tqb8UEs_a1r6ys,0.00,70032606000322	,用户提现,9.00,用户提现-退费单RF2026060321364200270,2026-06-03 23:33:33,用户提现,
olAFl6yrqEcV-XmueBRI5c2dR-rU,0.00,60912411006879	,用户提现,18.40,用户提现-退费单RF2026052503150875558,2026-06-03 23:18:47,用户提现,
olAFl6wxDd4yyuVBYbJ_ucO0oqSc,54.00,67492538517873	,订单退费转入,54.00,系统处理工单时转移用户余额，订单号=WS2026030917412558364,2026-06-03 23:08:48,SYS,
olAFl65EjFN4zYhW4sJytcvd9FMI,0.00,67912450005978	,用户提现,479.00,用户提现-退费单RF2026060322414858256,2026-06-03 22:44:28,用户提现,
olAFl65EjFN4zYhW4sJytcvd9FMI,479.00,67912450005978	,订单退费转入,479.00,工单系统流量套餐退款,2026-06-03 22:41:49,SYS,
olAFl6xQSyL4wpbNLG9x_tDL46z4,122.50,60912414043062	,订单退费转入,122.50,系统处理工单时转移用户余额，订单号=WS2026030917574353151,2026-06-03 22:34:23,SYS,
olAFl68qfPwBwBDTaaJ_uHFn2sXc,29.00,68772550174148	,订单退费转入,29.00,工单系统流量套餐退款 本单会员价格20.00元，不能退款,2026-06-03 22:19:55,SYS,
olAFl6yhaloq8bbJaiItfDlFGmfo,0.00,68032536035079	,用户提现,120.20,用户提现-退费单RF2026060322191757163,2026-06-03 22:19:37,用户提现,
olAFl6yhaloq8bbJaiItfDlFGmfo,120.20,68032536035079	,订单退费转入,120.20,系统处理工单时转移用户余额，订单号=WS2026042221595384032,2026-06-03 22:19:18,SYS,
ojb7F2Eh_w2ppeDs7P_h53G2IR90,0.00,67002452071126	,用户提现,199.00,用户提现-退费单RF2026060210384201927,2026-06-03 22:00:01,用户提现,
olAFl63SG0FjJSZnNMaZ2tZVzO9Q,0.00,69142620031434	,用户提现,479.00,用户提现-退费单RF2026060312162619529,2026-06-03 21:59:17,用户提现,
olAFl6wFbcM9qpLNAUfh9qx-Ss-U,121.20,69212544102965	,订单退费转入,121.20,系统处理工单时转移用户余额，订单号=WS2026051412071512493,2026-06-03 21:56:00,SYS,
olAFl69331Rsc-gWFBeWOJUXxq10,0.00,70032606002353	,用户提现,39.20,用户提现-退费单RF2026060321394022892,2026-06-03 21:54:55,用户提现,
olAFl69331Rsc-gWFBeWOJUXxq10,39.20,70032606002353	,订单退费转入,39.20,工单系统流量套餐退款 组合支付：微信退费 39.20,2026-06-03 21:39:40,SYS,
olAFl61PmsZRB3aRZHjj_8JrLv9U,0.00,68772604272890	,用户提现,121.20,用户提现-退费单RF2026060321375446531,2026-06-03 21:38:36,用户提现,
olAFl61PmsZRB3aRZHjj_8JrLv9U,121.20,68772604272890	,订单退费转入,121.20,系统处理工单时转移用户余额，订单号=WS2026051508115779230,2026-06-03 21:37:54,SYS,
olAFl6xK8iO-tEtYlBM2P_DzF55g,0.00,67492507398855	,用户提现,92.90,用户提现-退费单RF2026060321335897884,2026-06-03 21:37:50,用户提现,
olAFl60-3_gcx7tqb8UEs_a1r6ys,9.00,70032606000322	,订单退费转入,9.00,工单系统流量套餐退款,2026-06-03 21:36:42,SYS,
olAFl67XmqoN7aiYFMsvV5muS3w4,0.00,70032611016204	,用户提现,320.00,用户提现-退费单RF2026060203150856657,2026-06-03 21:34:19,用户提现,
olAFl6xK8iO-tEtYlBM2P_DzF55g,92.90,67492507398855	,订单退费转入,92.90,系统处理工单时转移用户余额，订单号=WS2026041018021227374,2026-06-03 21:33:59,SYS,
olAFl6_z30dXj8hV3UWXkzJ5R6Dk,84.00,68772612318865	,订单退费转入,84.00,工单系统流量套餐退款,2026-06-03 21:31:15,SYS,
olAFl6_Z_sYRWK5owHcx_yllteU4,0.00,67482610417619	,用户提现,89.00,用户提现-退费单RF2026060215012179263,2026-06-03 21:13:53,用户提现,
olAFl64zvZFPxGYZMxLfwRjmogXc,0.00,69212537027732	,用户提现,116.40,用户提现-退费单RF2026060321113507712,2026-06-03 21:12:58,用户提现,
olAFl64zvZFPxGYZMxLfwRjmogXc,116.40,69212537027732	,订单退费转入,116.40,系统处理工单时转移用户余额，订单号=WS2026031023475323050,2026-06-03 21:11:35,SYS,
olAFl63zwAH1kb5ZxyfSKLlErevs,0.00,70032617027466	,用户提现,106.00,用户提现-退费单RF2026060317135077692,2026-06-03 21:10:11,用户提现,
olAFl6_w8_wKg_LTGK22GPge4klM,0.00,69142620028484	,用户提现,134.00,用户提现-退费单RF2026060221421659410,2026-06-03 20:45:55,用户提现,
olAFl60bgp1UbPGGrJSTXq3oTuaY,0.00,67482610424404	,用户提现,113.60,用户提现-退费单RF2026060320344546449,2026-06-03 20:35:16,用户提现,
olAFl61lELZARHwDwl6g9FnKvdPQ,0.00,67482512346783	,用户提现,93.60,用户提现-退费单RF2026060313545257292,2026-06-03 20:35:16,用户提现,
olAFl60bgp1UbPGGrJSTXq3oTuaY,113.60,67482610424404	,订单退费转入,113.60,系统处理工单时转移用户余额，订单号=WS2026032221381868539,2026-06-03 20:34:45,SYS,
olAFl67thuIe-q26wukhPSreQ1dA,0.00,867061073634325	,用户提现,61.00,用户提现-退费单RF2026060320274518853,2026-06-03 20:31:13,用户提现,
olAFl6_9xA3OHuqdI7iGEDjWCHQI,62.20,864665067381397	,订单退费转入,62.20,工单系统流量套餐退款 本单会员价格20.00元，不能退款 组合支付：微信退费 62.20,2026-06-03 20:28:03,SYS,
olAFl67thuIe-q26wukhPSreQ1dA,61.00,867061073634325	,订单退费转入,61.00,系统处理工单时转移用户余额，订单号=WN2026011120301477735,2026-06-03 20:27:45,SYS,
olAFl6xn5DVG0aTLNTfFcZN92-yQ,0.00,68052513032016	,用户提现,4.40,用户提现-退费单RF2026060315323394566,2026-06-03 20:14:09,用户提现,
olAFl62utMiyl-GagW03swBzeysU,109.00,60982418001608	,订单退费转入,109.00,工单系统流量套餐退款,2026-06-03 20:11:45,SYS,
olAFl64AKv-twnikfAliFWn7BpEY,0.00,67492509458044	,用户提现,74.40,用户提现-退费单RF2026052903154937358,2026-06-03 20:05:14,用户提现,
olAFl6-oh-LoYAfPz49UfKrIZu7w,0.00,68772610295798	,用户提现,109.00,用户提现-退费单RF2026060318532614343,2026-06-03 19:58:09,用户提现,
olAFl61ejN067xyr2DVxeDe0r6P4,0.00,69142620031450	,用户提现,172.20,用户提现-退费单RF2026060319532358535,2026-06-03 19:57:59,用户提现,
olAFl61ejN067xyr2DVxeDe0r6P4,172.20,69142620031450	,订单退费转入,172.20,系统处理工单时转移用户余额，订单号=WS2026052409290133487,2026-06-03 19:53:24,SYS,
olAFl65gj9ax1beZoepnghhFh5T4,0.00,69212612177765	,用户提现,122.20,用户提现-退费单RF2026060319333612634,2026-06-03 19:34:34,用户提现,
olAFl65gj9ax1beZoepnghhFh5T4,122.20,69212612177765	,订单退费转入,122.20,系统处理工单时转移用户余额，订单号=WS2026050513204717494,2026-06-03 19:33:36,SYS,
olAFl66inGbzDGXpOXKRKpQJik0U,0.00,70032611007677	,用户提现,64.00,用户提现-退费单RF2026060319293303344,2026-06-03 19:30:03,用户提现,
olAFl66inGbzDGXpOXKRKpQJik0U,64.00,70032611007677	,订单退费转入,64.00,工单系统流量套餐退款 本单会员价格20.00元，不能退款,2026-06-03 19:29:33,SYS,
olAFl661lNxCZpuRA0QgU1ooz8C4,0.00,864665068120968	,用户提现,20.40,用户提现-退费单RF2026060310354954464,2026-06-03 19:26:15,用户提现,
ojb7F2LDZ2ga2wQ0uusZXMnxTFOg,0.00,68932621085638	,用户提现,179.00,用户提现-退费单RF2026060319110179497,2026-06-03 19:18:36,用户提现,
olAFl6_kBWJ50l01GVPljUR3-RAY,66.40,69212537037913	,订单退费转入,66.40,系统处理工单时转移用户余额，订单号=WN2025121016110819978,2026-06-03 19:14:16,SYS,
ojb7F2LDZ2ga2wQ0uusZXMnxTFOg,179.00,68932621085638	,订单退费转入,179.00,工单系统流量套餐退款,2026-06-03 19:11:02,SYS,
olAFl636Mhe5AnQsVFdztiU6dIh4,479.00,67862539048068	,订单退费转入,479.00,工单系统流量套餐退款,2026-06-03 19:02:52,SYS,
ojb7F2AvJoV2h0cXiphtv1NDjnjE,185.00,70032617026823	,订单退费转入,185.00,工单系统审核退费单-套餐已作废/钱包已清零,2026-06-03 18:54:41,SYS,
olAFl6-oh-LoYAfPz49UfKrIZu7w,109.00,68772610295798	,订单退费转入,109.00,工单系统流量套餐退款,2026-06-03 18:53:26,SYS,
ojb7F2MqKW-CuAf3khlZRgbrBZeU,0.00,68772602249368	,用户提现,49.00,用户提现-退费单RF2026060214001029912,2026-06-03 18:35:19,用户提现,
olAFl6yRKXbcl7A9Wbbs5coTWNoo,0.00,67512525201228	,用户提现,20.30,用户提现-退费单RF2026060303150363261,2026-06-03 18:30:20,用户提现,
olAFl66KMfr59g23zASJS-qc3sb4,0.00,864665063730217	,用户提现,91.00,用户提现-退费单RF2026060218004094170,2026-06-03 18:13:16,用户提现,
ojb7F2Nd4_-Db2sQGmG2Xd772IaE,0.00,70032617029929	,用户提现,58.00,用户提现-退费单RF2026060317543526376,2026-06-03 17:57:51,用户提现,
olAFl6yIk_Tl5-sRg6vGvKcztpLU,0.00,67492610673670	,用户提现,479.00,用户提现-退费单RF2026052603150600212,2026-06-03 17:57:48,用户提现,
olAFl64pDnvZQUfbPikjFP2C5cls,0.00,68772513001094	,用户提现,40.80,用户提现-退费单RF2026052903153650210,2026-06-03 17:56:53,用户提现,
ojb7F2Nd4_-Db2sQGmG2Xd772IaE,58.00,70032617029929	,订单退费转入,58.00,工单系统流量套餐退款 本单会员价格20.00元，不能退款,2026-06-03 17:54:35,SYS,
olAFl6-ijlHUt4i6uVrZ2kfAvifk,0.00,69212606154588	,用户提现,420.00,用户提现-退费单RF2026060119440852654,2026-06-03 17:44:42,用户提现,
olAFl63bmo0yn1wxgjqz-hsx57kc,0.00,	,系统扣费,58.30,已退款,系统清零,2026-06-03 17:44:30,SYS,
olAFl6-CuUksaztnCZCe4HydjKKA,0.00,	,系统扣费,102.40,已退款,系统清零,2026-06-03 17:43:53,SYS,
olAFl64upf5NzrjAFAMkigofvldc,0.00,67482610414920	,用户提现,69.00,用户提现-退费单RF2026042017410251,2026-06-03 17:42:48,用户提现,
olAFl64fFKIoQmJb8BYzH8KRMtXU,52.00,68772528047399	,订单退费转入,52.00,系统处理工单时转移用户余额，订单号=WS2025080619120147167,2026-06-03 17:38:32,SYS,
olAFl62QzqyqgRE1PkUlnzRKRHLc,0.00,69212536010479	,用户提现,49.00,用户提现-退费单RF2026060221124617666,2026-06-03 17:29:46,用户提现,
olAFl6xma90OUvJ1uvWRn1bF3So8,0.00,69212612188109	,用户提现,152.00,用户提现-退费单RF2026060215534535942,2026-06-03 17:19:11,用户提现,
olAFl638FXme8ZE7bjemeOo2PIeQ,0.00,864665071446137	,用户提现,106.00,用户提现-退费单RF2026052515402811968,2026-06-03 17:15:18,用户提现,
olAFl63zwAH1kb5ZxyfSKLlErevs,106.00,70032617027466	,订单退费转入,106.00,系统处理工单时转移用户余额，订单号=WS2026052618200545460,2026-06-03 17:13:51,SYS,
olAFl6-zVKn2oc5K-aCA2tPJ59wo,180.00,67492552547441	,订单退费转入,180.00,系统处理工单时转移用户余额，订单号=WS2026060308303502041,2026-06-03 17:09:12,SYS,
olAFl61V-88wL5ZAe9cIqJz1ABT4,0.00,67482610424163	,用户提现,34.00,用户提现-退费单RF2026060317064159449,2026-06-03 17:08:19,用户提现,
olAFl61V-88wL5ZAe9cIqJz1ABT4,34.00,67482610424163	,订单退费转入,34.00,系统处理工单时转移用户余额，订单号=WS2026041009532885481,2026-06-03 17:06:42,SYS,
olAFl62dL0Zi6WHusJrCq3Ke3208,65.40,69212606158619	,订单退费转入,65.40,系统处理工单时转移用户余额，订单号=WS2026032508044117892,2026-06-03 16:47:59,SYS,
ojb7F2LAutayqtMp93gAj2U1OOsA,0.00,69142620025462	,用户提现,471.00,用户提现-退费单RF2026060117343640424,2026-06-03 16:30:05,用户提现,
olAFl67cIYBmUAP_RVSfWH2J-ORg,112.00,69142529011909	,订单退费转入,112.00,系统处理工单时转移用户余额，订单号=WS2025091205403958952,2026-06-03 16:24:53,SYS,
olAFl64LT-EIPbiVpJEE-DEcnn5Q,0.00,69212606158197	,用户提现,265.20,用户提现-退费单RF2026060316014545296,2026-06-03 16:20:31,用户提现,
olAFl63mb0la8kShFrF3x4Cyw9Ok,0.00,69212612186643	,用户提现,171.20,用户提现-退费单RF2026060316170570011,2026-06-03 16:17:55,用户提现,
olAFl63mb0la8kShFrF3x4Cyw9Ok,171.20,69212612186643	,订单退费转入,171.20,系统处理工单时转移用户余额，订单号=WS2026052808573223051,2026-06-03 16:17:06,SYS,
ojb7F2IMOJOLQTyWoXzL5wBBbQqU,0.00,69212602134396	,用户提现,199.00,用户提现-退费单RF2026060219145661282,2026-06-03 16:11:25,用户提现,
olAFl67FpByRt5kgaC3NjJTv5hWE,0.00,67492552546639	,用户提现,93.40,用户提现-退费单RF2026060316093889359,2026-06-03 16:10:00,用户提现,
olAFl67FpByRt5kgaC3NjJTv5hWE,93.40,67492552546639	,订单退费转入,93.40,系统处理工单时转移用户余额，订单号=WS2026032315553634667,2026-06-03 16:09:39,SYS,
olAFl64LT-EIPbiVpJEE-DEcnn5Q,265.20,69212606158197	,订单退费转入,265.20,工单系统流量套餐退款,2026-06-03 16:01:45,SYS,
olAFl6xn5DVG0aTLNTfFcZN92-yQ,4.40,68052513032016	,订单退费转入,4.40,系统处理工单时转移用户余额，订单号=WN2026042610394831490,2026-06-03 15:32:34,SYS,
olAFl63YoFwYudqk3kT2upEoju94,0.00,864665070196675	,用户提现,39.90,用户提现-退费单RF2026060311574734991,2026-06-03 14:49:30,用户提现,
olAFl63RNRI6nQkTTE_EbAI6SdvU,0.00,67002535359912	,用户提现,113.20,用户提现-退费单RF2026060314405572190,2026-06-03 14:42:03,用户提现,
olAFl63RNRI6nQkTTE_EbAI6SdvU,113.20,67002535359912	,订单退费转入,113.20,系统处理工单时转移用户余额，订单号=WS2025121920291745229,2026-06-03 14:40:56,SYS,
olAFl6wTwO5CQHXeyPXNpoq-5pZs,0.00,68772612328611	,用户提现,29.00,用户提现-退费单RF2026060303151454876,2026-06-03 14:36:31,用户提现,
olAFl606y-DQF3tVkH_z4cxPVFo0,19.00,69142620030087	,订单退费转入,19.00,工单系统流量套餐退款,2026-06-03 14:26:22,SYS,
olAFl68f_f4stfVR53Tdyv3CNlMo,0.00,67482448032868	,用户提现,24.40,用户提现-退费单RF2026060314221762567,2026-06-03 14:22:36,用户提现,
olAFl68f_f4stfVR53Tdyv3CNlMo,24.40,67482448032868	,订单退费转入,24.40,系统处理工单时转移用户余额，订单号=WN2026041813512765471,2026-06-03 14:22:18,SYS,
olAFl61mD0XK9O9Bd6xprgT8Mu8k,0.00,68772612320355	,用户提现,49.00,用户提现-退费单RF2026060314012632452,2026-06-03 14:04:27,用户提现,
olAFl61mD0XK9O9Bd6xprgT8Mu8k,49.00,68772612320355	,订单退费转入,49.00,工单系统流量套餐退款,2026-06-03 14:01:26,SYS,
olAFl61lELZARHwDwl6g9FnKvdPQ,93.60,67482512346783	,订单退费转入,93.60,系统处理工单时转移用户余额，订单号=WS2026031117463504180,2026-06-03 13:54:53,SYS,
olAFl63cGUJjFoqB01SgrMmt3lY0,0.00,864665064469963	,用户提现,84.10,用户提现-退费单RF2026060313472253735,2026-06-03 13:48:34,用户提现,
olAFl63cGUJjFoqB01SgrMmt3lY0,84.10,864665064469963	,订单退费转入,84.10,系统处理工单时转移用户余额，订单号=WN2026060223444524594,2026-06-03 13:47:23,SYS,
olAFl6_v5mJZwZk4UwM2Rs8A9z64,6.00,67492609640937	,订单退费转入,6.00,系统处理工单时转移用户余额，订单号=WN2026060114223687154,2026-06-03 13:20:14,SYS,
olAFl63n6CzvAA7kZcdDu2PbxwRA,0.00,69212537040180	,用户提现,70.90,用户提现-退费单RF2026051903153151,2026-06-03 13:09:27,用户提现,
olAFl6-gHQetvlM5GzRrLh018SWo,0.00,67492609641497	,用户提现,84.40,用户提现-退费单RF2026052703151229387,2026-06-03 12:32:49,用户提现,
olAFl62XWLgIsDnSwrXyLg_mDR70,0.00,58482343093527	,用户提现,80.40,用户提现-退费单RF2026060312295245847,2026-06-03 12:30:11,用户提现,
olAFl62XWLgIsDnSwrXyLg_mDR70,80.40,58482343093527	,订单退费转入,80.40,系统处理工单时转移用户余额，订单号=WN2026050609132146925,2026-06-03 12:29:52,SYS,
olAFl6wzRSBy7CTAMFdaWdNsf92c,0.00,68032536032602	,用户提现,212.00,用户提现-退费单RF2026053121525271845,2026-06-03 12:23:18,用户提现,
olAFl63SG0FjJSZnNMaZ2tZVzO9Q,479.00,69142620031434	,订单退费转入,479.00,工单系统流量套餐退款 本单会员价格20.00元，不能退款,2026-06-03 12:16:26,SYS,
olAFl6yjTn4kp08qlIkXPwPDXOJU,0.00,69212612191346	,用户提现,180.00,用户提现-退费单RF2026060312084094518,2026-06-03 12:09:30,用户提现,
olAFl6yjTn4kp08qlIkXPwPDXOJU,180.00,69212612191346	,订单退费转入,180.00,系统处理工单时转移用户余额，订单号=WS2026060220584971530,2026-06-03 12:08:41,SYS,
olAFl6-E2gbaw8JMpnW8NcztvmiY,0.00,86132347129474	,用户提现,90.20,用户提现-退费单RF2026060103151478897,2026-06-03 12:00:31,用户提现,
o2uAP63_j6DpB41Zo9YVyM0nrzfA,0.00,80886469	,用户提现,136.70,用户提现-退费单RF2026060311574889526,2026-06-03 11:58:28,用户提现,
o2uAP63_j6DpB41Zo9YVyM0nrzfA,136.70,80886469	,订单退费转入,136.70,系统处理工单时转移用户余额，订单号=WS2026050120322946971,2026-06-03 11:57:49,SYS,
olAFl63YoFwYudqk3kT2upEoju94,39.90,864665070196675	,订单退费转入,39.90,工单系统流量套餐退款,2026-06-03 11:57:47,SYS,
olAFl6ymPPQVtah57rnXKCINjzck,0.00,69142529010831	,用户提现,102.00,用户提现-退费单RF2026060311445697065,2026-06-03 11:57:14,用户提现,
ojb7F2F9pfc0U3lBIGoVVktMQgjk,479.00,69142620032917	,订单退费转入,479.00,工单系统流量套餐退款 本单会员价格20.00元，不能退款,2026-06-03 11:53:41,SYS,
ojb7F2Jl4MSreXiJow1YWE7VvJrU,0.00,70032617028019	,用户提现,106.00,用户提现-退费单RF2026060311482887883,2026-06-03 11:50:14,用户提现,
odELQ6pHGZASDE--ycR1Axw2gCw8,0.00,68712522003985	,用户提现,59.00,用户提现-退费单RF2026052803152495993,2026-06-03 11:50:06,用户提现,
olAFl6-uTkxRQK96ZjuiB9Fw6l0w,0.00,68772522033528	,用户提现,58.80,用户提现-退费单RF2026060209485894038,2026-06-03 11:49:42,用户提现,
ojb7F2Jl4MSreXiJow1YWE7VvJrU,106.00,70032617028019	,订单退费转入,106.00,工单系统流量套餐退款,2026-06-03 11:48:29,SYS,
olAFl6ymPPQVtah57rnXKCINjzck,102.00,69142529010831	,订单退费转入,102.00,系统处理工单时转移用户余额，订单号=WS2026060311191936665,2026-06-03 11:44:57,SYS,
olAFl6zfRPB5r7wWKqAt-UIHxqzM,0.00,68772610302038	,用户提现,356.00,用户提现-退费单RF2026060311403561176,2026-06-03 11:42:30,用户提现,
olAFl6zfRPB5r7wWKqAt-UIHxqzM,356.00,68772610302038	,订单退费转入,356.00,工单系统流量套餐退款,2026-06-03 11:40:36,SYS,
olAFl6ymPPQVtah57rnXKCINjzck,0.00,69142529006068	,用户提现,51.29,用户提现-退费单RF2026052903151033374,2026-06-03 11:17:24,用户提现,
olAFl65LGylfAXaVFxBQCzfEyFZ8,0.00,69212606154514	,用户提现,179.00,用户提现-退费单RF2026060309514076251,2026-06-03 11:10:03,用户提现,
olAFl65UK6V41Ox3NAADgiesa5Uo,0.00,867061073618146	,用户提现,143.00,用户提现-退费单RF2026060221460868358,2026-06-03 11:05:59,用户提现,
olAFl6wRLM2evjsJRwigDTzUWWyQ,0.00,69142620030705	,用户提现,179.00,用户提现-退费单RF2026060311033611246,2026-06-03 11:03:57,用户提现,
olAFl6wRLM2evjsJRwigDTzUWWyQ,179.00,69142620030705	,订单退费转入,179.00,工单系统流量套餐退款,2026-06-03 11:03:36,SYS,
ojb7F2JnpX0Ou_8LUDaVKo0oWMpo,0.00,70032611010934	,用户提现,29.90,用户提现-退费单RF2026060310460895264,2026-06-03 10:46:24,用户提现,
ojb7F2JnpX0Ou_8LUDaVKo0oWMpo,29.90,70032611010934	,订单退费转入,29.90,工单系统流量套餐退款,2026-06-03 10:46:09,SYS,
olAFl6_sakrBLREeHjei_LRApvcI,0.00,68932604054645	,用户提现,29.90,用户提现-退费单RF2026060310424235870,2026-06-03 10:45:13,用户提现,
olAFl6_sakrBLREeHjei_LRApvcI,29.90,68932604054645	,订单退费转入,29.90,工单系统流量套餐退款,2026-06-03 10:42:42,SYS,
ojb7F2IMOJOLQTyWoXzL5wBBbQqU,199.00,69212602134396	,订单退费转入,199.00,工单系统审核退费单-套餐已作废/钱包已清零,2026-06-03 10:41:57,SYS,
olAFl661lNxCZpuRA0QgU1ooz8C4,20.40,864665068120968	,订单退费转入,20.40,系统处理工单时转移用户余额，订单号=WN2026030311135862353,2026-06-03 10:35:50,SYS,
olAFl63thRxEc0StPwBh6jxMgTPw,0.00,68772610295736	,用户提现,131.00,用户提现-退费单RF2026060203152365797,2026-06-03 10:00:37,用户提现,
olAFl62MelKxx1UbbXXD2xqVHI8k,0.00,67492609652812	,用户提现,90.40,用户提现-退费单RF2026060309555209213,2026-06-03 09:56:46,用户提现,
olAFl62MelKxx1UbbXXD2xqVHI8k,90.40,67492609652812	,订单退费转入,90.40,系统处理工单时转移用户余额，订单号=WS2026032320250933824,2026-06-03 09:55:52,SYS,
olAFl64w933whrVWR-uxtabu3uHU,28.30,67492442213264	,订单退费转入,28.30,系统处理工单时转移用户余额，订单号=WS2025100422363358026,2026-06-03 09:54:04,SYS,
olAFl65LGylfAXaVFxBQCzfEyFZ8,179.00,69212606154514	,订单退费转入,179.00,工单系统流量套餐退款 本单会员价格20.00元，不能退款,2026-06-03 09:51:41,SYS,
olAFl66N4EwQbsCfyi4cOf9Cr1po,0.00,68772612319548	,用户提现,121.20,用户提现-退费单RF2026060309450050319,2026-06-03 09:46:27,用户提现,
olAFl66N4EwQbsCfyi4cOf9Cr1po,121.20,68772612319548	,订单退费转入,121.20,系统处理工单时转移用户余额，订单号=WS2026041513430077854,2026-06-03 09:45:01,SYS,
olAFl651CWN4IdHcs0MrvbCps4LU,0.00,67482610421952	,用户提现,111.37,用户提现-退费单RF2026052503151257169,2026-06-03 09:37:00,用户提现,
olAFl69b1pbI-cH3YH-zpjh1glhE,0.00,69212612180391	,用户提现,420.00,用户提现-退费单RF2026060222162761017,2026-06-03 09:29:55,用户提现,
olAFl60Lcw9hJNhVrTsC6ZdSzt1k,0.00,67002535361967	,用户提现,80.00,用户提现-退费单RF2026060309200580898,2026-06-03 09:23:04,用户提现,
olAFl60Lcw9hJNhVrTsC6ZdSzt1k,80.00,67002535361967	,订单退费转入,80.00,工单系统流量套餐退款 本单会员价格20.00元，不能退款,2026-06-03 09:20:06,SYS,
olAFl68g6eIhCKAhrzMhOZkbYDhw,0.00,60992438027377	,用户提现,94.60,用户提现-退费单RF2026051303154687,2026-06-03 09:18:30,用户提现,
olAFl6-RSWDn7BcNQmCYovkv-4TQ,0.00,70032611014495	,用户提现,179.00,用户提现-退费单RF2026060303152929189,2026-06-03 09:06:10,用户提现,
olAFl688vc59wHU2-kfnvuktH1Eg,0.00,63272414001488	,用户提现,127.30,用户提现-退费单RF2026052803151191774,2026-06-03 09:04:00,用户提现,
olAFl6ziToNWVqjkLqcmhjmAOIM8,0.00,67482442006152	,用户提现,160.00,用户提现-退费单RF2026060303150761395,2026-06-03 08:51:48,用户提现,
olAFl64PH4yx7Yys1FceUvzJpYfo,0.00,68772520017508	,用户提现,130.00,用户提现-退费单RF2026060303151457919,2026-06-03 08:41:41,用户提现,
olAFl67iBysaAq4LssnRXciqoQKo,0.00,86132327024072	,用户提现,59.00,用户提现-退费单RF2026060303151457062,2026-06-03 08:39:12,用户提现,
olAFl63kenGqqeZGQmw3ylKEqVic,0.00,86132437295775	,用户提现,155.30,用户提现-退费单RF2026052803152069052,2026-06-03 08:37:18,用户提现,
odELQ6ofVdAXVuJa-jRL7dlqCMJk,0.00,68832532005521	,用户提现,39.90,用户提现-退费单RF2026060103152921979,2026-06-03 08:35:20,用户提现,
olAFl6xUI9lGtSN_V1Z_OEZVawE8,0.00,68772550201258	,用户提现,420.00,用户提现-退费单RF2026060203150621056,2026-06-03 08:25:40,用户提现,
olAFl612JQ91dokzN1GHanN3VIqs,11.80,67512525224454	,订单退费转入,11.80,系统处理工单时转移用户余额，订单号=WS2025122920261924727,2026-06-03 08:20:45,SYS,
ojb7F2OOMRT8M8b_AiNEdI75UOkM,0.00,67482610413183	,用户提现,100.00,用户提现-退费单RF2026060308102570119,2026-06-03 08:11:04,用户提现,
olAFl6-S9RffCWSPCSeuTUzlhf9c,0.00,67862539051193	,用户提现,40.50,用户提现-退费单RF2026060303150158393,2026-06-03 08:10:47,用户提现,
ojb7F2OOMRT8M8b_AiNEdI75UOkM,100.00,67482610413183	,订单退费转入,100.00,系统处理工单时转移用户余额，订单号=WN2026060218340620377,2026-06-03 08:10:26,SYS,
olAFl664VqRgYvgRPQXuuebKorkY,0.00,864665065319480	,用户提现,79.00,用户提现-退费单RF2026060223093858521,2026-06-03 08:09:14,用户提现,
olAFl68Hnc5p9O19F8BfF1wMealM,0.00,68772543133315	,用户提现,58.20,用户提现-退费单RF2026060222215240833,2026-06-03 06:36:04,用户提现,
olAFl68MfCPkQ1inyZWIIO2BPLes,0.00,86132410222813	,用户提现,82.60,用户提现-退费单RF2026060305275542720,2026-06-03 05:29:50,用户提现,
olAFl68MfCPkQ1inyZWIIO2BPLes,82.60,86132410222813	,订单退费转入,82.60,系统处理工单时转移用户余额，订单号=WN2026030518520667628,2026-06-03 05:27:55,SYS,
olAFl6zYKuZwKjMHtOtQ8kcwNzvk,0.00,69212536007878	,用户提现,54.00,用户提现-退费单RF2026052903155790426,2026-06-03 05:05:31,用户提现,
olAFl6_Goszlqf36PG5RDavcOW-Y,55.60,864665069561178	,订单退费转入,55.60,系统处理工单时转移用户余额，订单号=WS2025120812010199651,2026-06-03 03:15:33,SYS,
olAFl6_-ugHFCDhL1YjfSPL_keU4,8.80,864665069041015	,订单退费转入,8.80,系统处理工单时转移用户余额，订单号=WN2025090910334267133,2026-06-03 03:15:32,SYS,
olAFl64SQ9EF96IjMLyVeI4a_1EM,379.00,864665065282464	,订单退费转入,379.00,工单系统流量套餐退款 本单会员价格20.00元，不能退款,2026-06-03 03:15:32,SYS,
olAFl63YCsZg4BHhImzLoGpFmQeg,94.00,67492445307865	,订单退费转入,94.00,工单系统审核退费单-套餐已作废/钱包已清零,2026-06-03 03:15:32,SYS,
olAFl63IHYtcKjYQhC2d7m2YEj2E,121.00,35682243071823	,订单退费转入,121.00,系统处理工单时转移用户余额，订单号=WS2026051218214302034,2026-06-03 03:15:31,SYS,
olAFl66GxypRjLflnUNL1GFCFlmo,55.40,864665065465895	,订单退费转入,55.40,系统处理工单时转移用户余额，订单号=WN2026040813364821697,2026-06-03 03:15:30,SYS,
olAFl6yhUCt0KAb0Rt7400HjEX5U,157.10,864665071435452	,订单退费转入,157.10,系统处理工单时转移用户余额，订单号=WS2026032917262281815,2026-06-03 03:15:29,SYS,
olAFl6-RSWDn7BcNQmCYovkv-4TQ,179.00,70032611014495	,订单退费转入,179.00,工单系统流量套餐退款,2026-06-03 03:15:29,SYS,
olAFl69zTikutV1xwFLGRAsqkmnE,39.90,864665068973093	,订单退费转入,39.90,工单系统流量套餐退款,2026-06-03 03:15:29,SYS,
olAFl60hF2gwQlrA0xhNViyfraRQ,160.00,69142529013766	,订单退费转入,160.00,系统处理工单时转移用户余额，订单号=WS2026051219445052044,2026-06-03 03:15:28,SYS,
olAFl689kZgwzJDRtvpnb2kSjFM4,60.50,68772528052749	,订单退费转入,60.50,系统处理工单时转移用户余额，订单号=WS2026022700372452250,2026-06-03 03:15:27,SYS,
olAFl6yzztNU5ZBKCDHffhUCvapo,179.00,70032611012122	,订单退费转入,179.00,工单系统审核退费单-套餐已作废/钱包已清零,2026-06-03 03:15:26,SYS,
olAFl6-v9CAOwBktfwiUKPvcOA6c,96.80,864665064589372	,订单退费转入,96.80,系统处理工单时转移用户余额，订单号=WS2026022611275859970,2026-06-03 03:15:25,SYS,
olAFl60dHX_r0ulaGqb8QOgzd3VI,346.00,69212538050022	,订单退费转入,346.00,工单系统流量套餐退款,2026-06-03 03:15:25,SYS,
olAFl6-a5cwdioG27tmgpOWKIORs,97.00,867061070118215	,订单退费转入,97.00,系统处理工单时转移用户余额，订单号=WS2026031420004207839,2026-06-03 03:15:25,SYS,
olAFl6-ekbtXmUX257QTiZsG1-y0,7.80,67492609651037	,订单退费转入,7.80,工单系统审核退费单-套餐已作废/钱包已清零,2026-06-03 03:15:25,SYS,
olAFl68r2-bW-_U_N6V5rNYxZ7og,142.30,67492552542640	,订单退费转入,142.30,系统处理工单时转移用户余额，订单号=WS2026012020523989710,2026-06-03 03:15:23,SYS,
olAFl6x2cVHiZ9ElCYNTpg5t_iqk,55.20,67002452070908	,订单退费转入,55.20,系统处理工单时转移用户余额，订单号=WN2026031408564694225,2026-06-03 03:15:23,SYS,
olAFl6_SQGbFiljGE6Elkr2NIN6c,138.00,86132345120578	,订单退费转入,138.00,系统处理工单时转移用户余额，订单号=WS2026040611403658523,2026-06-03 03:15:21,SYS,
olAFl6y3ZqG_2zQTstLmUSZsMHvM,29.50,67002448059386	,订单退费转入,29.50,系统处理工单时转移用户余额，订单号=WS2026020900525376938,2026-06-03 03:15:21,SYS,
olAFl6-2YTXHPQSyUjKWLW0BIj08,16.60,69212536010526	,订单退费转入,16.60,系统处理工单时转移用户余额，订单号=WS2026040700461523950,2026-06-03 03:15:19,SYS,
olAFl62ZcPHuufa3VfhH0P6hvOJo,96.40,67492538516433	,订单退费转入,96.40,系统处理工单时转移用户余额，订单号=WS2025103122170190224,2026-06-03 03:15:19,SYS,
olAFl60wczY6prHT8kk3ifPQwZ6E,85.10,69212536018651	,订单退费转入,85.10,系统处理工单时转移用户余额，订单号=WS2025091707140696993,2026-06-03 03:15:17,SYS,
olAFl6yCoHX45POfe67mseRAZfXU,119.90,67482504280723	,订单退费转入,119.90,系统处理工单时转移用户余额，订单号=WS2026041321431223370,2026-06-03 03:15:17,SYS,
olAFl64PmJ6gms6tWrDmjsOsdQU0,69.00,69212606158572	,订单退费转入,69.00,工单系统流量套餐退款,2026-06-03 03:15:17,SYS,
olAFl65KfSxf3jU-J02FgRAtDJ6Q,599.00,69212606159242	,订单退费转入,599.00,工单系统流量套餐退款,2026-06-03 03:15:17,SYS,
olAFl617fatVyFsxdxh8XcH3Ew1A,124.20,67482504273766	,订单退费转入,124.20,系统处理工单时转移用户余额，订单号=WS2026041019514379656,2026-06-03 03:15:15,SYS,
olAFl6wTwO5CQHXeyPXNpoq-5pZs,29.00,68772612328611	,订单退费转入,29.00,工单系统流量套餐退款,2026-06-03 03:15:15,SYS,
olAFl633pHS1ZjFjeISy-Nass27Y,122.20,67492602587798	,订单退费转入,122.20,系统处理工单时转移用户余额，订单号=WS2026051717401420379,2026-06-03 03:15:15,SYS,
olAFl67iBysaAq4LssnRXciqoQKo,59.00,86132327024072	,订单退费转入,59.00,工单系统流量套餐退款,2026-06-03 03:15:15,SYS,
olAFl64PH4yx7Yys1FceUvzJpYfo,130.00,68772520017508	,订单退费转入,130.00,工单系统流量套餐退款,2026-06-03 03:15:15,SYS,
olAFl60pDTGmpuMbp768Y4CD8CP8,303.00,68772539118377	,订单退费转入,303.00,工单系统流量套餐退款,2026-06-03 03:15:15,SYS,
odELQ6m9v3yynHgWYxd4sHYFV6bU,740.00,68712535008729	,订单退费转入,740.00,工单系统流量套餐退款,2026-06-03 03:15:15,SYS,
olAFl66Rb3JQmtRJhK-oMuQhtVNc,29.00,67482448041812	,订单退费转入,29.00,系统处理工单时转移用户余额，订单号=WS2026012008231306877,2026-06-03 03:15:12,SYS,
olAFl69RzKvgxia-hvnBa4-UY5-k,140.80,69212544099282	,订单退费转入,140.80,系统处理工单时转移用户余额，订单号=WS2026032718444813881,2026-06-03 03:15:12,SYS,
olAFl682k84XR0Ju6t6ayQDr2F5Y,34.00,67512535263512	,订单退费转入,34.00,系统处理工单时转移用户余额，订单号=WS2025102817362913192,2026-06-03 03:15:10,SYS,
olAFl6_OyDYCamoaFYdbhAb9RN8c,130.10,63272426059133	,订单退费转入,130.10,系统处理工单时转移用户余额，订单号=WS2026051312153951411,2026-06-03 03:15:10,SYS,
olAFl6ziToNWVqjkLqcmhjmAOIM8,160.00,67482442006152	,订单退费转入,160.00,系统处理工单时转移用户余额，订单号=WS2026051315244409053,2026-06-03 03:15:08,SYS,
olAFl62vtIi4mKENx6y4yDoItGH4,23.80,67512445105124	,订单退费转入,23.80,系统处理工单时转移用户余额，订单号=WS2025120703504929798,2026-06-03 03:15:07,SYS,
olAFl60DofPvNzHsREfRuqfpwhY4,94.00,69212612182832	,订单退费转入,94.00,工单系统流量套餐退款,2026-06-03 03:15:07,SYS,
olAFl69q7zgxfS785JQzemlWinCU,66.00,68772602228736	,订单退费转入,66.00,系统处理工单时转移用户余额，订单号=WS2026042308210475373,2026-06-03 03:15:06,SYS,
olAFl62PmmwZnYGuBWy0pFvmzp-E,91.00,67512535271338	,订单退费转入,91.00,系统处理工单时转移用户余额，订单号=WS2026021214063527969,2026-06-03 03:15:05,SYS,
olAFl60DILTTCgTAGh__jc7pWg-A,92.80,67512440002286	,订单退费转入,92.80,系统处理工单时转移用户余额，订单号=WS2026010309331462089,2026-06-03 03:15:04,SYS,
olAFl6yRKXbcl7A9Wbbs5coTWNoo,20.30,67512525201228	,订单退费转入,20.30,系统处理工单时转移用户余额，订单号=WS2026030709140582419,2026-06-03 03:15:04,SYS,
olAFl6-S9RffCWSPCSeuTUzlhf9c,40.50,67862539051193	,订单退费转入,40.50,工单系统流量套餐退款,2026-06-03 03:15:02,SYS,
olAFl60GSGvIbY2QjjRt-Jmub3Tc,0.00,70032611015425	,用户提现,13.00,用户提现-退费单RF2026060301292155535,2026-06-03 01:29:38,用户提现,
olAFl60GSGvIbY2QjjRt-Jmub3Tc,13.00,70032611015425	,订单退费转入,13.00,工单系统流量套餐退款 本单会员价格20.00元，不能退款,2026-06-03 01:29:22,SYS,
olAFl6xFQX_1nolXhLeK0S1ILUaI,0.00,67512534240490	,用户提现,62.10,用户提现-退费单RF2026060300062870728,2026-06-03 00:21:26,用户提现,
olAFl6xFQX_1nolXhLeK0S1ILUaI,62.10,67512534240490	,订单退费转入,62.10,系统处理工单时转移用户余额，订单号=WS2026011114005503085,2026-06-03 00:06:29,SYS,
olAFl65ES0qf36Q3nfQYh8Nd0NsE,0.00,69212537030862	,用户提现,420.00,用户提现-退费单RF2026060217291910016,2026-06-02 23:59:58,用户提现,
olAFl63EyBYPFAbBtJOoKSMxTn2M,65.20,68772522030764	,订单退费转入,65.20,系统处理工单时转移用户余额，订单号=WN2026042409021256191,2026-06-02 23:56:39,SYS,
ojb7F2Nhk5SlrvuA6nu2CCGZxSxA,19.00,67482610421102	,订单退费转入,19.00,工单系统流量套餐退款,2026-06-02 23:44:56,SYS,
ojb7F2NQdru_xvbq7DeRm4tv-w5c,0.00,70032611010382	,用户提现,29.00,用户提现-退费单RF2026060223403598367,2026-06-02 23:44:50,用户提现,
olAFl6zJfk_rEFdCReLMnYpKigl8,300.00,68772612320758	,订单退费转入,300.00,工单系统流量套餐退款,2026-06-02 23:44:49,SYS,
ojb7F2NQdru_xvbq7DeRm4tv-w5c,29.00,70032611010382	,订单退费转入,29.00,工单系统流量套餐退款,2026-06-02 23:40:36,SYS,
ojb7F2N2aK-RYuLpUQeGjvC0JzH8,0.00,69212612190919	,用户提现,150.00,用户提现-退费单RF2026060223374670616,2026-06-02 23:39:40,用户提现,
ojb7F2N2aK-RYuLpUQeGjvC0JzH8,150.00,69212612190919	,订单退费转入,150.00,工单系统流量套餐退款,2026-06-02 23:37:47,SYS,
olAFl67UwvYnUC24IaU68Bkj4pr4,0.00,67492538517317	,用户提现,114.70,用户提现-退费单RF2026060203152541978,2026-06-02 23:30:01,用户提现,
olAFl664VqRgYvgRPQXuuebKorkY,79.00,864665065319480	,订单退费转入,79.00,工单系统流量套餐退款 本单会员价格20.00元，不能退款,2026-06-02 23:09:39,SYS,
olAFl6-gyKNMkaZzCHtTzjDwAhUw,0.00,67482503215670	,用户提现,21.70,用户提现-退费单RF2026060203150398797,2026-06-02 23:08:30,用户提现,
olAFl65w8YPL5Gn0GHBm9SnLN0LU,0.00,864665064152643	,用户提现,89.00,用户提现-退费单RF2026060223011797689,2026-06-02 23:01:55,用户提现,
olAFl65w8YPL5Gn0GHBm9SnLN0LU,89.00,864665064152643	,订单退费转入,89.00,工单系统流量套餐退款 本单会员价格20.00元，不能退款,2026-06-02 23:01:18,SYS,
olAFl65OV-yq4rgqVln-vzm15HiM,0.00,69212545117430	,用户提现,89.60,用户提现-退费单RF2026053122533185917,2026-06-02 23:00:56,用户提现,
olAFl6_GfF620ktFd-vC88oCd77E,0.00,67482512341921	,用户提现,21.00,用户提现-退费单RF2026060203150860360,2026-06-02 22:56:28,用户提现,
ojb7F2IIp-XawkmI1MLj8_CPnYvE,0.00,69142620034740	,用户提现,479.00,用户提现-退费单RF2026060222282190852,2026-06-02 22:29:18,用户提现,
ojb7F2IIp-XawkmI1MLj8_CPnYvE,479.00,69142620034740	,订单退费转入,479.00,工单系统流量套餐退款 本单会员价格20.00元，不能退款,2026-06-02 22:28:22,SYS,
olAFl68Hnc5p9O19F8BfF1wMealM,58.20,68772543133315	,订单退费转入,58.20,系统处理工单时转移用户余额，订单号=WS2025122707270949058,2026-06-02 22:21:52,SYS,
olAFl6w7NnqrXJd0X7QgLhuO1-14,0.00,63272426061879	,用户提现,146.00,用户提现-退费单RF2026060222175663627,2026-06-02 22:20:43,用户提现,
olAFl6w7NnqrXJd0X7QgLhuO1-14,146.00,63272426061879	,订单退费转入,146.00,工单系统流量套餐退款 本单会员价格20.00元，不能退款,2026-06-02 22:17:57,SYS,
olAFl69b1pbI-cH3YH-zpjh1glhE,420.00,69212612180391	,订单退费转入,420.00,工单系统流量套餐退款,2026-06-02 22:16:28,SYS,
olAFl6-Kh9QOLT849Ol6TCExdtt8,106.00,864665066139747	,订单退费转入,106.00,工单系统流量套餐退款 本单会员价格20.00元，不能退款,2026-06-02 22:14:05,SYS,
olAFl64csnT_6x2J6YQuQYHVrp00,0.00,67002509207494	,用户提现,105.00,用户提现-退费单RF2026050820100770,2026-06-02 22:09:57,用户提现,
olAFl622dVO6L29Vv-RGe3VnDaZY,0.00,70032611008051	,用户提现,94.00,用户提现-退费单RF2026060203151042286,2026-06-02 22:02:29,用户提现,
olAFl60bl4Pl7SFNunWMJzetOkl8,0.00,69212612179402	,用户提现,105.30,用户提现-退费单RF2026060221373639583,2026-06-02 21:48:58,用户提现,
odELQ6vOin2_89wlDmBx3LNzTvGU,0.00,68832532005204	,用户提现,239.00,用户提现-退费单RF2026060103152095012,2026-06-02 21:47:59,用户提现,
olAFl65UK6V41Ox3NAADgiesa5Uo,143.00,867061073618146	,订单退费转入,143.00,工单系统流量套餐退款,2026-06-02 21:46:09,SYS,
olAFl6xB7N9H8xU1FNpvQZ907HWk,0.00,86132335070361	,用户提现,82.50,用户提现-退费单RF2026060221420359364,2026-06-02 21:43:19,用户提现,
olAFl6_h01n19Qf-uWrxpifFLK0U,0.00,67482513396471	,用户提现,58.00,用户提现-退费单RF2026060121521152445,2026-06-02 21:42:47,用户提现,
olAFl6_w8_wKg_LTGK22GPge4klM,134.00,69142620028484	,订单退费转入,134.00,系统处理工单时转移用户余额，订单号=WS2026060214594373322,2026-06-02 21:42:17,SYS,
olAFl6xB7N9H8xU1FNpvQZ907HWk,82.50,86132335070361	,订单退费转入,82.50,系统处理工单时转移用户余额，订单号=WS2026031100282928843,2026-06-02 21:42:04,SYS,
olAFl60zyeeZFT5vJ7cJFw70Wct0,0.00,69212612180162	,用户提现,94.00,用户提现-退费单RF2026060203150598924,2026-06-02 21:42:00,用户提现,
olAFl60bl4Pl7SFNunWMJzetOkl8,105.30,69212612179402	,订单退费转入,105.30,系统处理工单时转移用户余额，订单号=WS2026042321191110185,2026-06-02 21:37:36,SYS,
ojb7F2IEYJTUYFNUwCXP9ar2kdgA,0.00,69212612191152	,用户提现,399.00,用户提现-退费单RF2026060218580500622,2026-06-02 21:35:11,用户提现,
olAFl69OtUm1CAjNU05MTwOpjDBQ,0.00,67482513401518	,用户提现,169.00,用户提现-退费单RF2026060103150706443,2026-06-02 21:32:14,用户提现,
olAFl63SkrCE72DeLVEoZSAlD5-Q,0.00,69212606155948	,用户提现,110.00,用户提现-退费单RF2026060100325090213,2026-06-02 21:30:39,用户提现,
olAFl6_sXN1G242fxUT1ar4zgQ44,0.00,86132340086374	,用户提现,138.00,用户提现-退费单RF2026060221061877496,2026-06-02 21:27:50,用户提现,
olAFl6xn56bRJMVGwvMJ1zfCc8uk,0.00,70032611006890	,用户提现,138.00,用户提现-退费单RF2026060221264897871,2026-06-02 21:27:40,用户提现,
olAFl6xn56bRJMVGwvMJ1zfCc8uk,138.00,70032611006890	,订单退费转入,138.00,工单系统流量套餐退款,2026-06-02 21:26:49,SYS,
odELQ6mW3dAl3Qe4jXa0KbOl6Gj8,0.00,68712535008683	,用户提现,161.00,用户提现-退费单RF2026052203151641824,2026-06-02 21:24:52,用户提现,
olAFl687cn4qFiczIy22NbA-sr48,0.00,69142620027732	,用户提现,109.00,用户提现-退费单RF2026060122021148069,2026-06-02 21:18:38,用户提现,
olAFl6wxXMdhph6mav_KxwTtcEgA,0.00,69212612190710	,用户提现,116.20,用户提现-退费单RF2026060203152357588,2026-06-02 21:17:29,用户提现,
olAFl68huwdBpt9sPF-QTQOVHn5I,0.00,68772612318577	,用户提现,40.00,用户提现-退费单RF2026060220053457153,2026-06-02 21:13:44,用户提现,
ojb7F2BZ9-FsoawBHKia4IHgmsZQ,0.00,67002443007595	,用户提现,172.20,用户提现-退费单RF2026060221111315949,2026-06-02 21:13:21,用户提现,
olAFl62QzqyqgRE1PkUlnzRKRHLc,49.00,69212536010479	,订单退费转入,49.00,工单系统流量套餐退款,2026-06-02 21:12:46,SYS,
olAFl6zMRiq8AASs5awMABZV2LCA,0.00,68772610296592	,用户提现,69.00,用户提现-退费单RF2026060203152370545,2026-06-02 21:12:12,用户提现,
olAFl63JAqb9Gxn2Jx5TonVbvLi4,0.00,67512440007179	,用户提现,163.20,用户提现-退费单RF2026041822054377,2026-06-02 21:12:05,用户提现,
ojb7F2DKTi4XCdYudONEMC1AvaGU,0.00,69142620026784	,用户提现,369.00,用户提现-退费单RF2026060221094885715,2026-06-02 21:11:15,用户提现,
ojb7F2BZ9-FsoawBHKia4IHgmsZQ,172.20,67002443007595	,订单退费转入,172.20,系统处理工单时转移用户余额，订单号=WS2026052817450522046,2026-06-02 21:11:13,SYS,
o4p3p64G7YNvR2-wEV0tCF_zmwJI,0.00,867921073641184	,用户提现,263.00,用户提现-退费单RF2026060211272802592,2026-06-02 21:10:12,用户提现,
ojb7F2DKTi4XCdYudONEMC1AvaGU,369.00,69142620026784	,订单退费转入,369.00,工单系统流量套餐退款 本单会员价格20.00元，不能退款,2026-06-02 21:09:49,SYS,
olAFl6_sXN1G242fxUT1ar4zgQ44,138.00,86132340086374	,订单退费转入,138.00,工单系统流量套餐退款,2026-06-02 21:06:19,SYS,
olAFl6y-URnvJ1p_wzodC-xo8_L0,0.00,68772602227551	,用户提现,30.40,用户提现-退费单RF2026060214055877840,2026-06-02 20:59:43,用户提现,
olAFl62YXdnBfWIaYIqStdMWwny4,0.00,867061070007517	,用户提现,179.00,用户提现-退费单RF2026060220531201651,2026-06-02 20:53:38,用户提现,
olAFl62YXdnBfWIaYIqStdMWwny4,179.00,867061070007517	,订单退费转入,179.00,工单系统流量套餐退款 本单会员价格20.00元，不能退款,2026-06-02 20:53:12,SYS,
olAFl64Sh2ZeZJUJ03wvv1DNyOTI,0.00,69142529009581	,用户提现,51.20,用户提现-退费单RF2026060220522150361,2026-06-02 20:53:06,用户提现,
olAFl64Sh2ZeZJUJ03wvv1DNyOTI,51.20,69142529009581	,订单退费转入,51.20,系统处理工单时转移用户余额，订单号=WN2026041920210115669,2026-06-02 20:52:22,SYS,
olAFl66U1OclitJVjZmD90UEwuQU,0.00,70032617027888	,用户提现,140.10,用户提现-退费单RF2026060220261388897,2026-06-02 20:42:55,用户提现,
olAFl639OeMCYlnPqMRI4xKkA0J8,0.00,69142529010486	,用户提现,34.00,用户提现-退费单RF2026052803153370634,2026-06-02 20:29:59,用户提现,
olAFl66U1OclitJVjZmD90UEwuQU,140.10,70032617027888	,订单退费转入,140.10,系统处理工单时转移用户余额，订单号=WS2026060209024549787,2026-06-02 20:26:14,SYS,
olAFl60tL4S4qTILbbBdTCOK3uL8,0.00,70032611009365	,用户提现,107.70,用户提现-退费单RF2026060220100874071,2026-06-02 20:17:13,用户提现,
olAFl60H5_eppo4ZFpO1AcfMEWIg,0.00,67492552543231	,用户提现,34.00,用户提现-退费单RF2026060220102447799,2026-06-02 20:11:56,用户提现,
olAFl60H5_eppo4ZFpO1AcfMEWIg,34.00,67492552543231	,订单退费转入,34.00,系统处理工单时转移用户余额，订单号=WS2026012612405717128,2026-06-02 20:10:24,SYS,
olAFl60tL4S4qTILbbBdTCOK3uL8,107.70,70032611009365	,订单退费转入,107.70,系统处理工单时转移用户余额，订单号=WS2026042319310794266,2026-06-02 20:10:09,SYS,
olAFl68huwdBpt9sPF-QTQOVHn5I,40.00,68772612318577	,订单退费转入,40.00,工单系统流量套餐退款 本单会员价格20.00元，不能退款,2026-06-02 20:05:35,SYS,
olAFl67u7D1c43aG7vNaqbsntu_8,0.00,864665070241364	,用户提现,129.70,用户提现-退费单RF2026060220011446588,2026-06-02 20:01:37,用户提现,
olAFl67u7D1c43aG7vNaqbsntu_8,129.70,864665070241364	,订单退费转入,129.70,系统处理工单时转移用户余额，订单号=WS2026041812503579171,2026-06-02 20:01:14,SYS,
olAFl61df4n-WfDvT8z6Z8fROcQU,0.00,60912411013669	,用户提现,62.50,用户提现-退费单RF2026060219575467690,2026-06-02 19:58:42,用户提现,
olAFl61df4n-WfDvT8z6Z8fROcQU,62.50,60912411013669	,订单退费转入,62.50,系统处理工单时转移用户余额，订单号=WN2026041020323148541,2026-06-02 19:57:55,SYS,
olAFl6yCeNtfq-w-JcFlZXaq_d1Y,0.00,67482512337478	,用户提现,81.20,用户提现-退费单RF2026060219513359594,2026-06-02 19:52:08,用户提现,
olAFl6yCeNtfq-w-JcFlZXaq_d1Y,81.20,67482512337478	,订单退费转入,81.20,系统处理工单时转移用户余额，订单号=WS2025062021172334052,2026-06-02 19:51:34,SYS,
olAFl63hwhbeRjI80SJoxuEvmgmI,0.00,69212538050716	,用户提现,102.00,用户提现-退费单RF2026060203150395071,2026-06-02 19:44:33,用户提现,
olAFl60dUfKZDOljJmndqnrupBvY,0.00,58482339015362	,用户提现,173.20,用户提现-退费单RF2026060219312229277,2026-06-02 19:31:50,用户提现,
olAFl60dUfKZDOljJmndqnrupBvY,173.20,58482339015362	,订单退费转入,173.20,系统处理工单时转移用户余额，订单号=WS2026060218341134657,2026-06-02 19:31:22,SYS,
olAFl67IU-tjr47w9uron249qe50,0.00,68932517000023	,用户提现,145.00,用户提现-退费单RF2026060219260496719,2026-06-02 19:27:20,用户提现,
olAFl67IU-tjr47w9uron249qe50,145.00,68932517000023	,订单退费转入,145.00,工单系统流量套餐退款,2026-06-02 19:26:05,SYS,
olAFl60vpPoAoAwNkVyqCUammoeo,0.00,68772612332619	,用户提现,19.90,用户提现-退费单RF2026060219121702723,2026-06-02 19:12:46,用户提现,
olAFl60vpPoAoAwNkVyqCUammoeo,19.90,68772612332619	,订单退费转入,19.90,工单系统流量套餐退款,2026-06-02 19:12:17,SYS,
olAFl6xp_vicWzZiV5D2ixs-tci4,0.00,68772522027874	,用户提现,206.00,用户提现-退费单RF2026051503164887,2026-06-02 19:09:32,用户提现,
ojb7F2IEYJTUYFNUwCXP9ar2kdgA,399.00,69212612191152	,订单退费转入,399.00,工单系统审核退费单-套餐已作废/钱包已清零,2026-06-02 19:07:14,SYS,
olAFl67aXCIbYE3YUmNS97bRGHoo,0.00,864665071490895	,用户提现,145.10,用户提现-退费单RF2026060203151681198,2026-06-02 18:55:13,用户提现,
olAFl61ZE6mA9lo35QdGvleVuHR4,0.00,864665065318995	,用户提现,242.60,用户提现-退费单RF2026052203151921595,2026-06-02 18:40:14,用户提现,
olAFl6zj6KQA2mO9KH-c4tIhAtGY,0.00,67482503211246	,用户提现,154.20,用户提现-退费单RF2026060218231148664,2026-06-02 18:23:47,用户提现,
olAFl6zj6KQA2mO9KH-c4tIhAtGY,154.20,67482503211246	,订单退费转入,154.20,系统处理工单时转移用户余额，订单号=WS2026052718593097955,2026-06-02 18:23:11,SYS,
olAFl6xBZZfuqdpqQ3UOqvmgIjOA,0.00,67482610420502	,用户提现,66.20,用户提现-退费单RF2026060218145662138,2026-06-02 18:15:30,用户提现,
olAFl6xBZZfuqdpqQ3UOqvmgIjOA,66.20,67482610420502	,订单退费转入,66.20,系统处理工单时转移用户余额，订单号=WN2026032909373292194,2026-06-02 18:14:57,SYS,
olAFl63hK7pnaLyQGzSrSnGxg0DY,0.00,67002535378749	,用户提现,310.00,用户提现-退费单RF2026060217585514221,2026-06-02 18:07:20,用户提现,
olAFl66KMfr59g23zASJS-qc3sb4,91.00,864665063730217	,订单退费转入,91.00,系统处理工单时转移用户余额，订单号=WS2026032713155317987,2026-06-02 18:00:41,SYS,
ojb7F2HPiYpXIwCmpOebvK9tdQSs,0.00,69212612171127	,用户提现,172.20,用户提现-退费单RF2026060217592313767,2026-06-02 18:00:00,用户提现,
ojb7F2HPiYpXIwCmpOebvK9tdQSs,172.20,69212612171127	,订单退费转入,172.20,系统处理工单时转移用户余额，订单号=WS2026053112524689867,2026-06-02 17:59:23,SYS,
olAFl63hK7pnaLyQGzSrSnGxg0DY,310.00,67002535378749	,订单退费转入,310.00,工单系统流量套餐退款,2026-06-02 17:58:55,SYS,
olAFl6190LneUd-BT-oO28d0cjMc,0.00,68772528057559	,用户提现,54.00,用户提现-退费单RF2026052703151513699,2026-06-02 17:37:08,用户提现,
olAFl65ES0qf36Q3nfQYh8Nd0NsE,420.00,69212537030862	,订单退费转入,420.00,工单系统流量套餐退款 本单会员价格20.00元，不能退款,2026-06-02 17:29:19,SYS,
olAFl60yaH9P2pD5Ih9z6m-BHZ88,0.00,69212544103840	,用户提现,28.70,用户提现-退费单RF2026052410121399189,2026-06-02 17:24:28,用户提现,
olAFl61FfOQvMhduD4oNK9nFmPXM,0.00,864665067783899	,用户提现,154.20,用户提现-退费单RF2026060217123198945,2026-06-02 17:12:53,用户提现,
olAFl61FfOQvMhduD4oNK9nFmPXM,154.20,864665067783899	,订单退费转入,154.20,系统处理工单时转移用户余额，订单号=WS2026053014043007683,2026-06-02 17:12:32,SYS,
olAFl6_AeApPTv0v28eLqS-EpoZo,0.00,60912411015740	,用户提现,179.00,用户提现-退费单RF2026060123564640993,2026-06-02 17:10:53,用户提现,
olAFl6wheWlv1WiyX-wKX_Kr_Vds,0.00,69212544104113	,用户提现,78.00,用户提现-退费单RF2026060215403947788,2026-06-02 17:02:00,用户提现,
ojb7F2P0dZ4tk_JBWTHXp-9pbyJE,0.00,70032611015272	,用户提现,91.20,用户提现-退费单RF2026060216562830783,2026-06-02 17:01:34,用户提现,
ojb7F2P0dZ4tk_JBWTHXp-9pbyJE,91.20,70032611015272	,订单退费转入,91.20,系统处理工单时转移用户余额，订单号=WN2026060216220915175,2026-06-02 16:56:28,SYS,
ojb7F2LAutayqtMp93gAj2U1OOsA,471.00,69142620025462	,订单退费转入,471.00,工单系统审核退费单-套餐已作废/钱包已清零,2026-06-02 16:55:15,SYS,
ojb7F2LJCtXjMYQnjDEPUTXwrvXw,0.00,70032617033744	,用户提现,100.00,用户提现-退费单RF2026060216532322113,2026-06-02 16:54:15,用户提现,
ojb7F2LJCtXjMYQnjDEPUTXwrvXw,100.00,70032617033744	,订单退费转入,100.00,系统处理工单时转移用户余额，订单号=WN2026052910464373167,2026-06-02 16:53:23,SYS,
olAFl62qteAVgS1PkMjLsItGW-6c,0.00,68772612326222	,用户提现,59.70,用户提现-退费单RF2026060216444866291,2026-06-02 16:46:58,用户提现,
olAFl61Q9VhyNX9a-Gf0negYE4kM,0.00,67512525217953	,用户提现,66.00,用户提现-退费单RF2026060116020009716,2026-06-02 16:46:18,用户提现,
olAFl62qteAVgS1PkMjLsItGW-6c,59.70,68772612326222	,订单退费转入,59.70,系统处理工单时转移用户余额，订单号=WS2026040913490028977,2026-06-02 16:44:49,SYS,
olAFl60F3tjqLtlB6vMOq4SDp3NY,0.00,69212538050151	,用户提现,147.00,用户提现-退费单RF2026060216393029696,2026-06-02 16:40:42,用户提现,
olAFl66B9e2cf9MjGQid0kQ8xTkk,0.00,70032611016345	,用户提现,468.00,用户提现-退费单RF2026060216394219573,2026-06-02 16:39:54,用户提现,
olAFl66B9e2cf9MjGQid0kQ8xTkk,468.00,70032611016345	,订单退费转入,468.00,工单系统流量套餐退款 本单会员价格20.00元，不能退款,2026-06-02 16:39:42,SYS,
olAFl60F3tjqLtlB6vMOq4SDp3NY,147.00,69212538050151	,订单退费转入,147.00,工单系统流量套餐退款 本单会员价格20.00元，不能退款,2026-06-02 16:39:30,SYS,
olAFl639_9Iaev3FP3StaeMKi11w,0.00,67492552546032	,用户提现,0.80,用户提现-退费单RF2026052203151494520,2026-06-02 16:35:54,用户提现,
olAFl639_9Iaev3FP3StaeMKi11w,0.80,67492552546032	,用户提现,50.00,用户提现-退费单RF2026060216244601668,2026-06-02 16:35:53,用户提现,
olAFl69pSMaN99Y876mpvYjSSmkY,0.00,67002535390667	,用户提现,75.90,用户提现-退费单RF2026060216282210599,2026-06-02 16:29:05,用户提现,
olAFl69pSMaN99Y876mpvYjSSmkY,75.90,67002535390667	,订单退费转入,75.90,系统处理工单时转移用户余额，订单号=WS2026032308242635812,2026-06-02 16:28:22,SYS,
olAFl625VMaFC-9RqnXh_yQPRuGY,0.00,69212544101841	,用户提现,39.00,用户提现-退费单RF2026060103150933614,2026-06-02 16:25:48,用户提现,
olAFl639_9Iaev3FP3StaeMKi11w,50.80,67492552546032	,订单退费转入,50.00,工单系统流量套餐退款 组合支付：微信退费 50.00,2026-06-02 16:24:46,SYS,
olAFl62fKyWDECjQWmjc0FaiGLRc,0.00,69212612179817	,用户提现,144.40,用户提现-退费单RF2026060216205949983,2026-06-02 16:23:23,用户提现,
olAFl62fKyWDECjQWmjc0FaiGLRc,144.40,69212612179817	,订单退费转入,144.40,系统处理工单时转移用户余额，订单号=WS2026042120263411210,2026-06-02 16:21:00,SYS,
olAFl6_kJmcGBbG7av3udxEH--7Q,66.80,67492603605983	,订单退费转入,66.80,工单系统流量套餐退款 本单会员价格20.00元，不能退款,2026-06-02 16:09:18,SYS,
olAFl6xma90OUvJ1uvWRn1bF3So8,152.00,69212612188109	,订单退费转入,152.00,工单系统流量套餐退款,2026-06-02 15:53:45,SYS,
olAFl65xQkGPj3H6yfdEkQSB5HGE,0.00,58482339015151	,用户提现,123.70,用户提现-退费单RF2026060215335749321,2026-06-02 15:42:46,用户提现,
olAFl6wheWlv1WiyX-wKX_Kr_Vds,78.00,69212544104113	,订单退费转入,78.00,工单系统流量套餐退款,2026-06-02 15:40:39,SYS,
olAFl60ipU5gBnu-x2S2W54q6oBs,0.00,68932612067773	,用户提现,150.10,用户提现-退费单RF2026060215392291087,2026-06-02 15:40:19,用户提现,
olAFl60ipU5gBnu-x2S2W54q6oBs,150.10,68932612067773	,订单退费转入,150.10,系统处理工单时转移用户余额，订单号=WS2026051815180753093,2026-06-02 15:39:23,SYS,
olAFl65xQkGPj3H6yfdEkQSB5HGE,123.70,58482339015151	,订单退费转入,123.70,系统处理工单时转移用户余额，订单号=WS2026042316430310550,2026-06-02 15:33:57,SYS,
olAFl6xRCmvWy1fComAysFOjFQug,0.00,68932612067660	,用户提现,179.00,用户提现-退费单RF2026060215163247683,2026-06-02 15:16:52,用户提现,
ojb7F2DDl4m92u7SCa7xDXvvGUuc,0.00,67002447021134	,用户提现,172.20,用户提现-退费单RF2026060215154740237,2026-06-02 15:16:38,用户提现,
olAFl6xRCmvWy1fComAysFOjFQug,179.00,68932612067660	,订单退费转入,179.00,工单系统流量套餐退款,2026-06-02 15:16:32,SYS,
ojb7F2DDl4m92u7SCa7xDXvvGUuc,172.20,67002447021134	,订单退费转入,172.20,系统处理工单时转移用户余额，订单号=WS2026060108515887451,2026-06-02 15:15:47,SYS,
olAFl659sm2sCtDaL-sMdrIyoVcM,0.00,68772543151333	,用户提现,116.00,用户提现-退费单RF2026060215131640031,2026-06-02 15:14:03,用户提现,
olAFl659sm2sCtDaL-sMdrIyoVcM,116.00,68772543151333	,订单退费转入,116.00,系统处理工单时转移用户余额，订单号=WS2026011410495517761,2026-06-02 15:13:16,SYS,
olAFl6z8NqmCpd6RxwvvRQze-CtA,0.00,	,系统扣费,130.60,用户无可退退费单，钱包清零,2026-06-02 15:08:43,SYS,
olAFl66YJrPt5aEQwXQFYS50Np_Y,0.00,69142620025083	,用户提现,479.00,用户提现-退费单RF2026060215061487936,2026-06-02 15:07:35,用户提现,
ojb7F2AxWO9CaED7GphOh_iodyDs,0.00,68772550174614	,用户提现,479.00,用户提现-退费单RF2026060215015934480,2026-06-02 15:07:01,用户提现,
olAFl66YJrPt5aEQwXQFYS50Np_Y,479.00,69142620025083	,订单退费转入,479.00,工单系统流量套餐退款,2026-06-02 15:06:15,SYS,
olAFl65UKolIifiPOJytZ8XO_67g,0.00,69212537027520	,用户提现,13.80,用户提现-退费单RF2026060211253849573,2026-06-02 15:03:27,用户提现,
ojb7F2AxWO9CaED7GphOh_iodyDs,479.00,68772550174614	,订单退费转入,479.00,工单系统流量套餐退款 本单会员价格20.00元，不能退款,2026-06-02 15:01:59,SYS,
olAFl6_Z_sYRWK5owHcx_yllteU4,89.00,67482610417619	,订单退费转入,89.00,工单系统流量套餐退款,2026-06-02 15:01:22,SYS,
olAFl69_6w8ycdfRirLwusx3G9-g,0.00,864665065447448	,用户提现,99.00,用户提现-退费单RF2026051123320589,2026-06-02 14:52:17,用户提现,
olAFl6zKGcLoe_8hJzWuseuJ50DI,0.00,69212612190144	,用户提现,120.00,用户提现-退费单RF2026052711564425284,2026-06-02 14:40:26,用户提现,
ojb7F2E08Qe6K0rHG42W2tyG95k8,0.00,69142620028193	,用户提现,116.00,用户提现-退费单RF2026060214251699432,2026-06-02 14:25:52,用户提现,
ojb7F2E08Qe6K0rHG42W2tyG95k8,116.00,69142620028193	,订单退费转入,116.00,工单系统流量套餐退款 本单会员价格20.00元，不能退款,2026-06-02 14:25:17,SYS,
olAFl6xy1jyK968MwnlZbiQuYV3c,0.00,69212544098889	,用户提现,133.30,用户提现-退费单RF2026060214205402714,2026-06-02 14:21:52,用户提现,
olAFl6xy1jyK968MwnlZbiQuYV3c,133.30,69212544098889	,订单退费转入,133.30,系统处理工单时转移用户余额，订单号=WS2026033021501093017 本单会员价格20.00元，不能退款,2026-06-02 14:20:54,SYS,
olAFl6-umIFzFTKdYYScqPbE69G0,0.00,67912450005997	,用户提现,74.60,用户提现-退费单RF2026060214134089112,2026-06-02 14:14:52,用户提现,
olAFl6-umIFzFTKdYYScqPbE69G0,74.60,67912450005997	,订单退费转入,74.60,系统处理工单时转移用户余额，订单号=WS2026010411252097959,2026-06-02 14:13:41,SYS,
olAFl66BZjYL1yPWqJOhHH9gX0-o,0.00,	,系统扣费,39.00,用户无可退退费单，钱包清零,2026-06-02 14:10:16,SYS,
olAFl6y-URnvJ1p_wzodC-xo8_L0,30.40,68772602227551	,订单退费转入,30.40,系统处理工单时转移用户余额，订单号=WN2026031117493433435,2026-06-02 14:05:59,SYS,
ojb7F2IpmUtzKcDeKGGiYMU4hDik,0.00,67482610417765	,用户提现,172.20,用户提现-退费单RF2026060102004803021,2026-06-02 14:04:51,用户提现,
ojb7F2MqKW-CuAf3khlZRgbrBZeU,49.00,68772602249368	,订单退费转入,49.00,工单系统流量套餐退款,2026-06-02 14:00:10,SYS,
olAFl656O7ufg71uJ7C9p70Z5PUU,0.00,58812351001803	,用户提现,140.10,用户提现-退费单RF2026060213404367483,2026-06-02 13:41:08,用户提现,
olAFl656O7ufg71uJ7C9p70Z5PUU,140.10,58812351001803	,订单退费转入,140.10,系统处理工单时转移用户余额，订单号=WS2026051919355446141,2026-06-02 13:40:44,SYS,
olAFl6xey2Oo82fY7QmLOLisHgN4,0.00,67002452071931	,用户提现,100.00,用户提现-退费单RF2026060213272962710,2026-06-02 13:31:13,用户提现,
olAFl6xey2Oo82fY7QmLOLisHgN4,100.00,67002452071931	,订单退费转入,100.00,系统处理工单时转移用户余额，订单号=WN2026053017130094918,2026-06-02 13:27:30,SYS,
olAFl693kvxbZs3piNuPAdE7QKGc,0.00,67482503247201	,用户提现,420.00,用户提现-退费单RF2026060203150627713,2026-06-02 13:25:55,用户提现,
olAFl6y3wTaAW4TDObOT92UqBPeA,0.00,67512534238834	,用户提现,87.60,用户提现-退费单RF2026050503151533,2026-06-02 13:25:04,用户提现,
olAFl69fIIoGT2UMibyvr9yq3S8Y,0.00,68032536036296	,用户提现,29.00,用户提现-退费单RF2026060213193237826,2026-06-02 13:20:03,用户提现,
olAFl69fIIoGT2UMibyvr9yq3S8Y,29.00,68032536036296	,订单退费转入,29.00,工单系统流量套餐退款,2026-06-02 13:19:32,SYS,
olAFl66hQmflaAK6OLKTVMh_Ndss,0.00,70032611015482	,用户提现,122.20,用户提现-退费单RF2026060108241312112,2026-06-02 13:17:20,用户提现,
olAFl69E2tOQMGPfSL2sSt7W8XmE,0.00,70032611008330	,用户提现,442.20,用户提现-退费单RF2026060212415491119,2026-06-02 12:45:12,用户提现,
olAFl69E2tOQMGPfSL2sSt7W8XmE,442.20,70032611008330	,订单退费转入,442.20,工单系统流量套餐退款 本单会员价格20.00元，不能退款,2026-06-02 12:41:55,SYS,
olAFl6-DHFpaXs6aqYgT7El-6eR4,0.00,67482610419609	,用户提现,122.00,用户提现-退费单RF2026060212391877948,2026-06-02 12:39:44,用户提现,
olAFl6-DHFpaXs6aqYgT7El-6eR4,122.00,67482610419609	,订单退费转入,122.00,系统处理工单时转移用户余额，订单号=WS2026060212153797733,2026-06-02 12:39:19,SYS,
olAFl662sIBU1AbNOAhYKqvFkTsc,0.00,67482513400432	,用户提现,291.20,用户提现-退费单RF2026060203151469781,2026-06-02 12:37:26,用户提现,
ojb7F2D-6Q5fK8o9Qabk-1uRs9u4,0.00,69212537029783	,用户提现,179.00,用户提现-退费单RF2026060211482788969,2026-06-02 12:35:15,用户提现,
ojb7F2D-6Q5fK8o9Qabk-1uRs9u4,179.00,69212537029783	,订单退费转入,179.00,工单系统审核退费单-套餐已作废/钱包已清零,2026-06-02 12:34:51,SYS,
olAFl61HO_W0xj6YvoxC4gOhmyFo,0.00,	,系统扣费,25.70,用户无可退退费单，钱包清零,2026-06-02 12:19:51,SYS,
olAFl6_dnHaZYke6TMMj2fVaJVDA,0.00,69212602147235	,用户提现,69.00,用户提现-退费单RF2026053111373717342,2026-06-02 12:04:41,用户提现,
olAFl63VgIhweCa3O53UwTYIG1c8,0.00,67492442204023	,用户提现,24.40,用户提现-退费单RF2026053110003144044,2026-06-02 12:03:45,用户提现,
ojb7F2DoPmaffkirgbN-F09PJVW4,0.00,69142620028769	,用户提现,188.00,用户提现-退费单RF2026052919121782180,2026-06-02 11:59:52,用户提现,
olAFl68S8l-p_5S8PLg58cuwxmeU,0.00,70032617032207	,用户提现,112.50,用户提现-退费单RF2026060211520391134,2026-06-02 11:53:08,用户提现,
ojb7F2HtzWxvPRvZulB126_inUE0,0.00,69142620028176	,用户提现,199.00,用户提现-退费单RF2026060211515049815,2026-06-02 11:53:05,用户提现,
olAFl68S8l-p_5S8PLg58cuwxmeU,112.50,70032617032207	,订单退费转入,112.50,工单系统流量套餐退款,2026-06-02 11:52:04,SYS,
ojb7F2HtzWxvPRvZulB126_inUE0,199.00,69142620028176	,订单退费转入,199.00,工单系统流量套餐退款,2026-06-02 11:51:51,SYS,
olAFl64y_ATk1578p4Uq1FVtyzl4,0.00,864665068908370	,用户提现,51.60,用户提现-退费单RF2026060211503969481,2026-06-02 11:51:24,用户提现,
olAFl64y_ATk1578p4Uq1FVtyzl4,51.60,864665068908370	,订单退费转入,51.60,系统处理工单时转移用户余额，订单号=WS2026021518145935536,2026-06-02 11:50:40,SYS,
ojb7F2HHcsdZ36ipU2wgx-4QjdFE,0.00,68932620074919	,用户提现,659.00,用户提现-退费单RF2026060211273073294,2026-06-02 11:41:33,用户提现,
olAFl694ddaqG_meLlq99mhEwxaA,0.00,68772612355783	,用户提现,106.00,用户提现-退费单RF2026060211305301298,2026-06-02 11:32:14,用户提现,
olAFl694ddaqG_meLlq99mhEwxaA,106.00,68772612355783	,订单退费转入,106.00,工单系统流量套餐退款,2026-06-02 11:30:53,SYS,
olAFl64IKJZyAhebuI66139jl5HE,0.00,67482503243338	,用户提现,124.40,用户提现-退费单RF2026060211283251886,2026-06-02 11:30:52,用户提现,
olAFl61y-t_8jC-HGHfche3DZE7M,0.00,67492445308293	,用户提现,179.00,用户提现-退费单RF2026052003153311,2026-06-02 11:29:26,用户提现,
olAFl64IKJZyAhebuI66139jl5HE,124.40,67482503243338	,订单退费转入,124.40,系统处理工单时转移用户余额，订单号=WS2026042411264994850,2026-06-02 11:28:33,SYS,
ojb7F2HHcsdZ36ipU2wgx-4QjdFE,659.00,68932620074919	,订单退费转入,659.00,工单系统流量套餐退款 本单会员价格20.00元，不能退款,2026-06-02 11:27:31,SYS,
o4p3p64G7YNvR2-wEV0tCF_zmwJI,263.00,867921073641184	,订单退费转入,263.00,工单系统流量套餐退款,2026-06-02 11:27:28,SYS,
olAFl65UKolIifiPOJytZ8XO_67g,13.80,69212537027520	,订单退费转入,13.80,系统处理工单时转移用户余额，订单号=WS2025100814252517932,2026-06-02 11:25:38,SYS,
olAFl648Pp7gx0LCAx0irA4Tk1Dg,0.00,67002535364834	,用户提现,118.40,用户提现-退费单RF2026060211010268334,2026-06-02 11:15:48,用户提现,
olAFl64pMrw5PhdcmMKwad3XQXUQ,0.00,86132410219601	,用户提现,145.60,用户提现-退费单RF2026060203151259760,2026-06-02 11:12:51,用户提现,
olAFl67IaFtXk0dwvG19NTZ198lA,0.00,69212537028002	,用户提现,5.60,用户提现-退费单RF2026060211051851822,2026-06-02 11:05:58,用户提现,
olAFl67IaFtXk0dwvG19NTZ198lA,5.60,69212537028002	,订单退费转入,5.60,系统处理工单时转移用户余额，订单号=WS2025102009322274326,2026-06-02 11:05:19,SYS,
olAFl648Pp7gx0LCAx0irA4Tk1Dg,118.40,67002535364834	,订单退费转入,118.40,系统处理工单时转移用户余额，订单号=WS2026031620275746549,2026-06-02 11:01:03,SYS,
olAFl66bV8EST1yw3ijn7swJISpU,0.00,70032617034258	,用户提现,142.20,用户提现-退费单RF2026060210073944724,2026-06-02 10:54:42,用户提现,
olAFl61e1sLEiwNH8O_ji7A4Unv4,0.00,68772513001243	,用户提现,57.50,用户提现-退费单RF2026060210165340899,2026-06-02 10:42:28,用户提现,
ojb7F2Eh_w2ppeDs7P_h53G2IR90,199.00,67002452071126	,订单退费转入,199.00,工单系统流量套餐退款,2026-06-02 10:38:42,SYS,
olAFl6zQ_ka5cMKWBFq44OtC2ilA,0.00,864665065729779	,用户提现,95.40,用户提现-退费单RF2026060210115394578,2026-06-02 10:27:33,用户提现,
o2uAP6yoBJMiErQvi1X2PCZvWkNU,0.00,80882381	,用户提现,120.00,用户提现-退费单RF2026060210180121894,2026-06-02 10:26:07,用户提现,
o2uAP6yoBJMiErQvi1X2PCZvWkNU,120.00,80882381	,订单退费转入,120.00,工单系统流量套餐退款,2026-06-02 10:18:01,SYS,
olAFl61e1sLEiwNH8O_ji7A4Unv4,57.50,68772513001243	,订单退费转入,57.50,系统处理工单时转移用户余额，订单号=WS2025110912312017827,2026-06-02 10:16:53,SYS,
olAFl6zQ_ka5cMKWBFq44OtC2ilA,95.40,864665065729779	,订单退费转入,95.40,系统处理工单时转移用户余额，订单号=WS2026041111464973312,2026-06-02 10:11:54,SYS,
olAFl66bV8EST1yw3ijn7swJISpU,142.20,70032617034258	,订单退费转入,142.20,系统处理工单时转移用户余额，订单号=WS2026052221055562313,2026-06-02 10:07:39,SYS,
olAFl63PQk0xJKcc_c3nTtVk89Gc,0.00,67002535383530	,用户提现,98.80,用户提现-退费单RF2026060209572235719,2026-06-02 09:58:20,用户提现,
olAFl63PQk0xJKcc_c3nTtVk89Gc,98.80,67002535383530	,订单退费转入,98.80,系统处理工单时转移用户余额，订单号=WS2025101716163587920,2026-06-02 09:57:22,SYS,
olAFl6-uTkxRQK96ZjuiB9Fw6l0w,58.80,68772522033528	,订单退费转入,58.80,系统处理工单时转移用户余额，订单号=WS2025061722083384743,2026-06-02 09:48:59,SYS,
olAFl67l9P1lgXGJ_I66Icj4JG2M,0.00,68032536036174	,用户提现,49.00,用户提现-退费单RF2026060103151368372,2026-06-02 09:43:34,用户提现,
olAFl6z7J_w9xqnFwbyur76AVdRA,0.00,58812351006533	,用户提现,119.70,用户提现-退费单RF2026060209382594616,2026-06-02 09:43:33,用户提现,
olAFl6z7J_w9xqnFwbyur76AVdRA,119.70,58812351006533	,订单退费转入,119.70,工单系统流量套餐退款 本单会员价格20.00元，不能退款,2026-06-02 09:38:26,SYS,
olAFl6zzO_7Zg37bUAwNa5meXBPk,0.00,67482610411599	,用户提现,599.00,用户提现-退费单RF2026060203150178721,2026-06-02 09:37:04,用户提现,
olAFl69ggB0pnL2Ne2jSjdDjFFms,0.00,86132409214648	,用户提现,175.00,用户提现-退费单RF2026060209273562195,2026-06-02 09:29:26,用户提现,
olAFl69ggB0pnL2Ne2jSjdDjFFms,175.00,86132409214648	,订单退费转入,175.00,系统处理工单时转移用户余额，订单号=WS2026052818123168060,2026-06-02 09:27:36,SYS,
olAFl6-Xp4Pn7mGQa75g06wTyxjc,0.00,67002523279744	,用户提现,72.40,用户提现-退费单RF2026060209245800653,2026-06-02 09:25:49,用户提现,
olAFl6-Xp4Pn7mGQa75g06wTyxjc,72.40,67002523279744	,订单退费转入,72.40,系统处理工单时转移用户余额，订单号=WS2025090109353622519,2026-06-02 09:24:58,SYS,
olAFl664VqRgYvgRPQXuuebKorkY,0.00,864665065319480	,用户提现,79.00,用户提现-退费单RF2026060123082277066,2026-06-02 09:16:57,用户提现,
olAFl6zcO3pGFOl8BYGNlrpV8NnI,0.00,70032611007218	,用户提现,549.00,用户提现-退费单RF2026060110313102982,2026-06-02 09:04:09,用户提现,
olAFl69sYXjq-j1CPKWX73d0lDJM,0.00,69142620032636	,用户提现,29.00,用户提现-退费单RF2026060208534515717,2026-06-02 08:58:11,用户提现,
olAFl69sYXjq-j1CPKWX73d0lDJM,29.00,69142620032636	,订单退费转入,29.00,工单系统流量套餐退款 本单会员价格20.00元，不能退款,2026-06-02 08:53:45,SYS,
olAFl69-upnRAusbO9pcKmzUTfV4,0.00,70032611009382	,用户提现,396.00,用户提现-退费单RF2026060208391655466,2026-06-02 08:49:31,用户提现,
olAFl69-upnRAusbO9pcKmzUTfV4,396.00,70032611009382	,订单退费转入,396.00,工单系统流量套餐退款,2026-06-02 08:39:17,SYS,
olAFl69zo2vciEGdhyim9JY3B43Y,0.00,67512535269336	,用户提现,64.30,用户提现-退费单RF2026060208361038375,2026-06-02 08:37:10,用户提现,
olAFl69zo2vciEGdhyim9JY3B43Y,64.30,67512535269336	,订单退费转入,64.30,系统处理工单时转移用户余额，订单号=WS2025110322143453752 本单会员价格20.00元，不能退款,2026-06-02 08:36:10,SYS,
odELQ6qjz0SOdyD7E8a7rMOs1oMw,0.00,68832537007869	,用户提现,59.00,用户提现-退费单RF2026060203150637011,2026-06-02 08:34:33,用户提现,
olAFl6_hYlZ9ELy6qkWAT59vTuag,0.00,67512535265652	,用户提现,80.40,用户提现-退费单RF2026060208075335429,2026-06-02 08:08:59,用户提现,
olAFl6_hYlZ9ELy6qkWAT59vTuag,80.40,67512535265652	,订单退费转入,80.40,系统处理工单时转移用户余额，订单号=WS2026031815404743161,2026-06-02 08:07:53,SYS,
olAFl6_kJkwISQ2j1AaG-7LbDN38,0.00,67482513396008	,用户提现,154.60,用户提现-退费单RF2026050803154567,2026-06-02 07:54:28,用户提现,
olAFl64LT7jgOto5wsF6DtGYKFoc,0.00,68772602259129	,用户提现,74.00,用户提现-退费单RF2026053112234617180,2026-06-02 07:38:09,用户提现,
olAFl67rNcVO5gCvsGnyERFSDQ7E,0.00,68772543149431	,用户提现,136.80,用户提现-退费单RF2026060103152887331,2026-06-02 07:32:45,用户提现,
ojb7F2BUYHha5-iQ0VXuCVAKF-CA,0.00,70032611010901	,用户提现,169.00,用户提现-退费单RF2026060116490663343,2026-06-02 06:36:35,用户提现,
ojb7F2IjrbmE05Is-SclX_fFBh_I,0.00,70032617028861	,用户提现,179.00,用户提现-退费单RF2026060122562671012,2026-06-02 06:13:31,用户提现,
ojb7F2IjrbmE05Is-SclX_fFBh_I,179.00,70032617028861	,订单退费转入,179.00,工单系统审核退费单-套餐已作废/钱包已清零,2026-06-02 06:12:37,SYS,
olAFl69PBBeV_v6i5rfKlPLlYG2Q,0.00,67492602587202	,用户提现,88.00,用户提现-退费单RF2026060120415040456,2026-06-02 06:12:06,用户提现,
olAFl68Enp69krrkJbdRkUZPYNSU,0.00,68772612329999	,用户提现,112.40,用户提现-退费单RF2026060205571120226,2026-06-02 05:57:58,用户提现,
olAFl68Enp69krrkJbdRkUZPYNSU,112.40,68772612329999	,订单退费转入,112.40,系统处理工单时转移用户余额，订单号=WS2026051308383755483,2026-06-02 05:57:11,SYS,
olAFl62QJsfnNwdbRtflBDD73qPY,138.00,67482512364976	,订单退费转入,138.00,工单系统流量套餐退款 本单会员价格20.00元，不能退款,2026-06-02 04:15:03,SYS,
olAFl67UwvYnUC24IaU68Bkj4pr4,114.70,67492538517317	,订单退费转入,114.70,系统处理工单时转移用户余额，订单号=WS2025102615415553769,2026-06-02 03:15:25,SYS,
olAFl6wxXMdhph6mav_KxwTtcEgA,116.20,69212612190710	,订单退费转入,116.20,系统处理工单时转移用户余额，订单号=WS2026050205454067336,2026-06-02 03:15:24,SYS,
olAFl65622WB0bXCYyGP7gpQ2s18,179.00,69212606157640	,订单退费转入,179.00,工单系统流量套餐退款,2026-06-02 03:15:24,SYS,
olAFl62dDAIK2wjCB_MHfkUq3HOI,160.00,68052520050627	,订单退费转入,160.00,系统处理工单时转移用户余额，订单号=WS2026051209264894649,2026-06-02 03:15:24,SYS,
olAFl63thRxEc0StPwBh6jxMgTPw,131.00,68772610295736	,订单退费转入,131.00,工单系统流量套餐退款,2026-06-02 03:15:24,SYS,
olAFl6zMRiq8AASs5awMABZV2LCA,69.00,68772610296592	,订单退费转入,69.00,工单系统流量套餐退款,2026-06-02 03:15:24,SYS,
olAFl64UwadIIYvVCTy8Id5Vy9Xk,34.60,864665068096416	,订单退费转入,34.60,系统处理工单时转移用户余额，订单号=WN2025122317585447242,2026-06-02 03:15:22,SYS,
olAFl6-a7R5imOBc_jHiydHS8loc,23.00,67492445341349	,订单退费转入,23.00,系统处理工单时转移用户余额，订单号=WS2026021117420592092,2026-06-02 03:15:22,SYS,
olAFl6wTbR-AuBBhVZit7LTEv-rA,379.00,69212612182432	,订单退费转入,379.00,工单系统流量套餐退款 本单会员价格20.00元，不能退款,2026-06-02 03:15:22,SYS,
olAFl6-eYAUBaGaORY3Wrq6g9mVE,160.00,864665065385754	,订单退费转入,160.00,系统处理工单时转移用户余额，订单号=WS2026051211095937183,2026-06-02 03:15:20,SYS,
olAFl60uZeF_NB3y13PRAeeY7TDA,34.40,68772604279336	,订单退费转入,34.40,系统处理工单时转移用户余额，订单号=WS2026032220500621346,2026-06-02 03:15:19,SYS,
olAFl67aXCIbYE3YUmNS97bRGHoo,145.10,864665071490895	,订单退费转入,145.10,系统处理工单时转移用户余额，订单号=WS2025121107010059014,2026-06-02 03:15:17,SYS,
olAFl61OrH2l1WRIwS79I1zEY0vE,19.70,67512440020023	,订单退费转入,19.70,系统处理工单时转移用户余额，订单号=WS2025112108181287291 本单会员价格20.00元，不能退款,2026-06-02 03:15:17,SYS,
olAFl63SBEKQwYwrXCyPfeLEDX4M,160.00,67492538518684	,订单退费转入,160.00,系统处理工单时转移用户余额，订单号=WS2026051212200120878 本单会员价格20.00元，不能退款,2026-06-02 03:15:15,SYS,
olAFl63SBEKQwYwrXCyPfeLEDX4M,165.80,67492538518684	,订单退费转入,5.80,系统处理工单时转移用户余额，订单号=WS2025103118411662676,2026-06-02 03:15:15,SYS,
olAFl68doarbb5AISu1DU8eV4c2A,54.00,67492610673287	,订单退费转入,54.00,系统处理工单时转移用户余额，订单号=WS2026041618261802399,2026-06-02 03:15:15,SYS,
olAFl662sIBU1AbNOAhYKqvFkTsc,291.20,67482513400432	,订单退费转入,291.20,工单系统流量套餐退款,2026-06-02 03:15:15,SYS,
olAFl64pMrw5PhdcmMKwad3XQXUQ,145.60,86132410219601	,订单退费转入,145.60,系统处理工单时转移用户余额，订单号=WS2026042918530684688 本单会员价格20.00元，不能退款,2026-06-02 03:15:13,SYS,
olAFl6yZw9W6qGVXCEnb5P0vqE_Q,51.00,67002535391056	,订单退费转入,51.00,系统处理工单时转移用户余额，订单号=WS2025111910451765290,2026-06-02 03:15:12,SYS,
olAFl6wRFGC-4MAfAsILuXWm-HdI,150.30,867061070818574	,订单退费转入,150.30,系统处理工单时转移用户余额，订单号=WS2026041710154103272,2026-06-02 03:15:10,SYS,
olAFl622dVO6L29Vv-RGe3VnDaZY,94.00,70032611008051	,订单退费转入,94.00,工单系统流量套餐退款,2026-06-02 03:15:10,SYS,
olAFl62IeRq8hbBfwmarSwrSCZI4,58.00,67002509209095	,订单退费转入,58.00,工单系统审核退费单-套餐已作废/钱包已清零,2026-06-02 03:15:10,SYS,
olAFl6-fCGRVBrjJ79ULu1_XeBhk,5.80,69212537027142	,订单退费转入,5.80,系统处理工单时转移用户余额，订单号=WS2026032714504370577,2026-06-02 03:15:10,SYS,
olAFl67YHBKnmEOMoTbKp8O1De9E,94.00,69212602144048	,订单退费转入,94.00,工单系统流量套餐退款,2026-06-02 03:15:09,SYS,
olAFl67XmqoN7aiYFMsvV5muS3w4,320.00,70032611016204	,订单退费转入,320.00,工单系统流量套餐退款,2026-06-02 03:15:09,SYS,
olAFl6_GfF620ktFd-vC88oCd77E,21.00,67482512341921	,订单退费转入,21.00,工单系统流量套餐退款,2026-06-02 03:15:09,SYS,
olAFl6wb0pC3mI3f7r__d3iAdi-E,54.00,70032611006264	,订单退费转入,54.00,系统处理工单时转移用户余额，订单号=WS2026051209150439467 本单会员价格20.00元，不能退款,2026-06-02 03:15:08,SYS,
olAFl6_llvB-EipzEoxb-5tKWn6Y,160.00,67002453179764	,订单退费转入,160.00,系统处理工单时转移用户余额，订单号=WS2026041718153473063,2026-06-02 03:15:08,SYS,
olAFl6_llvB-EipzEoxb-5tKWn6Y,308.10,67002453179764	,订单退费转入,148.10,系统处理工单时转移用户余额，订单号=WS2026041715222495459 本单会员价格20.00元，不能退款,2026-06-02 03:15:08,SYS,
olAFl69ehmImC_s1NO566G6tCa5U,452.00,69212612186505	,订单退费转入,452.00,工单系统流量套餐退款 本单会员价格20.00元，不能退款,2026-06-02 03:15:08,SYS,
olAFl636JjxOXsZVcnAxtvWoXqxE,120.00,67492445316445	,订单退费转入,120.00,工单系统流量套餐退款,2026-06-02 03:15:08,SYS,
olAFl66OxkYAqvNqY10Bvv3-k8DU,73.80,67482610421191	,订单退费转入,73.80,系统处理工单时转移用户余额，订单号=WS2026051209023508559,2026-06-02 03:15:06,SYS,
olAFl6zzfmbFJbnkTTwTWN2BAbEE,159.00,58482339006782	,订单退费转入,159.00,工单系统流量套餐退款 本单会员价格20.00元，不能退款,2026-06-02 03:15:06,SYS,
olAFl66ksGS9H-a2IMxrS0fY7vos,49.10,67482453149515	,订单退费转入,49.10,系统处理工单时转移用户余额，订单号=WS2025062310574620719,2026-06-02 03:15:06,SYS,
olAFl6-cHF-HC0JiUqVS_LU-cqgU,109.00,35682312107160	,订单退费转入,109.00,工单系统流量套餐退款,2026-06-02 03:15:06,SYS,
olAFl610C2gC9pKCcLETnzH-25Pk,58.00,70032611010214	,订单退费转入,58.00,工单系统审核退费单-套餐已作废/钱包已清零,2026-06-02 03:15:06,SYS,
olAFl60zyeeZFT5vJ7cJFw70Wct0,94.00,69212612180162	,订单退费转入,94.00,工单系统流量套餐退款,2026-06-02 03:15:06,SYS,
olAFl60VI0umbHvuoB9K3Bktxp7Q,4.80,68772612326198	,订单退费转入,4.80,工单系统审核退费单-套餐已作废/钱包已清零,2026-06-02 03:15:06,SYS,
olAFl60JEXQ9wmBGTJvrlT7A42Pw,44.00,68772612325804	,订单退费转入,44.00,工单系统审核退费单-套餐已作废/钱包已清零,2026-06-02 03:15:06,SYS,
olAFl6xUI9lGtSN_V1Z_OEZVawE8,420.00,68772550201258	,订单退费转入,420.00,工单系统流量套餐退款 本单会员价格20.00元，不能退款,2026-06-02 03:15:06,SYS,
olAFl61l3NBR5SMobstZ41UgK3Uc,169.00,67492552540662	,订单退费转入,169.00,工单系统流量套餐退款 本单会员价格20.00元，不能退款,2026-06-02 03:15:06,SYS,
olAFl693kvxbZs3piNuPAdE7QKGc,420.00,67482503247201	,订单退费转入,420.00,工单系统流量套餐退款,2026-06-02 03:15:06,SYS,
olAFl69mX0A6fHRYghMIKiRiBPUI,29.00,68772612354726	,订单退费转入,29.00,工单系统流量套餐退款 本单会员价格20.00元，不能退款,2026-06-02 03:15:06,SYS,
olAFl6w2kehEhCieT0mbbDEwd8OQ,106.00,67482448039539	,订单退费转入,106.00,工单系统流量套餐退款,2026-06-02 03:15:06,SYS,
odELQ6qjz0SOdyD7E8a7rMOs1oMw,59.00,68832537007869	,订单退费转入,59.00,工单系统流量套餐退款,2026-06-02 03:15:06,SYS,
olAFl63hwhbeRjI80SJoxuEvmgmI,102.00,69212538050716	,订单退费转入,102.00,系统处理工单时转移用户余额，订单号=WS2025101511291862675,2026-06-02 03:15:04,SYS,
olAFl6-gyKNMkaZzCHtTzjDwAhUw,21.70,67482503215670	,订单退费转入,21.70,系统处理工单时转移用户余额，订单号=WS2025103023003588312,2026-06-02 03:15:04,SYS,
olAFl6zzO_7Zg37bUAwNa5meXBPk,599.00,67482610411599	,订单退费转入,599.00,工单系统流量套餐退款,2026-06-02 03:15:02,SYS,
olAFl6yLSrJWKCbzWTu6BYu7ZowM,0.00,70032611006900	,用户提现,399.00,用户提现-退费单RF2026060113104166687,2026-06-02 01:13:49,用户提现,
olAFl6w-sVFNInNh3O45WkVac9xU,0.00,60912411016465	,用户提现,84.40,用户提现-退费单RF2026060201041003799,2026-06-02 01:04:48,用户提现,
olAFl6w-sVFNInNh3O45WkVac9xU,84.40,60912411016465	,订单退费转入,84.40,系统处理工单时转移用户余额，订单号=WS2026031321122379438,2026-06-02 01:04:10,SYS,
olAFl6z-PyYsccMMknk83McD4D14,0.00,67482504270685	,用户提现,110.00,用户提现-退费单RF2026060200062136716,2026-06-02 00:06:42,用户提现,
olAFl6z-PyYsccMMknk83McD4D14,110.00,67482504270685	,订单退费转入,110.00,工单系统流量套餐退款,2026-06-02 00:06:21,SYS,
olAFl6_AeApPTv0v28eLqS-EpoZo,179.00,60912411015740	,订单退费转入,179.00,工单系统流量套餐退款 本单会员价格20.00元，不能退款,2026-06-01 23:56:46,SYS,
ojb7F2GgIzZk3TYtIgp_7z8SxAUc,0.00,70032617027343	,用户提现,188.00,用户提现-退费单RF2026052920262113965,2026-06-01 23:35:44,用户提现,
olAFl6xvFlBHInp52iPkpv0j3eI8,0.00,864665063313188	,用户提现,140.10,用户提现-退费单RF2026060123302531757,2026-06-01 23:33:39,用户提现,
olAFl6yBg6SYokZY3TC7WACVRIA4,0.00,67482512366550	,用户提现,44.60,用户提现-退费单RF2026060123324710246,2026-06-01 23:33:08,用户提现,
olAFl6yBg6SYokZY3TC7WACVRIA4,44.60,67482512366550	,订单退费转入,44.60,系统处理工单时转移用户余额，订单号=WS2025110320495941073,2026-06-01 23:32:47,SYS,
olAFl6xvFlBHInp52iPkpv0j3eI8,140.10,864665063313188	,订单退费转入,140.10,系统处理工单时转移用户余额，订单号=WS2026060123173599977,2026-06-01 23:30:25,SYS,
olAFl68PYgyILZScwn-C0oXEazxo,143.40,69142620032238	,订单退费转入,143.40,系统处理工单时转移用户余额，订单号=WS2026052812590186245,2026-06-01 23:21:02,SYS,
olAFl66r_x9nvSsEz0dvjfBrg7Sw,59.00,68032504010906	,订单退费转入,59.00,工单系统流量套餐退款,2026-06-01 23:17:42,SYS,
ojb7F2GgIzZk3TYtIgp_7z8SxAUc,188.00,70032617027343	,订单退费转入,188.00,工单系统审核退费单-套餐已作废/钱包已清零,2026-06-01 23:17:18,SYS,
olAFl60qG2WwR5yoH76KJQX2E29U,0.00,67482513394787	,用户提现,66.00,用户提现-退费单RF2026060123091831487,2026-06-01 23:10:11,用户提现,
olAFl60qG2WwR5yoH76KJQX2E29U,66.00,67482513394787	,订单退费转入,66.00,系统处理工单时转移用户余额，订单号=WS2025120909434865512,2026-06-01 23:09:18,SYS,
olAFl664VqRgYvgRPQXuuebKorkY,79.00,864665065319480	,订单退费转入,79.00,工单系统流量套餐退款,2026-06-01 23:08:23,SYS,
ojb7F2GtChtM0YEizDUkPCGuB-Tg,0.00,67492552547876	,用户提现,92.20,用户提现-退费单RF2026060122444546733,2026-06-01 22:46:20,用户提现,
olAFl6189gpPrOLm6on75sgXyhtc,0.00,69212612191463	,用户提现,92.20,用户提现-退费单RF2026060122444138672,2026-06-01 22:45:28,用户提现,
ojb7F2GtChtM0YEizDUkPCGuB-Tg,92.20,67492552547876	,订单退费转入,92.20,系统处理工单时转移用户余额，订单号=WN2026052723003095586,2026-06-01 22:44:45,SYS,
olAFl6189gpPrOLm6on75sgXyhtc,92.20,69212612191463	,订单退费转入,92.20,系统处理工单时转移用户余额，订单号=WN2026052519081597120,2026-06-01 22:44:41,SYS,
olAFl6wRHsfCJjd6R1iSReI5aiVc,0.00,35682243071072	,用户提现,49.00,用户提现-退费单RF2026052603150983111,2026-06-01 22:42:28,用户提现,
olAFl67vBJRtj11J18ZvlAre3M3c,0.00,67862539051119	,用户提现,80.00,用户提现-退费单RF2026060107592224881,2026-06-01 22:27:44,用户提现,
olAFl6ztDEro2HHtP0dpnV9LRhG8,0.00,67512535272166	,用户提现,54.00,用户提现-退费单RF2026060108165403431,2026-06-01 22:23:17,用户提现,
olAFl67b6f7KuTOy2XvI3BnHEFeg,0.00,67482610418351	,用户提现,19.00,用户提现-退费单RF2026060122200730618,2026-06-01 22:20:23,用户提现,
olAFl67b6f7KuTOy2XvI3BnHEFeg,19.00,67482610418351	,订单退费转入,19.00,工单系统流量套餐退款,2026-06-01 22:20:07,SYS,
olAFl667xquOaNS2tGOGZNIxeNnc,0.00,68772543148406	,用户提现,113.20,用户提现-退费单RF2026060103151905897,2026-06-01 22:12:34,用户提现,
olAFl687cn4qFiczIy22NbA-sr48,109.00,69142620027732	,订单退费转入,109.00,工单系统流量套餐退款 本单会员价格20.00元，不能退款,2026-06-01 22:02:11,SYS,
olAFl69ndHHzKsiF4oJi5cgNWF5g,0.00,	,系统扣费,19.00,用户无可退退费单，钱包清零,2026-06-01 22:00:34,SYS,
olAFl67E5dEzRgF3ehQaWDGojpTY,0.00,70032606000567	,用户提现,340.00,用户提现-退费单RF2026052903154054716,2026-06-01 21:58:36,用户提现,
olAFl6_h01n19Qf-uWrxpifFLK0U,58.00,67482513396471	,订单退费转入,58.00,工单系统流量套餐退款,2026-06-01 21:52:12,SYS,
olAFl60zMbJj9Aha2j_cVwhh61So,0.00,70032611011364	,用户提现,66.00,用户提现-退费单RF2026060121342218273,2026-06-01 21:43:06,用户提现,
olAFl6-BcGp_9gZKLLmbdgXD7U8Q,0.00,864665067774807	,用户提现,61.00,用户提现-退费单RF2026060121363813670,2026-06-01 21:37:06,用户提现,
olAFl6-BcGp_9gZKLLmbdgXD7U8Q,61.00,864665067774807	,订单退费转入,61.00,系统处理工单时转移用户余额，订单号=WS2025091620292063855,2026-06-01 21:36:38,SYS,
olAFl60zMbJj9Aha2j_cVwhh61So,66.00,70032611011364	,订单退费转入,66.00,工单系统流量套餐退款,2026-06-01 21:34:22,SYS,
odELQ6oM-BEvWYPD7fjMlOiB6LLM,0.00,68712535007471	,用户提现,39.90,用户提现-退费单RF2026052201263356235,2026-06-01 21:28:21,用户提现,
ojb7F2DoPmaffkirgbN-F09PJVW4,188.00,69142620028769	,订单退费转入,188.00,工单系统审核退费单-套餐已作废/钱包已清零,2026-06-01 21:25:37,SYS,
olAFl6xNht9yRDzEG-kVdrsDPFG4,0.00,69212612188665	,用户提现,121.20,用户提现-退费单RF2026060120372702874,2026-06-01 21:00:21,用户提现,
olAFl63YTCmqvZ-yYRCnyVHtp4gA,0.00,67002523289303	,用户提现,84.30,用户提现-退费单RF2026060120592330776 微信退款失败：订单已全额退款,2026-06-01 21:00:08,用户提现,
olAFl63YTCmqvZ-yYRCnyVHtp4gA,84.30,67002523289303	,订单退费转入,84.30,系统处理工单时转移用户余额，订单号=WS2026060116385895394 本单会员价格20.00元，不能退款,2026-06-01 20:59:23,SYS,
olAFl69PBBeV_v6i5rfKlPLlYG2Q,88.00,67492602587202	,订单退费转入,88.00,工单系统流量套餐退款,2026-06-01 20:41:50,SYS,
olAFl6xNht9yRDzEG-kVdrsDPFG4,121.20,69212612188665	,订单退费转入,121.20,系统处理工单时转移用户余额，订单号=WS2026051015205723584,2026-06-01 20:37:27,SYS,
olAFl690oqqBbdtMvZmEU7CQTBJY,0.00,63272416024538	,用户提现,151.60,用户提现-退费单RF2026060120205667727,2026-06-01 20:36:47,用户提现,
olAFl6yif8xRHOfW43_qxSdJYhhE,0.00,68772513002159	,用户提现,80.90,用户提现-退费单RF2026060120343198626,2026-06-01 20:35:20,用户提现,
olAFl6yif8xRHOfW43_qxSdJYhhE,80.90,68772513002159	,订单退费转入,80.90,系统处理工单时转移用户余额，订单号=WS2025111812045104526,2026-06-01 20:34:32,SYS,
olAFl6_ppTPDxXryOjAehaRxVXDY,0.00,69212612190806	,用户提现,141.20,用户提现-退费单RF2026060120272275253,2026-06-01 20:29:11,用户提现,
olAFl6_ppTPDxXryOjAehaRxVXDY,141.20,69212612190806	,订单退费转入,141.20,系统处理工单时转移用户余额，订单号=WS2026052305305575886,2026-06-01 20:27:23,SYS,
olAFl690oqqBbdtMvZmEU7CQTBJY,151.60,63272416024538	,订单退费转入,151.60,系统处理工单时转移用户余额，订单号=WS2026041021450703937,2026-06-01 20:20:57,SYS,
olAFl6_axPsldXCFXIPR9y-6W4Qo,0.00,867061070805696	,用户提现,66.00,用户提现-退费单RF2026060120030216943,2026-06-01 20:05:14,用户提现,
olAFl6_axPsldXCFXIPR9y-6W4Qo,66.00,867061070805696	,订单退费转入,66.00,系统处理工单时转移用户余额，订单号=WS2026041619120795779,2026-06-01 20:03:02,SYS,
olAFl61CafB2SS8lbipOFo4q9CBw,0.00,68772550199166	,用户提现,28.60,用户提现-退费单RF2026060119593664575,2026-06-01 20:00:22,用户提现,
olAFl61CafB2SS8lbipOFo4q9CBw,28.60,68772550199166	,订单退费转入,28.60,系统处理工单时转移用户余额，订单号=WS2026010316515046619,2026-06-01 19:59:37,SYS,
olAFl6-kfHIdZWyciGj1W4-i85vg,0.00,60912432194274	,用户提现,75.80,用户提现-退费单RF2026060119540421567,2026-06-01 19:57:23,用户提现,
olAFl6-kfHIdZWyciGj1W4-i85vg,75.80,60912432194274	,订单退费转入,75.80,系统处理工单时转移用户余额，订单号=WS2025101110173130290,2026-06-01 19:54:04,SYS,
olAFl6-ijlHUt4i6uVrZ2kfAvifk,420.00,69212606154588	,订单退费转入,420.00,工单系统流量套餐退款,2026-06-01 19:44:09,SYS,
olAFl6zRI34s7UC0RksqS_ko4WP0,0.00,864665063343821	,用户提现,147.00,用户提现-退费单RF2026060119271389623,2026-06-01 19:28:01,用户提现,
olAFl6zRI34s7UC0RksqS_ko4WP0,147.00,864665063343821	,订单退费转入,147.00,工单系统流量套餐退款 本单会员价格20.00元，不能退款,2026-06-01 19:27:14,SYS,
olAFl6-P0nbNmWdCyH615Z0ZKUTQ,0.00,67512535290718	,用户提现,114.00,用户提现-退费单RF2026051103152842,2026-06-01 19:16:56,用户提现,
olAFl6-oFGi4rn8zkdNZiELEMsh8,0.00,867061073614863	,用户提现,49.00,用户提现-退费单RF2026060118531450257,2026-06-01 19:08:17,用户提现,
olAFl66HnElHKUUduUsT3w58i9_A,0.00,67482513395702	,用户提现,117.30,用户提现-退费单RF2026050803151564,2026-06-01 19:01:14,用户提现,
olAFl66HnElHKUUduUsT3w58i9_A,117.30,67482513395702	,用户提现,180.00,用户提现-退费单RF2026050803151530,2026-06-01 19:01:13,用户提现,
olAFl64LK4cm034DPJosRxLUinVo,0.00,70032611011697	,用户提现,94.00,用户提现-退费单RF2026052903155485173,2026-06-01 18:57:55,用户提现,
olAFl6-oFGi4rn8zkdNZiELEMsh8,49.00,867061073614863	,订单退费转入,49.00,工单系统流量套餐退款,2026-06-01 18:53:15,SYS,
olAFl64_FPrN-ooeDWMnenCf_5w0,0.00,67512534238535	,用户提现,101.20,用户提现-退费单RF2026052903154237689,2026-06-01 18:48:07,用户提现,
odELQ6rzUsfqLgYcdxa-ycKg5n5I,0.00,68382513001327	,用户提现,204.00,用户提现-退费单RF2026050813355191,2026-06-01 18:46:43,用户提现,
olAFl62cNCE76VxXVlsJj_EaUPEo,0.00,68932612068537	,用户提现,39.00,用户提现-退费单RF2026052918450215737,2026-06-01 18:19:24,用户提现,
olAFl69QxnmHMYX-SDmfeAv1yzoE,0.00,67002443007968	,用户提现,57.40,用户提现-退费单RF2026060114241854261,2026-06-01 18:11:21,用户提现,
ojb7F2DenbBeiwNDS60etMbShHVo,0.00,69212536001465	,用户提现,179.00,用户提现-退费单RF2026060117550911495,2026-06-01 18:08:43,用户提现,
ojb7F2DenbBeiwNDS60etMbShHVo,179.00,69212536001465	,订单退费转入,179.00,工单系统审核退费单-套餐已作废/钱包已清零,2026-06-01 17:57:54,SYS,
olAFl61A6aNq13sp9tWUh8O5dxzo,0.00,86132411245326	,用户提现,59.90,用户提现-退费单RF2026060117333134365,2026-06-01 17:34:37,用户提现,
olAFl61A6aNq13sp9tWUh8O5dxzo,59.90,86132411245326	,订单退费转入,59.90,系统处理工单时转移用户余额，订单号=WS2026013100401247379,2026-06-01 17:33:31,SYS,
olAFl6_QogI1upeNwy6hp84ZsPjU,0.00,60912426126312	,用户提现,27.70,用户提现-退费单RF2026060117134832771,2026-06-01 17:14:11,用户提现,
olAFl6_QogI1upeNwy6hp84ZsPjU,27.70,60912426126312	,订单退费转入,27.70,系统处理工单时转移用户余额，订单号=WS2026012312130909363,2026-06-01 17:13:48,SYS,
olAFl6xZuwbX_Ph-pfFrttpXUYqs,0.00,67512440019757	,用户提现,42.40,用户提现-退费单RF2026051403151754,2026-06-01 16:58:43,用户提现,
olAFl6yxSyIyeWnTKF66hX-xPLhg,94.00,58482351168292	,订单退费转入,94.00,工单系统流量套餐退款,2026-06-01 16:56:45,SYS,
olAFl69BH_pPO5kGbYiAKeYflB6I,116.80,68772543132881	,订单退费转入,116.80,系统处理工单时转移用户余额，订单号=WS2025111616372748914,2026-06-01 16:56:38,SYS,
ojb7F2BUYHha5-iQ0VXuCVAKF-CA,169.00,70032611010901	,订单退费转入,169.00,工单系统流量套餐退款 本单会员价格20.00元，不能退款,2026-06-01 16:49:07,SYS,
olAFl61Q9VhyNX9a-Gf0negYE4kM,66.00,67512525217953	,订单退费转入,66.00,系统处理工单时转移用户余额，订单号=WS2025091508370429455,2026-06-01 16:02:00,SYS,
olAFl66V3sc_EqEwPAPmY8vmgBhE,0.00,67482503222767	,用户提现,180.00,用户提现-退费单RF2026060115141072395,2026-06-01 15:37:43,用户提现,
olAFl6-Z-1FRKat5B-SdK3TNAAQA,0.00,68772610302814	,用户提现,39.00,用户提现-退费单RF2026060111311342826,2026-06-01 15:33:42,用户提现,
olAFl65SpCOMUkOMn0hPcjCc_38Q,0.00,67482504303495	,用户提现,250.40,用户提现-退费单RF2026050603152358,2026-06-01 15:17:34,用户提现,
olAFl66V3sc_EqEwPAPmY8vmgBhE,180.00,67482503222767	,订单退费转入,180.00,系统处理工单时转移用户余额，订单号=WS2026052613562965982,2026-06-01 15:14:11,SYS,
olAFl6_Ix-kg-Na_iXHFI2iELWpE,0.00,67512445100369	,用户提现,93.00,用户提现-退费单RF2026060103151306429,2026-06-01 14:51:33,用户提现,
olAFl60cR_4zwFrqrdYCQT-SsstA,0.00,67492538519598	,用户提现,105.30,用户提现-退费单RF2026060114310594599,2026-06-01 14:31:54,用户提现,
olAFl61IUa2aYoYsgpwvvaEv2oQU,0.00,68772550199930	,用户提现,137.60,用户提现-退费单RF2026060103152295082,2026-06-01 14:31:07,用户提现,
olAFl60cR_4zwFrqrdYCQT-SsstA,105.30,67492538519598	,订单退费转入,105.30,系统处理工单时转移用户余额，订单号=WS2026051016505904252,2026-06-01 14:31:06,SYS,
olAFl64ZXKbUr-lxhNmDey5ROsrs,0.00,70032611011087	,用户提现,97.00,用户提现-退费单RF2026060114284379438,2026-06-01 14:30:09,用户提现,
olAFl64ZXKbUr-lxhNmDey5ROsrs,97.00,70032611011087	,订单退费转入,97.00,工单系统流量套餐退款,2026-06-01 14:28:44,SYS,
olAFl63M5XBAhns8k5a6ua0PQJeg,0.00,67492610678003	,用户提现,75.62,用户提现-退费单RF2026052610014904664,2026-06-01 14:28:37,用户提现,
olAFl63M5XBAhns8k5a6ua0PQJeg,75.62,67492610678003	,订单退费转入,75.62,工单系统审核退费单-套餐已作废/钱包已清零,2026-06-01 14:27:38,SYS,
olAFl69QxnmHMYX-SDmfeAv1yzoE,57.40,67002443007968	,订单退费转入,57.40,工单系统流量套餐退款 组合支付：微信退费 57.40,2026-06-01 14:24:19,SYS,
olAFl69Np0_Wbzba5GE_BjS910go,0.00,864665069554959	,用户提现,120.00,用户提现-退费单RF2026060114225514891,2026-06-01 14:23:54,用户提现,
olAFl69Np0_Wbzba5GE_BjS910go,120.00,864665069554959	,订单退费转入,120.00,工单系统流量套餐退款 本单会员价格20.00元，不能退款,2026-06-01 14:22:55,SYS,
olAFl6_7ldNjYyCdp2eirDXB3m88,0.00,69142529008156	,用户提现,88.40,用户提现-退费单RF2026060114221969938,2026-06-01 14:22:34,用户提现,
olAFl6_7ldNjYyCdp2eirDXB3m88,88.40,69142529008156	,订单退费转入,88.40,系统处理工单时转移用户余额，订单号=WS2026041318085474853,2026-06-01 14:22:20,SYS,
olAFl69cN1_SsQ2K7B6hUxmmM76w,0.00,70032611015031	,用户提现,167.00,用户提现-退费单RF2026060114194027447,2026-06-01 14:20:40,用户提现,
olAFl69cN1_SsQ2K7B6hUxmmM76w,167.00,70032611015031	,订单退费转入,167.00,工单系统流量套餐退款,2026-06-01 14:19:40,SYS,
olAFl6yPaUL-QbrM9TJXH2Dyda9w,0.00,69212538044676	,用户提现,152.20,用户提现-退费单RF2026060114103138175,2026-06-01 14:11:31,用户提现,
olAFl6zRmzB_XZotyGlqfNbGKT24,0.00,864665070211565	,用户提现,479.00,用户提现-退费单RF2026060114101877256,2026-06-01 14:11:11,用户提现,
olAFl6yPaUL-QbrM9TJXH2Dyda9w,152.20,69212538044676	,订单退费转入,152.20,系统处理工单时转移用户余额，订单号=WS2026032715302140029,2026-06-01 14:10:31,SYS,
olAFl6zRmzB_XZotyGlqfNbGKT24,479.00,864665070211565	,订单退费转入,479.00,工单系统流量套餐退款,2026-06-01 14:10:19,SYS,
olAFl6-IRCBCvTUjXE6Twxx01h4Q,0.00,67002509210494	,用户提现,9.90,用户提现-退费单RF2026060113435353940,2026-06-01 13:44:23,用户提现,
olAFl6-IRCBCvTUjXE6Twxx01h4Q,9.90,67002509210494	,订单退费转入,9.90,工单系统流量套餐退款,2026-06-01 13:43:54,SYS,
olAFl6_6q6J36WBWBiA7xRj9l3_g,0.00,60912422104148	,用户提现,14.00,用户提现-退费单RF2026060103153249599,2026-06-01 13:40:52,用户提现,
olAFl62ynFATUje1S9iE434rp1H0,0.00,69212612186945	,用户提现,549.00,用户提现-退费单RF2026052903154711289,2026-06-01 13:36:39,用户提现,
olAFl67vG3G6SD7sQ0bKCiWVtHyw,0.00,67482610424963	,用户提现,171.20,用户提现-退费单RF2026060113350269395,2026-06-01 13:36:03,用户提现,
olAFl67vG3G6SD7sQ0bKCiWVtHyw,171.20,67482610424963	,订单退费转入,171.20,系统处理工单时转移用户余额，订单号=WS2026060110441777985,2026-06-01 13:35:03,SYS,
olAFl6yLSrJWKCbzWTu6BYu7ZowM,399.00,70032611006900	,订单退费转入,399.00,工单系统流量套餐退款,2026-06-01 13:10:42,SYS,
olAFl692P5dtmsylLB9AxoO5D2LU,0.00,67482442000942	,用户提现,136.30,用户提现-退费单RF2026060103152728356,2026-06-01 13:09:35,用户提现,
olAFl67kD0jw1-689jRA84wfwOGs,137.10,69212537028564	,订单退费转入,137.10,系统处理工单时转移用户余额，订单号=WS2026050516160953110,2026-06-01 13:09:33,SYS,
olAFl68A47qOkLIGuodGekxG4UJY,0.00,70032611006408	,用户提现,188.00,用户提现-退费单RF2026060112313512014,2026-06-01 12:32:14,用户提现,
olAFl68A47qOkLIGuodGekxG4UJY,188.00,70032611006408	,订单退费转入,188.00,工单系统流量套餐退款,2026-06-01 12:31:35,SYS,
olAFl6w9ayJNpbl-chP9YLzs4c-4,0.00,67512534236824	,用户提现,32.00,用户提现-退费单RF2026060103150704590,2026-06-01 12:27:21,用户提现,
olAFl6wdmIX9rFFfkqPbVjuO4Uso,0.00,67512534243811	,用户提现,83.00,用户提现-退费单RF2026051803154460,2026-06-01 12:15:42,用户提现,
ojb7F2E_q94C_hOjvo9NkDn0EBPk,0.00,67002453182327	,用户提现,399.00,用户提现-退费单RF2026052908554067832,2026-06-01 11:59:34,用户提现,
olAFl6-Z-1FRKat5B-SdK3TNAAQA,39.00,68772610302814	,订单退费转入,39.00,工单系统流量套餐退款,2026-06-01 11:31:13,SYS,
olAFl67wmX7OQGP_3NumMOeI8yDA,0.00,69212538045650	,用户提现,160.00,用户提现-退费单RF2026052703150407069,2026-06-01 11:30:38,用户提现,
olAFl62y5d5fHYB7KH1Ba9ozaSdQ,0.00,67512443054044	,用户提现,58.70,用户提现-退费单RF2026060111290624046,2026-06-01 11:29:57,用户提现,
olAFl62y5d5fHYB7KH1Ba9ozaSdQ,58.70,67512443054044	,订单退费转入,58.70,系统处理工单时转移用户余额，订单号=WS2025121613203630020,2026-06-01 11:29:06,SYS,
olAFl6zK5q7R6C0MP-wBxgjSmlIA,0.00,70032611006970	,用户提现,46.00,用户提现-退费单RF2026060103151366284,2026-06-01 11:26:26,用户提现,
olAFl64RhFjOn7u0E6M6SEdI40Sc,0.00,68032536034130	,用户提现,53.00,用户提现-退费单RF2026060111175463718,2026-06-01 11:18:06,用户提现,
olAFl64RhFjOn7u0E6M6SEdI40Sc,53.00,68032536034130	,订单退费转入,53.00,系统处理工单时转移用户余额，订单号=WS2025121817265172418,2026-06-01 11:17:55,SYS,
olAFl669r1z_ssKr7YZMwqwE8kZE,0.00,67492509433442	,用户提现,126.10,用户提现-退费单RF2026052003151261,2026-06-01 11:16:37,用户提现,
olAFl6zExxQNXzgIoeYWjbzE1POo,0.00,67492609639968	,用户提现,102.00,用户提现-退费单RF2026060111155630450,2026-06-01 11:16:34,用户提现,
olAFl6zExxQNXzgIoeYWjbzE1POo,102.00,67492609639968	,订单退费转入,102.00,系统处理工单时转移用户余额，订单号=WS2026041517170641646,2026-06-01 11:15:56,SYS,
olAFl64iy04-LJWiPiMMaSj7wSNg,0.00,69142620030689	,用户提现,469.00,用户提现-退费单RF2026053118394229127,2026-06-01 11:15:35,用户提现,
ojb7F2HBQRCwD_RO2qXNgE8Xh_tw,0.00,70032617034361	,用户提现,141.00,用户提现-退费单RF2026060110582352851,2026-06-01 11:00:40,用户提现,
ojb7F2HBQRCwD_RO2qXNgE8Xh_tw,141.00,70032617034361	,订单退费转入,141.00,系统处理工单时转移用户余额，订单号=WS2026052208594950962,2026-06-01 10:58:24,SYS,
olAFl6-fdFMwtDvqOiHVEKbfG4OU,0.00,69142620029274	,用户提现,69.00,用户提现-退费单RF2026060110520699761,2026-06-01 10:52:31,用户提现,
olAFl6-fdFMwtDvqOiHVEKbfG4OU,69.00,69142620029274	,订单退费转入,69.00,工单系统流量套餐退款,2026-06-01 10:52:07,SYS,
olAFl6zcO3pGFOl8BYGNlrpV8NnI,549.00,70032611007218	,订单退费转入,549.00,工单系统流量套餐退款,2026-06-01 10:31:31,SYS,
olAFl6_w9ptE09p9pi9EBNkTM82w,0.00,867061070080993	,用户提现,159.00,用户提现-退费单RF2026042209371758,2026-06-01 10:31:00,用户提现,
olAFl6_6anWFnXCSRnWbU86mNq8U,0.00,68032504010577	,用户提现,34.90,用户提现-退费单RF2026060110205678491,2026-06-01 10:22:13,用户提现,
olAFl6-ARsNKjiwj37bq7bShtf7k,0.00,	,系统扣费,32.00,用户无可退退费单，钱包清零,2026-06-01 10:21:31,SYS,
olAFl6_6anWFnXCSRnWbU86mNq8U,34.90,68032504010577	,订单退费转入,34.90,系统处理工单时转移用户余额，订单号=WS2026012321081567476,2026-06-01 10:20:57,SYS,
olAFl63zwAH1kb5ZxyfSKLlErevs,0.00,70032617027466	,用户提现,134.00,用户提现-退费单RF2026060110084327938,2026-06-01 10:09:22,用户提现,
olAFl63zwAH1kb5ZxyfSKLlErevs,134.00,70032617027466	,订单退费转入,134.00,系统处理工单时转移用户余额，订单号=WS2026052618200545460,2026-06-01 10:08:43,SYS,
olAFl60M11OJfW4ODjxH6ljLdwlU,0.00,67492507397165	,用户提现,46.00,用户提现-退费单RF2026051119521638,2026-06-01 10:07:13,用户提现,
olAFl66ll2vEWTTYE13rcQCpijls,0.00,67002447028152	,用户提现,147.90,用户提现-退费单RF2026053019391501380,2026-06-01 10:07:06,用户提现,
olAFl6wgL_pzPMO1l5jjV0onilYY,94.00,867061073610879	,订单退费转入,94.00,工单系统流量套餐退款,2026-06-01 10:05:18,SYS,
olAFl6ylG5Q1WJ8JIGztLtdZ-zV4,0.00,67002509220377	,用户提现,129.00,用户提现-退费单RF2026051019481159,2026-06-01 10:01:01,用户提现,
ojb7F2K_ymHqG-i6D93XZeTZPDLc,0.00,67482610424728	,用户提现,39.00,用户提现-退费单RF2026060109250898676,2026-06-01 09:28:50,用户提现,
ojb7F2K_ymHqG-i6D93XZeTZPDLc,39.00,67482610424728	,订单退费转入,39.00,工单系统流量套餐退款,2026-06-01 09:25:09,SYS,
olAFl67UzNF9hF4-iBenOpJa-iPI,0.00,70032611009201	,用户提现,172.20,用户提现-退费单RF2026060109112479814,2026-06-01 09:12:05,用户提现,
olAFl67UzNF9hF4-iBenOpJa-iPI,172.20,70032611009201	,订单退费转入,172.20,系统处理工单时转移用户余额，订单号=WS2026060100203352577,2026-06-01 09:11:25,SYS,
o2uAP698FeCUEEhQjg98a_jf6-Co,0.00,328804112	,用户提现,241.00,用户提现-退费单RF2026052603152688257,2026-06-01 09:08:26,用户提现,
olAFl6-iTJmcWZ0kTNz7sV-IHtwA,0.00,67482610412020	,用户提现,160.00,用户提现-退费单RF2026052503151525661,2026-06-01 08:34:53,用户提现,
olAFl6-7Wm_V5ZIxTV1XZF72VOcU,0.00,68772539120102	,用户提现,96.30,用户提现-退费单RF2026060103152289021,2026-06-01 08:32:19,用户提现,
olAFl66hQmflaAK6OLKTVMh_Ndss,122.20,70032611015482	,订单退费转入,122.20,系统处理工单时转移用户余额，订单号=WS2026051819254922725,2026-06-01 08:24:13,SYS,
olAFl6ztDEro2HHtP0dpnV9LRhG8,54.00,67512535272166	,订单退费转入,54.00,系统处理工单时转移用户余额，订单号=WS2025102811172309370,2026-06-01 08:16:54,SYS,
olAFl67vBJRtj11J18ZvlAre3M3c,80.00,67862539051119	,订单退费转入,80.00,工单系统流量套餐退款,2026-06-01 07:59:22,SYS,
olAFl65HiAS2HzZ9-GzypgGSwwhI,0.00,69142620032854	,用户提现,100.00,用户提现-退费单RF2026053121012098845,2026-06-01 07:45:45,用户提现,
olAFl68IDjGUL5IB254JZCTVcW2c,61.00,67512535271477	,订单退费转入,61.00,工单系统流量套餐退款,2026-06-01 07:11:24,SYS,
olAFl61viHumRnFVSQNmzOy3Wk3o,0.00,67512440008261	,用户提现,68.60,用户提现-退费单RF2026060107085334829,2026-06-01 07:09:54,用户提现,
olAFl61viHumRnFVSQNmzOy3Wk3o,68.60,67512440008261	,订单退费转入,68.60,系统处理工单时转移用户余额，订单号=WS2025091219295658141,2026-06-01 07:08:53,SYS,
olAFl604I57vPb8Wxe7TRPWdlB08,0.00,69212544103126	,用户提现,435.00,用户提现-退费单RF2026052903153413764,2026-06-01 07:02:26,用户提现,
olAFl65qoDERz4-dlqfqPX9t7ZsY,0.00,69142529009783	,用户提现,28.80,用户提现-退费单RF2026060103152919090,2026-06-01 06:48:03,用户提现,
olAFl69kt_2S6H-lYELzXTfp94_k,0.00,58482343098314	,用户提现,69.00,用户提现-退费单RF2026060106305529698,2026-06-01 06:40:09,用户提现,
olAFl69kt_2S6H-lYELzXTfp94_k,69.00,58482343098314	,订单退费转入,69.00,工单系统流量套餐退款,2026-06-01 06:30:55,SYS,
olAFl66k5v_XomjCTGcCFZpOXON4,0.00,67492509434585	,用户提现,102.10,用户提现-退费单RF2026060101391015322,2026-06-01 06:27:20,用户提现,
olAFl67Xa9c5Oo4sT04OkBDHSI1Y,216.80,67492538520461	,订单退费转入,216.80,系统处理工单时转移用户余额，订单号=WS2025101915413597744,2026-06-01 03:15:33,SYS,
olAFl63bmo0yn1wxgjqz-hsx57kc,58.30,67512535261627	,订单退费转入,58.30,系统处理工单时转移用户余额，订单号=WS2025102913364932331,2026-06-01 03:15:32,SYS,
olAFl6_6q6J36WBWBiA7xRj9l3_g,14.00,60912422104148	,订单退费转入,14.00,工单系统流量套餐退款,2026-06-01 03:15:32,SYS,
olAFl6wZvqdBeeZDj97mm5mDIf7M,68.40,67002447029111	,订单退费转入,68.40,系统处理工单时转移用户余额，订单号=WN2026031416023757873,2026-06-01 03:15:31,SYS,
olAFl6388zccm9k2ZnsoaJYgpCGs,127.60,67482503241140	,订单退费转入,127.60,系统处理工单时转移用户余额，订单号=WS2026032217351469147,2026-06-01 03:15:31,SYS,
odELQ6nBsjdBcBOSkh8o1VazOfhM,29.90,68832532006087	,订单退费转入,29.90,工单系统审核退费单-套餐已作废/钱包已清零,2026-06-01 03:15:31,SYS,
olAFl61U67zXHslQ0W5Tr4YTBcUw,469.00,69212612177874	,订单退费转入,469.00,工单系统流量套餐退款,2026-06-01 03:15:31,SYS,
olAFl67rNcVO5gCvsGnyERFSDQ7E,136.80,68772543149431	,订单退费转入,136.80,系统处理工单时转移用户余额，订单号=WS2026010412210089578,2026-06-01 03:15:29,SYS,
olAFl65qoDERz4-dlqfqPX9t7ZsY,28.80,69142529009783	,订单退费转入,28.80,系统处理工单时转移用户余额，订单号=WN2025083021140525295,2026-06-01 03:15:29,SYS,
odELQ6ofVdAXVuJa-jRL7dlqCMJk,39.90,68832532005521	,订单退费转入,39.90,工单系统流量套餐退款,2026-06-01 03:15:29,SYS,
olAFl66zz3JsuwbclMcmvbIL2TEc,160.00,67002453175524	,订单退费转入,160.00,系统处理工单时转移用户余额，订单号=WS2026051110524387287,2026-06-01 03:15:27,SYS,
olAFl692P5dtmsylLB9AxoO5D2LU,136.30,67482442000942	,订单退费转入,136.30,系统处理工单时转移用户余额，订单号=WS2025111218155392125,2026-06-01 03:15:27,SYS,
odELQ6oOYDnCC3hhgJR5mUhX7sJ0,101.00,68772612334525	,订单退费转入,101.00,工单系统流量套餐退款,2026-06-01 03:15:27,SYS,
olAFl6_21LGUGPxZ_COJWB-HmOc0,102.80,69142529006014	,订单退费转入,102.80,系统处理工单时转移用户余额，订单号=WS2026020100071911339,2026-06-01 03:15:25,SYS,
olAFl63hH6SL_wZSa6eryz3B3s2w,50.80,67492445346598	,订单退费转入,50.80,系统处理工单时转移用户余额，订单号=WS2025072512025385947,2026-06-01 03:15:25,SYS,
olAFl61FCMjg7lokoIlX-Nl2IfKY,98.00,67002443008771	,订单退费转入,98.00,工单系统流量套餐退款 本单会员价格20.00元，不能退款,2026-06-01 03:15:25,SYS,
olAFl6-7Wm_V5ZIxTV1XZF72VOcU,96.30,68772539120102	,订单退费转入,96.30,系统处理工单时转移用户余额，订单号=WS2025122911302084452,2026-06-01 03:15:23,SYS,
olAFl62Q-_Isv0gV_c2M3gmRN6gc,179.00,67492508414763	,订单退费转入,179.00,工单系统流量套餐退款 本单会员价格20.00元，不能退款,2026-06-01 03:15:23,SYS,
olAFl61IUa2aYoYsgpwvvaEv2oQU,137.60,68772550199930	,订单退费转入,137.60,系统处理工单时转移用户余额，订单号=WS2026011623433347132,2026-06-01 03:15:23,SYS,
olAFl680r0ogwifJgk8Tx47ZSEmA,101.20,67492609640003	,订单退费转入,101.20,系统处理工单时转移用户余额，订单号=WS2026050512281252527,2026-06-01 03:15:21,SYS,
odELQ6vOin2_89wlDmBx3LNzTvGU,239.00,68832532005204	,订单退费转入,239.00,工单系统流量套餐退款 本单会员价格20.00元，不能退款,2026-06-01 03:15:21,SYS,
olAFl69Piatgewu3RqSSrUgpExF0,25.00,67002535383337	,订单退费转入,25.00,系统处理工单时转移用户余额，订单号=WS2025122822090806437,2026-06-01 03:15:21,SYS,
olAFl64TqhU5gtXeP3ZoyUFLfKDs,94.00,67512443069321	,订单退费转入,94.00,工单系统流量套餐退款 本单会员价格20.00元，不能退款,2026-06-01 03:15:21,SYS,
olAFl6-2u-hlkLfwoRBvPoj_Ud2Q,100.30,67492445302703	,订单退费转入,100.30,系统处理工单时转移用户余额，订单号=WS2026030717230285180,2026-06-01 03:15:19,SYS,
olAFl667xquOaNS2tGOGZNIxeNnc,113.20,68772543148406	,订单退费转入,113.20,系统处理工单时转移用户余额，订单号=WS2025121513233758334,2026-06-01 03:15:19,SYS,
olAFl65JidoKZusksJZXmSHw-Vw4,105.80,69212606155963	,订单退费转入,105.80,系统处理工单时转移用户余额，订单号=WS2026030713104571966,2026-06-01 03:15:17,SYS,
olAFl6_3aL_Nq35SW0E6O3O6h-Ho,0.70,67492602584993	,订单退费转入,0.70,工单系统审核退费单-套餐已作废/钱包已清零,2026-06-01 03:15:17,SYS,
olAFl6w-LsrDYrw7JsjPKfhzBxFU,144.60,68772602248408	,订单退费转入,144.60,系统处理工单时转移用户余额，订单号=WS2026020713445898325,2026-06-01 03:15:17,SYS,
olAFl6-E2gbaw8JMpnW8NcztvmiY,90.20,86132347129474	,订单退费转入,90.20,系统处理工单时转移用户余额，订单号=WS2026010219523948883,2026-06-01 03:15:15,SYS,
olAFl60M11OJfW4ODjxH6ljLdwlU,46.00,67492507397165	,订单退费转入,46.00,工单系统审核退费单-套餐已作废/钱包已清零,2026-06-01 03:15:15,SYS,
olAFl6xBDJwIbDObsiXW85uMsw_k,3.80,864665069861800	,订单退费转入,3.80,系统处理工单时转移用户余额，订单号=WS2025120710413297141,2026-06-01 03:15:15,SYS,
olAFl68AFE4ynKfvBW4WLVro-zKg,250.00,864665064526655	,订单退费转入,250.00,工单系统流量套餐退款 本单会员价格20.00元，不能退款,2026-06-01 03:15:15,SYS,
olAFl6_MnP7ebQR-TDBZ3NqmX8ZQ,160.00,70032611011942	,订单退费转入,160.00,系统处理工单时转移用户余额，订单号=WS2026050920291346166,2026-06-01 03:15:14,SYS,
olAFl62r2KT-phJJptmYKIjpYwlw,69.00,69142523000961	,订单退费转入,69.00,工单系统流量套餐退款,2026-06-01 03:15:14,SYS,
olAFl6zK5q7R6C0MP-wBxgjSmlIA,46.00,70032611006970	,订单退费转入,46.00,工单系统流量套餐退款,2026-06-01 03:15:14,SYS,
olAFl67l9P1lgXGJ_I66Icj4JG2M,49.00,68032536036174	,订单退费转入,49.00,工单系统流量套餐退款,2026-06-01 03:15:14,SYS,
olAFl6_Ix-kg-Na_iXHFI2iELWpE,93.00,67512445100369	,订单退费转入,93.00,系统处理工单时转移用户余额，订单号=WS2025102317260903031,2026-06-01 03:15:13,SYS,
olAFl61u02COtpJyZSEgjEpjbCvM,11.10,67482512341047	,订单退费转入,11.10,系统处理工单时转移用户余额，订单号=WS2025082618094269836,2026-06-01 03:15:11,SYS,
olAFl65QJhdzSxsCzNsb-cSy6XFw,5.20,864665064523140	,订单退费转入,5.20,系统处理工单时转移用户余额，订单号=WS2025111112464453739,2026-06-01 03:15:11,SYS,
olAFl65WZY3oSweLVzdlbz83pSCQ,46.80,60912422111328	,订单退费转入,46.80,系统处理工单时转移用户余额，订单号=WS2025090210242115960,2026-06-01 03:15:09,SYS,
olAFl608MmgWtEvqqfNElkDzkZbY,106.00,60912414052608	,订单退费转入,106.00,工单系统审核退费单-套餐已作废/钱包已清零,2026-06-01 03:15:09,SYS,
olAFl62aTSza3btD9OzD58HFjgMY,149.20,67512534243844	,订单退费转入,149.20,系统处理工单时转移用户余额，订单号=WS2026042114131881927 本单会员价格20.00元，不能退款,2026-06-01 03:15:09,SYS,
olAFl6yOylvtnu_-qb5Fm-KNNenI,469.00,67512525202747	,订单退费转入,469.00,工单系统审核退费单-套餐已作废/钱包已清零,2026-06-01 03:15:09,SYS,
olAFl625VMaFC-9RqnXh_yQPRuGY,39.00,69212544101841	,订单退费转入,39.00,工单系统流量套餐退款,2026-06-01 03:15:09,SYS,
olAFl634tr4YiDy008SSLnjwTt84,44.80,68032504011318	,订单退费转入,44.80,系统处理工单时转移用户余额，订单号=WS2026040113355909164,2026-06-01 03:15:07,SYS,
olAFl6w9ayJNpbl-chP9YLzs4c-4,32.00,67512534236824	,订单退费转入,32.00,系统处理工单时转移用户余额，订单号=WS2025090817073440750,2026-06-01 03:15:07,SYS,
olAFl69OtUm1CAjNU05MTwOpjDBQ,169.00,67482513401518	,订单退费转入,169.00,工单系统流量套餐退款 本单会员价格20.00元，不能退款,2026-06-01 03:15:07,SYS,
olAFl69PSjmr_N1MCuLrMSXEBCVo,74.80,67482454164915	,订单退费转入,74.80,系统处理工单时转移用户余额，订单号=WS2026013109205189888,2026-06-01 03:15:05,SYS,
olAFl6_gmH0ioidC9e2M7STaGEzI,150.40,68772604273342	,订单退费转入,150.40,系统处理工单时转移用户余额，订单号=WS2026030918344258982,2026-06-01 03:15:05,SYS,
olAFl69b6yY1AGmxotv-dMmp09tE,49.00,67482448033102	,订单退费转入,49.00,工单系统流量套餐退款,2026-06-01 03:15:05,SYS,
odELQ6gC0C9GrKHr4_EPbgzpjHAE,140.00,67682513021363	,订单退费转入,140.00,工单系统流量套餐退款 本单会员价格20.00元，不能退款,2026-06-01 03:15:05,SYS,
oyoJU7HdTnq7mQmZm6qFy-hofu6k,216.65,86002606016526	,订单退费转入,216.65,工单系统流量套餐退款,2026-06-01 03:15:05,SYS,
olAFl69_6w8ycdfRirLwusx3G9-g,99.00,864665065447448	,订单退费转入,99.00,工单系统审核退费单-套餐已作废/钱包已清零,2026-06-01 03:15:05,SYS,
olAFl60YqatrRk5WbRrSrWuyXXug,0.00,67002447023627	,用户提现,43.00,用户提现-退费单RF2026060102112045272,2026-06-01 02:11:58,用户提现,
olAFl60YqatrRk5WbRrSrWuyXXug,43.00,67002447023627	,订单退费转入,43.00,系统处理工单时转移用户余额，订单号=WS2026010113472415052,2026-06-01 02:11:20,SYS,
ojb7F2IpmUtzKcDeKGGiYMU4hDik,172.20,67482610417765	,订单退费转入,172.20,系统处理工单时转移用户余额，订单号=WS2026053102185089612,2026-06-01 02:00:48,SYS,
ojb7F2HwzuF4mMLdsapCzzcwNjuA,99.00,69142620025033	,订单退费转入,99.00,工单系统流量套餐退款,2026-06-01 01:51:18,SYS,
olAFl66k5v_XomjCTGcCFZpOXON4,102.10,67492509434585	,订单退费转入,102.10,工单系统流量套餐退款 组合支付：微信退费 102.10,2026-06-01 01:39:10,SYS,
olAFl63SkrCE72DeLVEoZSAlD5-Q,110.00,69212606155948	,订单退费转入,110.00,工单系统流量套餐退款,2026-06-01 00:32:51,SYS,
